year,constructorRef,driverId,surname,points
2008,mclaren,1,Hamilton,10.0
2008,bmw_sauber,2,Heidfeld,8.0
2008,williams,3,Rosberg,6.0
2008,renault,4,Alonso,5.0
2008,mclaren,5,Kovalainen,4.0
2008,williams,6,Nakajima,3.0
2008,toro_rosso,7,Bourdais,2.0
2008,ferrari,8,Räikkönen,1.0
2008,bmw_sauber,9,Kubica,0.0
2008,toyota,10,Glock,0.0
2008,super_aguri,11,Sato,0.0
2008,renault,12,Piquet Jr.,0.0
2008,ferrari,13,Massa,0.0
2008,red_bull,14,Coulthard,0.0
2008,toyota,15,Trulli,0.0
2008,force_india,16,Sutil,0.0
2008,red_bull,17,Webber,0.0
2008,honda,18,Button,0.0
2008,super_aguri,19,Davidson,0.0
2008,toro_rosso,20,Vettel,0.0
2008,force_india,21,Fisichella,0.0
2008,honda,22,Barrichello,0.0
2008,ferrari,8,Räikkönen,10.0
2008,bmw_sauber,9,Kubica,8.0
2008,mclaren,5,Kovalainen,6.0
2008,toyota,15,Trulli,5.0
2008,mclaren,1,Hamilton,4.0
2008,bmw_sauber,2,Heidfeld,3.0
2008,red_bull,17,Webber,2.0
2008,renault,4,Alonso,1.0
2008,red_bull,14,Coulthard,0.0
2008,honda,18,Button,0.0
2008,renault,12,Piquet Jr.,0.0
2008,force_india,21,Fisichella,0.0
2008,honda,22,Barrichello,0.0
2008,williams,3,Rosberg,0.0
2008,super_aguri,19,Davidson,0.0
2008,super_aguri,11,Sato,0.0
2008,williams,6,Nakajima,0.0
2008,toro_rosso,20,Vettel,0.0
2008,ferrari,13,Massa,0.0
2008,force_india,16,Sutil,0.0
2008,toyota,10,Glock,0.0
2008,toro_rosso,7,Bourdais,0.0
2008,ferrari,13,Massa,10.0
2008,ferrari,8,Räikkönen,8.0
2008,bmw_sauber,9,Kubica,6.0
2008,bmw_sauber,2,Heidfeld,5.0
2008,mclaren,5,Kovalainen,4.0
2008,toyota,15,Trulli,3.0
2008,red_bull,17,Webber,2.0
2008,williams,3,Rosberg,1.0
2008,toyota,10,Glock,0.0
2008,renault,4,Alonso,0.0
2008,honda,22,Barrichello,0.0
2008,force_india,21,Fisichella,0.0
2008,mclaren,1,Hamilton,0.0
2008,williams,6,Nakajima,0.0
2008,toro_rosso,7,Bourdais,0.0
2008,super_aguri,19,Davidson,0.0
2008,super_aguri,11,Sato,0.0
2008,red_bull,14,Coulthard,0.0
2008,force_india,16,Sutil,0.0
2008,renault,12,Piquet Jr.,0.0
2008,honda,18,Button,0.0
2008,toro_rosso,20,Vettel,0.0
2008,ferrari,8,Räikkönen,10.0
2008,ferrari,13,Massa,8.0
2008,mclaren,1,Hamilton,6.0
2008,bmw_sauber,9,Kubica,5.0
2008,red_bull,17,Webber,4.0
2008,honda,18,Button,3.0
2008,williams,6,Nakajima,2.0
2008,toyota,15,Trulli,1.0
2008,bmw_sauber,2,Heidfeld,0.0
2008,force_india,21,Fisichella,0.0
2008,toyota,10,Glock,0.0
2008,red_bull,14,Coulthard,0.0
2008,super_aguri,11,Sato,0.0
2008,williams,3,Rosberg,0.0
2008,renault,4,Alonso,0.0
2008,honda,22,Barrichello,0.0
2008,mclaren,5,Kovalainen,0.0
2008,super_aguri,19,Davidson,0.0
2008,toro_rosso,7,Bourdais,0.0
2008,renault,12,Piquet Jr.,0.0
2008,force_india,16,Sutil,0.0
2008,toro_rosso,20,Vettel,0.0
2008,ferrari,13,Massa,10.0
2008,mclaren,1,Hamilton,8.0
2008,ferrari,8,Räikkönen,6.0
2008,bmw_sauber,9,Kubica,5.0
2008,bmw_sauber,2,Heidfeld,4.0
2008,renault,4,Alonso,3.0
2008,red_bull,17,Webber,2.0
2008,williams,3,Rosberg,1.0
2008,red_bull,14,Coulthard,0.0
2008,toyota,15,Trulli,0.0
2008,honda,18,Button,0.0
2008,mclaren,5,Kovalainen,0.0
2008,toyota,10,Glock,0.0
2008,honda,22,Barrichello,0.0
2008,renault,12,Piquet Jr.,0.0
2008,force_india,16,Sutil,0.0
2008,toro_rosso,20,Vettel,0.0
2008,toro_rosso,7,Bourdais,0.0
2008,williams,6,Nakajima,0.0
2008,force_india,21,Fisichella,0.0
2008,mclaren,1,Hamilton,10.0
2008,bmw_sauber,9,Kubica,8.0
2008,ferrari,13,Massa,6.0
2008,red_bull,17,Webber,5.0
2008,toro_rosso,20,Vettel,4.0
2008,honda,22,Barrichello,3.0
2008,williams,6,Nakajima,2.0
2008,mclaren,5,Kovalainen,1.0
2008,ferrari,8,Räikkönen,0.0
2008,renault,4,Alonso,0.0
2008,honda,18,Button,0.0
2008,toyota,10,Glock,0.0
2008,toyota,15,Trulli,0.0
2008,bmw_sauber,2,Heidfeld,0.0
2008,force_india,16,Sutil,0.0
2008,williams,3,Rosberg,0.0
2008,renault,12,Piquet Jr.,0.0
2008,force_india,21,Fisichella,0.0
2008,red_bull,14,Coulthard,0.0
2008,toro_rosso,7,Bourdais,0.0
2008,bmw_sauber,9,Kubica,10.0
2008,bmw_sauber,2,Heidfeld,8.0
2008,red_bull,14,Coulthard,6.0
2008,toyota,10,Glock,5.0
2008,ferrari,13,Massa,4.0
2008,toyota,15,Trulli,3.0
2008,honda,22,Barrichello,2.0
2008,toro_rosso,20,Vettel,1.0
2008,mclaren,5,Kovalainen,0.0
2008,williams,3,Rosberg,0.0
2008,honda,18,Button,0.0
2008,red_bull,17,Webber,0.0
2008,toro_rosso,7,Bourdais,0.0
2008,force_india,21,Fisichella,0.0
2008,williams,6,Nakajima,0.0
2008,renault,4,Alonso,0.0
2008,renault,12,Piquet Jr.,0.0
2008,ferrari,8,Räikkönen,0.0
2008,mclaren,1,Hamilton,0.0
2008,force_india,16,Sutil,0.0
2008,ferrari,13,Massa,10.0
2008,ferrari,8,Räikkönen,8.0
2008,toyota,15,Trulli,6.0
2008,mclaren,5,Kovalainen,5.0
2008,bmw_sauber,9,Kubica,4.0
2008,red_bull,17,Webber,3.0
2008,renault,12,Piquet Jr.,2.0
2008,renault,4,Alonso,1.0
2008,red_bull,14,Coulthard,0.0
2008,mclaren,1,Hamilton,0.0
2008,toyota,10,Glock,0.0
2008,toro_rosso,20,Vettel,0.0
2008,bmw_sauber,2,Heidfeld,0.0
2008,honda,22,Barrichello,0.0
2008,williams,6,Nakajima,0.0
2008,williams,3,Rosberg,0.0
2008,toro_rosso,7,Bourdais,0.0
2008,force_india,21,Fisichella,0.0
2008,force_india,16,Sutil,0.0
2008,honda,18,Button,0.0
2008,mclaren,1,Hamilton,10.0
2008,bmw_sauber,2,Heidfeld,8.0
2008,honda,22,Barrichello,6.0
2008,ferrari,8,Räikkönen,5.0
2008,mclaren,5,Kovalainen,4.0
2008,renault,4,Alonso,3.0
2008,toyota,15,Trulli,2.0
2008,williams,6,Nakajima,1.0
2008,williams,3,Rosberg,0.0
2008,red_bull,17,Webber,0.0
2008,toro_rosso,7,Bourdais,0.0
2008,toyota,10,Glock,0.0
2008,ferrari,13,Massa,0.0
2008,bmw_sauber,9,Kubica,0.0
2008,honda,18,Button,0.0
2008,renault,12,Piquet Jr.,0.0
2008,force_india,21,Fisichella,0.0
2008,force_india,16,Sutil,0.0
2008,toro_rosso,20,Vettel,0.0
2008,red_bull,14,Coulthard,0.0
2008,mclaren,1,Hamilton,10.0
2008,renault,12,Piquet Jr.,8.0
2008,ferrari,13,Massa,6.0
2008,bmw_sauber,2,Heidfeld,5.0
2008,mclaren,5,Kovalainen,4.0
2008,ferrari,8,Räikkönen,3.0
2008,bmw_sauber,9,Kubica,2.0
2008,toro_rosso,20,Vettel,1.0
2008,toyota,15,Trulli,0.0
2008,williams,3,Rosberg,0.0
2008,renault,4,Alonso,0.0
2008,toro_rosso,7,Bourdais,0.0
2008,red_bull,14,Coulthard,0.0
2008,williams,6,Nakajima,0.0
2008,force_india,16,Sutil,0.0
2008,force_india,21,Fisichella,0.0
2008,honda,18,Button,0.0
2008,honda,22,Barrichello,0.0
2008,red_bull,17,Webber,0.0
2008,toyota,10,Glock,0.0
2008,mclaren,5,Kovalainen,10.0
2008,toyota,10,Glock,8.0
2008,ferrari,8,Räikkönen,6.0
2008,renault,4,Alonso,5.0
2008,mclaren,1,Hamilton,4.0
2008,renault,12,Piquet Jr.,3.0
2008,toyota,15,Trulli,2.0
2008,bmw_sauber,9,Kubica,1.0
2008,red_bull,17,Webber,0.0
2008,bmw_sauber,2,Heidfeld,0.0
2008,red_bull,14,Coulthard,0.0
2008,honda,18,Button,0.0
2008,williams,6,Nakajima,0.0
2008,williams,3,Rosberg,0.0
2008,force_india,21,Fisichella,0.0
2008,honda,22,Barrichello,0.0
2008,ferrari,13,Massa,0.0
2008,toro_rosso,7,Bourdais,0.0
2008,force_india,16,Sutil,0.0
2008,toro_rosso,20,Vettel,0.0
2008,ferrari,13,Massa,10.0
2008,mclaren,1,Hamilton,8.0
2008,bmw_sauber,9,Kubica,6.0
2008,mclaren,5,Kovalainen,5.0
2008,toyota,15,Trulli,4.0
2008,toro_rosso,20,Vettel,3.0
2008,toyota,10,Glock,2.0
2008,williams,3,Rosberg,1.0
2008,bmw_sauber,2,Heidfeld,0.0
2008,toro_rosso,7,Bourdais,0.0
2008,renault,12,Piquet Jr.,0.0
2008,red_bull,17,Webber,0.0
2008,honda,18,Button,0.0
2008,force_india,21,Fisichella,0.0
2008,williams,6,Nakajima,0.0
2008,honda,22,Barrichello,0.0
2008,red_bull,14,Coulthard,0.0
2008,ferrari,8,Räikkönen,0.0
2008,force_india,16,Sutil,0.0
2008,renault,4,Alonso,0.0
2008,ferrari,13,Massa,10.0
2008,bmw_sauber,2,Heidfeld,8.0
2008,mclaren,1,Hamilton,6.0
2008,renault,4,Alonso,5.0
2008,toro_rosso,20,Vettel,4.0
2008,bmw_sauber,9,Kubica,3.0
2008,toro_rosso,7,Bourdais,2.0
2008,red_bull,17,Webber,1.0
2008,toyota,10,Glock,0.0
2008,mclaren,5,Kovalainen,0.0
2008,red_bull,14,Coulthard,0.0
2008,williams,3,Rosberg,0.0
2008,force_india,16,Sutil,0.0
2008,williams,6,Nakajima,0.0
2008,honda,18,Button,0.0
2008,toyota,15,Trulli,0.0
2008,force_india,21,Fisichella,0.0
2008,ferrari,8,Räikkönen,0.0
2008,honda,22,Barrichello,0.0
2008,renault,12,Piquet Jr.,0.0
2008,toro_rosso,20,Vettel,10.0
2008,mclaren,5,Kovalainen,8.0
2008,bmw_sauber,9,Kubica,6.0
2008,renault,4,Alonso,5.0
2008,bmw_sauber,2,Heidfeld,4.0
2008,ferrari,13,Massa,3.0
2008,mclaren,1,Hamilton,2.0
2008,red_bull,17,Webber,1.0
2008,ferrari,8,Räikkönen,0.0
2008,renault,12,Piquet Jr.,0.0
2008,toyota,10,Glock,0.0
2008,williams,6,Nakajima,0.0
2008,toyota,15,Trulli,0.0
2008,williams,3,Rosberg,0.0
2008,honda,18,Button,0.0
2008,red_bull,14,Coulthard,0.0
2008,honda,22,Barrichello,0.0
2008,toro_rosso,7,Bourdais,0.0
2008,force_india,16,Sutil,0.0
2008,force_india,21,Fisichella,0.0
2008,renault,4,Alonso,10.0
2008,williams,3,Rosberg,8.0
2008,mclaren,1,Hamilton,6.0
2008,toyota,10,Glock,5.0
2008,toro_rosso,20,Vettel,4.0
2008,bmw_sauber,2,Heidfeld,3.0
2008,red_bull,14,Coulthard,2.0
2008,williams,6,Nakajima,1.0
2008,honda,18,Button,0.0
2008,mclaren,5,Kovalainen,0.0
2008,bmw_sauber,9,Kubica,0.0
2008,toro_rosso,7,Bourdais,0.0
2008,ferrari,13,Massa,0.0
2008,force_india,21,Fisichella,0.0
2008,ferrari,8,Räikkönen,0.0
2008,toyota,15,Trulli,0.0
2008,force_india,16,Sutil,0.0
2008,red_bull,17,Webber,0.0
2008,honda,22,Barrichello,0.0
2008,renault,12,Piquet Jr.,0.0
2008,renault,4,Alonso,10.0
2008,bmw_sauber,9,Kubica,8.0
2008,ferrari,8,Räikkönen,6.0
2008,renault,12,Piquet Jr.,5.0
2008,toyota,15,Trulli,4.0
2008,toro_rosso,20,Vettel,3.0
2008,ferrari,13,Massa,2.0
2008,red_bull,17,Webber,1.0
2008,bmw_sauber,2,Heidfeld,0.0
2008,toro_rosso,7,Bourdais,0.0
2008,williams,3,Rosberg,0.0
2008,mclaren,1,Hamilton,0.0
2008,honda,22,Barrichello,0.0
2008,honda,18,Button,0.0
2008,williams,6,Nakajima,0.0
2008,force_india,21,Fisichella,0.0
2008,mclaren,5,Kovalainen,0.0
2008,force_india,16,Sutil,0.0
2008,toyota,10,Glock,0.0
2008,red_bull,14,Coulthard,0.0
2008,mclaren,1,Hamilton,10.0
2008,ferrari,13,Massa,8.0
2008,ferrari,8,Räikkönen,6.0
2008,renault,4,Alonso,5.0
2008,bmw_sauber,2,Heidfeld,4.0
2008,bmw_sauber,9,Kubica,3.0
2008,toyota,10,Glock,2.0
2008,renault,12,Piquet Jr.,1.0
2008,toro_rosso,20,Vettel,0.0
2008,red_bull,14,Coulthard,0.0
2008,honda,22,Barrichello,0.0
2008,williams,6,Nakajima,0.0
2008,toro_rosso,7,Bourdais,0.0
2008,red_bull,17,Webber,0.0
2008,williams,3,Rosberg,0.0
2008,honda,18,Button,0.0
2008,force_india,21,Fisichella,0.0
2008,mclaren,5,Kovalainen,0.0
2008,force_india,16,Sutil,0.0
2008,toyota,15,Trulli,0.0
2008,ferrari,13,Massa,10.0
2008,renault,4,Alonso,8.0
2008,ferrari,8,Räikkönen,6.0
2008,toro_rosso,20,Vettel,5.0
2008,mclaren,1,Hamilton,4.0
2008,toyota,10,Glock,3.0
2008,mclaren,5,Kovalainen,2.0
2008,toyota,15,Trulli,1.0
2008,red_bull,17,Webber,0.0
2008,bmw_sauber,2,Heidfeld,0.0
2008,bmw_sauber,9,Kubica,0.0
2008,williams,3,Rosberg,0.0
2008,honda,18,Button,0.0
2008,toro_rosso,7,Bourdais,0.0
2008,honda,22,Barrichello,0.0
2008,force_india,16,Sutil,0.0
2008,williams,6,Nakajima,0.0
2008,force_india,21,Fisichella,0.0
2008,renault,12,Piquet Jr.,0.0
2008,red_bull,14,Coulthard,0.0
2007,ferrari,8,Räikkönen,10.0
2007,mclaren,4,Alonso,8.0
2007,mclaren,1,Hamilton,6.0
2007,bmw_sauber,2,Heidfeld,5.0
2007,renault,21,Fisichella,4.0
2007,ferrari,13,Massa,3.0
2007,williams,3,Rosberg,2.0
2007,toyota,23,Schumacher,1.0
2007,toyota,15,Trulli,0.0
2007,renault,5,Kovalainen,0.0
2007,honda,22,Barrichello,0.0
2007,super_aguri,11,Sato,0.0
2007,red_bull,17,Webber,0.0
2007,toro_rosso,24,Liuzzi,0.0
2007,honda,18,Button,0.0
2007,super_aguri,19,Davidson,0.0
2007,spyker,16,Sutil,0.0
2007,williams,25,Wurz,0.0
2007,red_bull,14,Coulthard,0.0
2007,bmw_sauber,9,Kubica,0.0
2007,toro_rosso,26,Speed,0.0
2007,spyker,27,Albers,0.0
2007,mclaren,4,Alonso,10.0
2007,mclaren,1,Hamilton,8.0
2007,ferrari,8,Räikkönen,6.0
2007,bmw_sauber,2,Heidfeld,5.0
2007,ferrari,13,Massa,4.0
2007,renault,21,Fisichella,3.0
2007,toyota,15,Trulli,2.0
2007,renault,5,Kovalainen,1.0
2007,williams,25,Wurz,0.0
2007,red_bull,17,Webber,0.0
2007,honda,22,Barrichello,0.0
2007,honda,18,Button,0.0
2007,super_aguri,11,Sato,0.0
2007,toro_rosso,26,Speed,0.0
2007,toyota,23,Schumacher,0.0
2007,super_aguri,19,Davidson,0.0
2007,toro_rosso,24,Liuzzi,0.0
2007,bmw_sauber,9,Kubica,0.0
2007,williams,3,Rosberg,0.0
2007,red_bull,14,Coulthard,0.0
2007,spyker,27,Albers,0.0
2007,spyker,16,Sutil,0.0
2007,ferrari,13,Massa,10.0
2007,mclaren,1,Hamilton,8.0
2007,ferrari,8,Räikkönen,6.0
2007,bmw_sauber,2,Heidfeld,5.0
2007,mclaren,4,Alonso,4.0
2007,bmw_sauber,9,Kubica,3.0
2007,toyota,15,Trulli,2.0
2007,renault,21,Fisichella,1.0
2007,renault,5,Kovalainen,0.0
2007,williams,3,Rosberg,0.0
2007,williams,25,Wurz,0.0
2007,toyota,23,Schumacher,0.0
2007,honda,22,Barrichello,0.0
2007,spyker,27,Albers,0.0
2007,spyker,16,Sutil,0.0
2007,super_aguri,19,Davidson,0.0
2007,red_bull,17,Webber,0.0
2007,red_bull,14,Coulthard,0.0
2007,super_aguri,11,Sato,0.0
2007,toro_rosso,24,Liuzzi,0.0
2007,honda,18,Button,0.0
2007,toro_rosso,26,Speed,0.0
2007,ferrari,13,Massa,10.0
2007,mclaren,1,Hamilton,8.0
2007,mclaren,4,Alonso,6.0
2007,bmw_sauber,9,Kubica,5.0
2007,red_bull,14,Coulthard,4.0
2007,williams,3,Rosberg,3.0
2007,renault,5,Kovalainen,2.0
2007,super_aguri,11,Sato,1.0
2007,renault,21,Fisichella,0.0
2007,honda,22,Barrichello,0.0
2007,super_aguri,19,Davidson,0.0
2007,honda,18,Button,0.0
2007,spyker,16,Sutil,0.0
2007,spyker,27,Albers,0.0
2007,bmw_sauber,2,Heidfeld,0.0
2007,toyota,23,Schumacher,0.0
2007,toro_rosso,24,Liuzzi,0.0
2007,toro_rosso,26,Speed,0.0
2007,ferrari,8,Räikkönen,0.0
2007,toyota,15,Trulli,0.0
2007,red_bull,17,Webber,0.0
2007,williams,25,Wurz,0.0
2007,mclaren,4,Alonso,10.0
2007,mclaren,1,Hamilton,8.0
2007,ferrari,13,Massa,6.0
2007,renault,21,Fisichella,5.0
2007,bmw_sauber,9,Kubica,4.0
2007,bmw_sauber,2,Heidfeld,3.0
2007,williams,25,Wurz,2.0
2007,ferrari,8,Räikkönen,1.0
2007,toro_rosso,26,Speed,0.0
2007,honda,22,Barrichello,0.0
2007,honda,18,Button,0.0
2007,williams,3,Rosberg,0.0
2007,renault,5,Kovalainen,0.0
2007,red_bull,14,Coulthard,0.0
2007,toyota,15,Trulli,0.0
2007,toyota,23,Schumacher,0.0
2007,super_aguri,11,Sato,0.0
2007,super_aguri,19,Davidson,0.0
2007,spyker,27,Albers,0.0
2007,spyker,16,Sutil,0.0
2007,red_bull,17,Webber,0.0
2007,toro_rosso,24,Liuzzi,0.0
2007,mclaren,1,Hamilton,10.0
2007,bmw_sauber,2,Heidfeld,8.0
2007,williams,25,Wurz,6.0
2007,renault,5,Kovalainen,5.0
2007,ferrari,8,Räikkönen,4.0
2007,super_aguri,11,Sato,3.0
2007,mclaren,4,Alonso,2.0
2007,toyota,23,Schumacher,1.0
2007,red_bull,17,Webber,0.0
2007,williams,3,Rosberg,0.0
2007,super_aguri,19,Davidson,0.0
2007,honda,22,Barrichello,0.0
2007,toyota,15,Trulli,0.0
2007,toro_rosso,24,Liuzzi,0.0
2007,spyker,27,Albers,0.0
2007,red_bull,14,Coulthard,0.0
2007,bmw_sauber,9,Kubica,0.0
2007,spyker,16,Sutil,0.0
2007,toro_rosso,26,Speed,0.0
2007,honda,18,Button,0.0
2007,ferrari,13,Massa,0.0
2007,renault,21,Fisichella,0.0
2007,mclaren,1,Hamilton,10.0
2007,mclaren,4,Alonso,8.0
2007,ferrari,13,Massa,6.0
2007,ferrari,8,Räikkönen,5.0
2007,renault,5,Kovalainen,4.0
2007,toyota,15,Trulli,3.0
2007,red_bull,17,Webber,2.0
2007,bmw_sauber,20,Vettel,1.0
2007,renault,21,Fisichella,0.0
2007,williams,25,Wurz,0.0
2007,super_aguri,19,Davidson,0.0
2007,honda,18,Button,0.0
2007,toro_rosso,26,Speed,0.0
2007,spyker,16,Sutil,0.0
2007,spyker,27,Albers,0.0
2007,williams,3,Rosberg,0.0
2007,toro_rosso,24,Liuzzi,0.0
2007,bmw_sauber,2,Heidfeld,0.0
2007,super_aguri,11,Sato,0.0
2007,red_bull,14,Coulthard,0.0
2007,honda,22,Barrichello,0.0
2007,toyota,23,Schumacher,0.0
2007,ferrari,8,Räikkönen,10.0
2007,ferrari,13,Massa,8.0
2007,mclaren,1,Hamilton,6.0
2007,bmw_sauber,9,Kubica,5.0
2007,bmw_sauber,2,Heidfeld,4.0
2007,renault,21,Fisichella,3.0
2007,mclaren,4,Alonso,2.0
2007,honda,18,Button,1.0
2007,williams,3,Rosberg,0.0
2007,toyota,23,Schumacher,0.0
2007,honda,22,Barrichello,0.0
2007,red_bull,17,Webber,0.0
2007,red_bull,14,Coulthard,0.0
2007,williams,25,Wurz,0.0
2007,renault,5,Kovalainen,0.0
2007,super_aguri,11,Sato,0.0
2007,spyker,16,Sutil,0.0
2007,toro_rosso,26,Speed,0.0
2007,spyker,27,Albers,0.0
2007,super_aguri,19,Davidson,0.0
2007,toyota,15,Trulli,0.0
2007,toro_rosso,24,Liuzzi,0.0
2007,ferrari,8,Räikkönen,10.0
2007,mclaren,4,Alonso,8.0
2007,mclaren,1,Hamilton,6.0
2007,bmw_sauber,9,Kubica,5.0
2007,ferrari,13,Massa,4.0
2007,bmw_sauber,2,Heidfeld,3.0
2007,renault,5,Kovalainen,2.0
2007,renault,21,Fisichella,1.0
2007,honda,22,Barrichello,0.0
2007,honda,18,Button,0.0
2007,red_bull,14,Coulthard,0.0
2007,williams,3,Rosberg,0.0
2007,williams,25,Wurz,0.0
2007,super_aguri,11,Sato,0.0
2007,spyker,27,Albers,0.0
2007,toro_rosso,24,Liuzzi,0.0
2007,toyota,15,Trulli,0.0
2007,super_aguri,19,Davidson,0.0
2007,toro_rosso,26,Speed,0.0
2007,toyota,23,Schumacher,0.0
2007,spyker,16,Sutil,0.0
2007,red_bull,17,Webber,0.0
2007,mclaren,4,Alonso,10.0
2007,ferrari,13,Massa,8.0
2007,red_bull,17,Webber,6.0
2007,williams,25,Wurz,5.0
2007,red_bull,14,Coulthard,4.0
2007,bmw_sauber,2,Heidfeld,3.0
2007,bmw_sauber,9,Kubica,2.0
2007,renault,5,Kovalainen,1.0
2007,mclaren,1,Hamilton,0.0
2007,renault,21,Fisichella,0.0
2007,honda,22,Barrichello,0.0
2007,super_aguri,19,Davidson,0.0
2007,toyota,15,Trulli,0.0
2007,ferrari,8,Räikkönen,0.0
2007,super_aguri,11,Sato,0.0
2007,toyota,23,Schumacher,0.0
2007,spyker,28,Winkelhock,0.0
2007,honda,18,Button,0.0
2007,spyker,16,Sutil,0.0
2007,williams,3,Rosberg,0.0
2007,toro_rosso,26,Speed,0.0
2007,toro_rosso,24,Liuzzi,0.0
2007,mclaren,1,Hamilton,10.0
2007,ferrari,8,Räikkönen,8.0
2007,bmw_sauber,2,Heidfeld,6.0
2007,mclaren,4,Alonso,5.0
2007,bmw_sauber,9,Kubica,4.0
2007,toyota,23,Schumacher,3.0
2007,williams,3,Rosberg,2.0
2007,renault,5,Kovalainen,1.0
2007,red_bull,17,Webber,0.0
2007,toyota,15,Trulli,0.0
2007,red_bull,14,Coulthard,0.0
2007,renault,21,Fisichella,0.0
2007,ferrari,13,Massa,0.0
2007,williams,25,Wurz,0.0
2007,super_aguri,11,Sato,0.0
2007,toro_rosso,20,Vettel,0.0
2007,spyker,16,Sutil,0.0
2007,honda,22,Barrichello,0.0
2007,toro_rosso,24,Liuzzi,0.0
2007,super_aguri,19,Davidson,0.0
2007,honda,18,Button,0.0
2007,spyker,29,Yamamoto,0.0
2007,ferrari,13,Massa,10.0
2007,ferrari,8,Räikkönen,8.0
2007,mclaren,4,Alonso,6.0
2007,bmw_sauber,2,Heidfeld,5.0
2007,mclaren,1,Hamilton,4.0
2007,renault,5,Kovalainen,3.0
2007,williams,3,Rosberg,2.0
2007,bmw_sauber,9,Kubica,1.0
2007,renault,21,Fisichella,0.0
2007,red_bull,14,Coulthard,0.0
2007,williams,25,Wurz,0.0
2007,toyota,23,Schumacher,0.0
2007,honda,18,Button,0.0
2007,super_aguri,19,Davidson,0.0
2007,toro_rosso,24,Liuzzi,0.0
2007,toyota,15,Trulli,0.0
2007,honda,22,Barrichello,0.0
2007,super_aguri,11,Sato,0.0
2007,toro_rosso,20,Vettel,0.0
2007,spyker,29,Yamamoto,0.0
2007,spyker,16,Sutil,0.0
2007,red_bull,17,Webber,0.0
2007,mclaren,4,Alonso,10.0
2007,mclaren,1,Hamilton,8.0
2007,ferrari,8,Räikkönen,6.0
2007,bmw_sauber,2,Heidfeld,5.0
2007,bmw_sauber,9,Kubica,4.0
2007,williams,3,Rosberg,3.0
2007,renault,5,Kovalainen,2.0
2007,honda,18,Button,1.0
2007,red_bull,17,Webber,0.0
2007,honda,22,Barrichello,0.0
2007,toyota,15,Trulli,0.0
2007,renault,21,Fisichella,0.0
2007,williams,25,Wurz,0.0
2007,super_aguri,19,Davidson,0.0
2007,toyota,23,Schumacher,0.0
2007,super_aguri,11,Sato,0.0
2007,toro_rosso,24,Liuzzi,0.0
2007,toro_rosso,20,Vettel,0.0
2007,spyker,16,Sutil,0.0
2007,spyker,29,Yamamoto,0.0
2007,ferrari,13,Massa,0.0
2007,red_bull,14,Coulthard,0.0
2007,ferrari,8,Räikkönen,10.0
2007,ferrari,13,Massa,8.0
2007,mclaren,4,Alonso,6.0
2007,mclaren,1,Hamilton,5.0
2007,bmw_sauber,2,Heidfeld,4.0
2007,williams,3,Rosberg,3.0
2007,red_bull,17,Webber,2.0
2007,renault,5,Kovalainen,1.0
2007,bmw_sauber,9,Kubica,0.0
2007,toyota,23,Schumacher,0.0
2007,toyota,15,Trulli,0.0
2007,toro_rosso,24,Liuzzi,0.0
2007,honda,22,Barrichello,0.0
2007,spyker,16,Sutil,0.0
2007,super_aguri,11,Sato,0.0
2007,super_aguri,19,Davidson,0.0
2007,spyker,29,Yamamoto,0.0
2007,honda,18,Button,0.0
2007,williams,25,Wurz,0.0
2007,red_bull,14,Coulthard,0.0
2007,toro_rosso,20,Vettel,0.0
2007,renault,21,Fisichella,0.0
2007,mclaren,1,Hamilton,10.0
2007,renault,5,Kovalainen,8.0
2007,ferrari,8,Räikkönen,6.0
2007,red_bull,14,Coulthard,5.0
2007,renault,21,Fisichella,4.0
2007,ferrari,13,Massa,3.0
2007,bmw_sauber,9,Kubica,2.0
2007,spyker,16,Sutil,1.0
2007,toro_rosso,24,Liuzzi,0.0
2007,honda,22,Barrichello,0.0
2007,honda,18,Button,0.0
2007,spyker,29,Yamamoto,0.0
2007,toyota,15,Trulli,0.0
2007,bmw_sauber,2,Heidfeld,0.0
2007,super_aguri,11,Sato,0.0
2007,toyota,23,Schumacher,0.0
2007,super_aguri,19,Davidson,0.0
2007,williams,3,Rosberg,0.0
2007,toro_rosso,20,Vettel,0.0
2007,red_bull,17,Webber,0.0
2007,mclaren,4,Alonso,0.0
2007,williams,25,Wurz,0.0
2007,ferrari,8,Räikkönen,10.0
2007,mclaren,4,Alonso,8.0
2007,ferrari,13,Massa,6.0
2007,toro_rosso,20,Vettel,5.0
2007,honda,18,Button,4.0
2007,toro_rosso,24,Liuzzi,3.0
2007,bmw_sauber,2,Heidfeld,2.0
2007,red_bull,14,Coulthard,1.0
2007,renault,5,Kovalainen,0.0
2007,red_bull,17,Webber,0.0
2007,renault,21,Fisichella,0.0
2007,williams,25,Wurz,0.0
2007,toyota,15,Trulli,0.0
2007,super_aguri,11,Sato,0.0
2007,honda,22,Barrichello,0.0
2007,williams,3,Rosberg,0.0
2007,spyker,29,Yamamoto,0.0
2007,bmw_sauber,9,Kubica,0.0
2007,mclaren,1,Hamilton,0.0
2007,toyota,23,Schumacher,0.0
2007,spyker,16,Sutil,0.0
2007,super_aguri,19,Davidson,0.0
2007,ferrari,8,Räikkönen,10.0
2007,ferrari,13,Massa,8.0
2007,mclaren,4,Alonso,6.0
2007,williams,3,Rosberg,5.0
2007,bmw_sauber,9,Kubica,4.0
2007,bmw_sauber,2,Heidfeld,3.0
2007,mclaren,1,Hamilton,2.0
2007,toyota,15,Trulli,1.0
2007,red_bull,14,Coulthard,0.0
2007,williams,6,Nakajima,0.0
2007,toyota,23,Schumacher,0.0
2007,super_aguri,11,Sato,0.0
2007,toro_rosso,24,Liuzzi,0.0
2007,super_aguri,19,Davidson,0.0
2007,spyker,16,Sutil,0.0
2007,honda,22,Barrichello,0.0
2007,renault,5,Kovalainen,0.0
2007,toro_rosso,20,Vettel,0.0
2007,honda,18,Button,0.0
2007,red_bull,17,Webber,0.0
2007,spyker,29,Yamamoto,0.0
2007,renault,21,Fisichella,0.0
2006,renault,4,Alonso,10.0
2006,ferrari,30,Schumacher,8.0
2006,mclaren,8,Räikkönen,6.0
2006,honda,18,Button,5.0
2006,mclaren,31,Pablo Montoya,4.0
2006,williams,17,Webber,3.0
2006,williams,3,Rosberg,2.0
2006,red_bull,32,Klien,1.0
2006,ferrari,13,Massa,0.0
2006,red_bull,14,Coulthard,0.0
2006,toro_rosso,24,Liuzzi,0.0
2006,bmw_sauber,2,Heidfeld,0.0
2006,toro_rosso,26,Speed,0.0
2006,toyota,23,Schumacher,0.0
2006,honda,22,Barrichello,0.0
2006,toyota,15,Trulli,0.0
2006,mf1,33,Monteiro,0.0
2006,super_aguri,11,Sato,0.0
2006,super_aguri,34,Ide,0.0
2006,bmw_sauber,35,Villeneuve,0.0
2006,renault,21,Fisichella,0.0
2006,mf1,27,Albers,0.0
2006,renault,21,Fisichella,10.0
2006,renault,4,Alonso,8.0
2006,honda,18,Button,6.0
2006,mclaren,31,Pablo Montoya,5.0
2006,ferrari,13,Massa,4.0
2006,ferrari,30,Schumacher,3.0
2006,bmw_sauber,35,Villeneuve,2.0
2006,toyota,23,Schumacher,1.0
2006,toyota,15,Trulli,0.0
2006,honda,22,Barrichello,0.0
2006,toro_rosso,24,Liuzzi,0.0
2006,mf1,27,Albers,0.0
2006,mf1,33,Monteiro,0.0
2006,super_aguri,11,Sato,0.0
2006,bmw_sauber,2,Heidfeld,0.0
2006,toro_rosso,26,Speed,0.0
2006,super_aguri,34,Ide,0.0
2006,red_bull,32,Klien,0.0
2006,williams,17,Webber,0.0
2006,red_bull,14,Coulthard,0.0
2006,williams,3,Rosberg,0.0
2006,mclaren,8,Räikkönen,0.0
2006,renault,4,Alonso,10.0
2006,mclaren,8,Räikkönen,8.0
2006,toyota,23,Schumacher,6.0
2006,bmw_sauber,2,Heidfeld,5.0
2006,renault,21,Fisichella,4.0
2006,bmw_sauber,35,Villeneuve,3.0
2006,honda,22,Barrichello,2.0
2006,red_bull,14,Coulthard,1.0
2006,toro_rosso,26,Speed,0.0
2006,honda,18,Button,0.0
2006,mf1,27,Albers,0.0
2006,super_aguri,11,Sato,0.0
2006,super_aguri,34,Ide,0.0
2006,mclaren,31,Pablo Montoya,0.0
2006,mf1,33,Monteiro,0.0
2006,toro_rosso,24,Liuzzi,0.0
2006,ferrari,30,Schumacher,0.0
2006,williams,17,Webber,0.0
2006,red_bull,32,Klien,0.0
2006,toyota,15,Trulli,0.0
2006,williams,3,Rosberg,0.0
2006,ferrari,13,Massa,0.0
2006,ferrari,30,Schumacher,10.0
2006,renault,4,Alonso,8.0
2006,mclaren,31,Pablo Montoya,6.0
2006,ferrari,13,Massa,5.0
2006,mclaren,8,Räikkönen,4.0
2006,williams,17,Webber,3.0
2006,honda,18,Button,2.0
2006,renault,21,Fisichella,1.0
2006,toyota,23,Schumacher,0.0
2006,honda,22,Barrichello,0.0
2006,williams,3,Rosberg,0.0
2006,bmw_sauber,35,Villeneuve,0.0
2006,bmw_sauber,2,Heidfeld,0.0
2006,toro_rosso,24,Liuzzi,0.0
2006,toro_rosso,26,Speed,0.0
2006,mf1,33,Monteiro,0.0
2006,red_bull,14,Coulthard,0.0
2006,super_aguri,11,Sato,0.0
2006,red_bull,32,Klien,0.0
2006,super_aguri,34,Ide,0.0
2006,toyota,15,Trulli,0.0
2006,mf1,27,Albers,0.0
2006,ferrari,30,Schumacher,10.0
2006,renault,4,Alonso,8.0
2006,ferrari,13,Massa,6.0
2006,mclaren,8,Räikkönen,5.0
2006,honda,22,Barrichello,4.0
2006,renault,21,Fisichella,3.0
2006,williams,3,Rosberg,2.0
2006,bmw_sauber,35,Villeneuve,1.0
2006,toyota,15,Trulli,0.0
2006,bmw_sauber,2,Heidfeld,0.0
2006,toro_rosso,26,Speed,0.0
2006,mf1,33,Monteiro,0.0
2006,mf1,27,Albers,0.0
2006,toyota,23,Schumacher,0.0
2006,mclaren,31,Pablo Montoya,0.0
2006,super_aguri,11,Sato,0.0
2006,super_aguri,36,Montagny,0.0
2006,honda,18,Button,0.0
2006,red_bull,32,Klien,0.0
2006,williams,17,Webber,0.0
2006,red_bull,14,Coulthard,0.0
2006,toro_rosso,24,Liuzzi,0.0
2006,renault,4,Alonso,10.0
2006,ferrari,30,Schumacher,8.0
2006,renault,21,Fisichella,6.0
2006,ferrari,13,Massa,5.0
2006,mclaren,8,Räikkönen,4.0
2006,honda,18,Button,3.0
2006,honda,22,Barrichello,2.0
2006,bmw_sauber,2,Heidfeld,1.0
2006,williams,17,Webber,0.0
2006,toyota,15,Trulli,0.0
2006,williams,3,Rosberg,0.0
2006,bmw_sauber,35,Villeneuve,0.0
2006,red_bull,32,Klien,0.0
2006,red_bull,14,Coulthard,0.0
2006,toro_rosso,24,Liuzzi,0.0
2006,mf1,33,Monteiro,0.0
2006,super_aguri,11,Sato,0.0
2006,mf1,27,Albers,0.0
2006,toro_rosso,26,Speed,0.0
2006,toyota,23,Schumacher,0.0
2006,mclaren,31,Pablo Montoya,0.0
2006,super_aguri,36,Montagny,0.0
2006,renault,4,Alonso,10.0
2006,mclaren,31,Pablo Montoya,8.0
2006,red_bull,14,Coulthard,6.0
2006,honda,22,Barrichello,5.0
2006,ferrari,30,Schumacher,4.0
2006,renault,21,Fisichella,3.0
2006,bmw_sauber,2,Heidfeld,2.0
2006,toyota,23,Schumacher,1.0
2006,ferrari,13,Massa,0.0
2006,toro_rosso,24,Liuzzi,0.0
2006,honda,18,Button,0.0
2006,mf1,27,Albers,0.0
2006,toro_rosso,26,Speed,0.0
2006,bmw_sauber,35,Villeneuve,0.0
2006,mf1,33,Monteiro,0.0
2006,super_aguri,36,Montagny,0.0
2006,toyota,15,Trulli,0.0
2006,red_bull,32,Klien,0.0
2006,williams,3,Rosberg,0.0
2006,mclaren,8,Räikkönen,0.0
2006,williams,17,Webber,0.0
2006,super_aguri,11,Sato,0.0
2006,renault,4,Alonso,10.0
2006,ferrari,30,Schumacher,8.0
2006,mclaren,8,Räikkönen,6.0
2006,renault,21,Fisichella,5.0
2006,ferrari,13,Massa,4.0
2006,mclaren,31,Pablo Montoya,3.0
2006,bmw_sauber,2,Heidfeld,2.0
2006,bmw_sauber,35,Villeneuve,1.0
2006,williams,3,Rosberg,0.0
2006,honda,22,Barrichello,0.0
2006,toyota,15,Trulli,0.0
2006,red_bull,14,Coulthard,0.0
2006,toro_rosso,24,Liuzzi,0.0
2006,red_bull,32,Klien,0.0
2006,mf1,27,Albers,0.0
2006,mf1,33,Monteiro,0.0
2006,super_aguri,11,Sato,0.0
2006,super_aguri,36,Montagny,0.0
2006,honda,18,Button,0.0
2006,toro_rosso,26,Speed,0.0
2006,toyota,23,Schumacher,0.0
2006,williams,17,Webber,0.0
2006,renault,4,Alonso,10.0
2006,ferrari,30,Schumacher,8.0
2006,mclaren,8,Räikkönen,6.0
2006,renault,21,Fisichella,5.0
2006,ferrari,13,Massa,4.0
2006,toyota,15,Trulli,3.0
2006,bmw_sauber,2,Heidfeld,2.0
2006,red_bull,14,Coulthard,1.0
2006,honda,18,Button,0.0
2006,toro_rosso,26,Speed,0.0
2006,red_bull,32,Klien,0.0
2006,williams,17,Webber,0.0
2006,toro_rosso,24,Liuzzi,0.0
2006,mf1,33,Monteiro,0.0
2006,super_aguri,11,Sato,0.0
2006,bmw_sauber,35,Villeneuve,0.0
2006,toyota,23,Schumacher,0.0
2006,mclaren,31,Pablo Montoya,0.0
2006,honda,22,Barrichello,0.0
2006,super_aguri,36,Montagny,0.0
2006,williams,3,Rosberg,0.0
2006,mf1,27,Albers,0.0
2006,ferrari,30,Schumacher,10.0
2006,ferrari,13,Massa,8.0
2006,renault,21,Fisichella,6.0
2006,toyota,15,Trulli,5.0
2006,renault,4,Alonso,4.0
2006,honda,22,Barrichello,3.0
2006,red_bull,14,Coulthard,2.0
2006,toro_rosso,24,Liuzzi,1.0
2006,williams,3,Rosberg,0.0
2006,toyota,23,Schumacher,0.0
2006,mf1,27,Albers,0.0
2006,bmw_sauber,35,Villeneuve,0.0
2006,mf1,33,Monteiro,0.0
2006,super_aguri,11,Sato,0.0
2006,honda,18,Button,0.0
2006,mclaren,8,Räikkönen,0.0
2006,bmw_sauber,2,Heidfeld,0.0
2006,mclaren,31,Pablo Montoya,0.0
2006,williams,17,Webber,0.0
2006,toro_rosso,26,Speed,0.0
2006,red_bull,32,Klien,0.0
2006,super_aguri,36,Montagny,0.0
2006,ferrari,30,Schumacher,10.0
2006,renault,4,Alonso,8.0
2006,ferrari,13,Massa,6.0
2006,toyota,23,Schumacher,5.0
2006,mclaren,8,Räikkönen,4.0
2006,renault,21,Fisichella,3.0
2006,mclaren,37,de la Rosa,2.0
2006,bmw_sauber,2,Heidfeld,1.0
2006,red_bull,14,Coulthard,0.0
2006,toro_rosso,26,Speed,0.0
2006,bmw_sauber,35,Villeneuve,0.0
2006,red_bull,32,Klien,0.0
2006,toro_rosso,24,Liuzzi,0.0
2006,williams,3,Rosberg,0.0
2006,mf1,27,Albers,0.0
2006,super_aguri,36,Montagny,0.0
2006,honda,18,Button,0.0
2006,williams,17,Webber,0.0
2006,toyota,15,Trulli,0.0
2006,honda,22,Barrichello,0.0
2006,mf1,33,Monteiro,0.0
2006,super_aguri,11,Sato,0.0
2006,ferrari,30,Schumacher,10.0
2006,ferrari,13,Massa,8.0
2006,mclaren,8,Räikkönen,6.0
2006,honda,18,Button,5.0
2006,renault,4,Alonso,4.0
2006,renault,21,Fisichella,3.0
2006,toyota,15,Trulli,2.0
2006,red_bull,32,Klien,1.0
2006,toyota,23,Schumacher,0.0
2006,toro_rosso,24,Liuzzi,0.0
2006,red_bull,14,Coulthard,0.0
2006,toro_rosso,26,Speed,0.0
2006,williams,17,Webber,0.0
2006,super_aguri,11,Sato,0.0
2006,bmw_sauber,35,Villeneuve,0.0
2006,honda,22,Barrichello,0.0
2006,bmw_sauber,2,Heidfeld,0.0
2006,mclaren,37,de la Rosa,0.0
2006,super_aguri,29,Yamamoto,0.0
2006,williams,3,Rosberg,0.0
2006,mf1,27,Albers,0.0
2006,mf1,33,Monteiro,0.0
2006,honda,18,Button,10.0
2006,mclaren,37,de la Rosa,8.0
2006,bmw_sauber,2,Heidfeld,6.0
2006,honda,22,Barrichello,5.0
2006,red_bull,14,Coulthard,4.0
2006,toyota,23,Schumacher,3.0
2006,ferrari,13,Massa,2.0
2006,ferrari,30,Schumacher,1.0
2006,mf1,33,Monteiro,0.0
2006,mf1,27,Albers,0.0
2006,toro_rosso,26,Speed,0.0
2006,toyota,15,Trulli,0.0
2006,super_aguri,11,Sato,0.0
2006,renault,4,Alonso,0.0
2006,mclaren,8,Räikkönen,0.0
2006,toro_rosso,24,Liuzzi,0.0
2006,williams,3,Rosberg,0.0
2006,renault,21,Fisichella,0.0
2006,red_bull,32,Klien,0.0
2006,williams,17,Webber,0.0
2006,super_aguri,29,Yamamoto,0.0
2006,bmw_sauber,9,Kubica,0.0
2006,ferrari,13,Massa,10.0
2006,renault,4,Alonso,8.0
2006,ferrari,30,Schumacher,6.0
2006,honda,18,Button,5.0
2006,mclaren,37,de la Rosa,4.0
2006,renault,21,Fisichella,3.0
2006,toyota,23,Schumacher,2.0
2006,honda,22,Barrichello,1.0
2006,toyota,15,Trulli,0.0
2006,williams,17,Webber,0.0
2006,red_bull,32,Klien,0.0
2006,bmw_sauber,9,Kubica,0.0
2006,toro_rosso,26,Speed,0.0
2006,bmw_sauber,2,Heidfeld,0.0
2006,red_bull,14,Coulthard,0.0
2006,mf1,27,Albers,0.0
2006,super_aguri,11,Sato,0.0
2006,williams,3,Rosberg,0.0
2006,super_aguri,29,Yamamoto,0.0
2006,toro_rosso,24,Liuzzi,0.0
2006,mclaren,8,Räikkönen,0.0
2006,mf1,33,Monteiro,0.0
2006,ferrari,30,Schumacher,10.0
2006,mclaren,8,Räikkönen,8.0
2006,bmw_sauber,9,Kubica,6.0
2006,renault,21,Fisichella,5.0
2006,honda,18,Button,4.0
2006,honda,22,Barrichello,3.0
2006,toyota,15,Trulli,2.0
2006,bmw_sauber,2,Heidfeld,1.0
2006,ferrari,13,Massa,0.0
2006,williams,17,Webber,0.0
2006,red_bull,32,Klien,0.0
2006,red_bull,14,Coulthard,0.0
2006,toro_rosso,26,Speed,0.0
2006,toro_rosso,24,Liuzzi,0.0
2006,toyota,23,Schumacher,0.0
2006,super_aguri,11,Sato,0.0
2006,spyker_mf1,27,Albers,0.0
2006,spyker_mf1,33,Monteiro,0.0
2006,renault,4,Alonso,0.0
2006,mclaren,37,de la Rosa,0.0
2006,super_aguri,29,Yamamoto,0.0
2006,williams,3,Rosberg,0.0
2006,ferrari,30,Schumacher,10.0
2006,renault,4,Alonso,8.0
2006,renault,21,Fisichella,6.0
2006,honda,18,Button,5.0
2006,mclaren,37,de la Rosa,4.0
2006,honda,22,Barrichello,3.0
2006,bmw_sauber,2,Heidfeld,2.0
2006,williams,17,Webber,1.0
2006,red_bull,14,Coulthard,0.0
2006,toro_rosso,24,Liuzzi,0.0
2006,williams,3,Rosberg,0.0
2006,red_bull,38,Doornbos,0.0
2006,bmw_sauber,9,Kubica,0.0
2006,toro_rosso,26,Speed,0.0
2006,spyker_mf1,27,Albers,0.0
2006,super_aguri,29,Yamamoto,0.0
2006,toyota,23,Schumacher,0.0
2006,ferrari,13,Massa,0.0
2006,toyota,15,Trulli,0.0
2006,spyker_mf1,33,Monteiro,0.0
2006,mclaren,8,Räikkönen,0.0
2006,super_aguri,11,Sato,0.0
2006,renault,4,Alonso,10.0
2006,ferrari,13,Massa,8.0
2006,renault,21,Fisichella,6.0
2006,honda,18,Button,5.0
2006,mclaren,8,Räikkönen,4.0
2006,toyota,15,Trulli,3.0
2006,toyota,23,Schumacher,2.0
2006,bmw_sauber,2,Heidfeld,1.0
2006,bmw_sauber,9,Kubica,0.0
2006,williams,3,Rosberg,0.0
2006,mclaren,37,de la Rosa,0.0
2006,honda,22,Barrichello,0.0
2006,red_bull,38,Doornbos,0.0
2006,toro_rosso,24,Liuzzi,0.0
2006,super_aguri,11,Sato,0.0
2006,spyker_mf1,33,Monteiro,0.0
2006,super_aguri,29,Yamamoto,0.0
2006,toro_rosso,26,Speed,0.0
2006,williams,17,Webber,0.0
2006,ferrari,30,Schumacher,0.0
2006,red_bull,14,Coulthard,0.0
2006,spyker_mf1,27,Albers,0.0
2006,ferrari,13,Massa,10.0
2006,renault,4,Alonso,8.0
2006,honda,18,Button,6.0
2006,ferrari,30,Schumacher,5.0
2006,mclaren,8,Räikkönen,4.0
2006,renault,21,Fisichella,3.0
2006,honda,22,Barrichello,2.0
2006,mclaren,37,de la Rosa,1.0
2006,bmw_sauber,9,Kubica,0.0
2006,super_aguri,11,Sato,0.0
2006,toro_rosso,26,Speed,0.0
2006,red_bull,38,Doornbos,0.0
2006,toro_rosso,24,Liuzzi,0.0
2006,spyker_mf1,27,Albers,0.0
2006,spyker_mf1,33,Monteiro,0.0
2006,super_aguri,29,Yamamoto,0.0
2006,bmw_sauber,2,Heidfeld,0.0
2006,red_bull,14,Coulthard,0.0
2006,toyota,15,Trulli,0.0
2006,toyota,23,Schumacher,0.0
2006,williams,17,Webber,0.0
2006,williams,3,Rosberg,0.0
2005,renault,21,Fisichella,10.0
2005,ferrari,22,Barrichello,8.0
2005,renault,4,Alonso,6.0
2005,red_bull,14,Coulthard,5.0
2005,williams,17,Webber,4.0
2005,mclaren,31,Pablo Montoya,3.0
2005,red_bull,32,Klien,2.0
2005,mclaren,8,Räikkönen,1.0
2005,toyota,15,Trulli,0.0
2005,sauber,13,Massa,0.0
2005,bar,18,Button,0.0
2005,toyota,23,Schumacher,0.0
2005,sauber,35,Villeneuve,0.0
2005,bar,11,Sato,0.0
2005,jordan,39,Karthikeyan,0.0
2005,jordan,33,Monteiro,0.0
2005,minardi,40,Friesacher,0.0
2005,ferrari,30,Schumacher,0.0
2005,williams,2,Heidfeld,0.0
2005,minardi,27,Albers,0.0
2005,renault,4,Alonso,10.0
2005,toyota,15,Trulli,8.0
2005,williams,2,Heidfeld,6.0
2005,mclaren,31,Pablo Montoya,5.0
2005,toyota,23,Schumacher,4.0
2005,red_bull,14,Coulthard,3.0
2005,ferrari,30,Schumacher,2.0
2005,red_bull,32,Klien,1.0
2005,mclaren,8,Räikkönen,0.0
2005,sauber,13,Massa,0.0
2005,jordan,39,Karthikeyan,0.0
2005,jordan,33,Monteiro,0.0
2005,minardi,27,Albers,0.0
2005,ferrari,22,Barrichello,0.0
2005,renault,21,Fisichella,0.0
2005,williams,17,Webber,0.0
2005,sauber,35,Villeneuve,0.0
2005,bar,18,Button,0.0
2005,bar,19,Davidson,0.0
2005,minardi,40,Friesacher,0.0
2005,renault,4,Alonso,10.0
2005,toyota,15,Trulli,8.0
2005,mclaren,8,Räikkönen,6.0
2005,toyota,23,Schumacher,5.0
2005,mclaren,37,de la Rosa,4.0
2005,williams,17,Webber,3.0
2005,sauber,13,Massa,2.0
2005,red_bull,14,Coulthard,1.0
2005,ferrari,22,Barrichello,0.0
2005,jordan,33,Monteiro,0.0
2005,sauber,35,Villeneuve,0.0
2005,minardi,40,Friesacher,0.0
2005,minardi,27,Albers,0.0
2005,bar,18,Button,0.0
2005,bar,11,Sato,0.0
2005,williams,2,Heidfeld,0.0
2005,ferrari,30,Schumacher,0.0
2005,renault,21,Fisichella,0.0
2005,jordan,39,Karthikeyan,0.0
2005,red_bull,32,Klien,0.0
2005,renault,4,Alonso,10.0
2005,ferrari,30,Schumacher,8.0
2005,mclaren,25,Wurz,6.0
2005,sauber,35,Villeneuve,5.0
2005,toyota,15,Trulli,4.0
2005,williams,2,Heidfeld,3.0
2005,williams,17,Webber,2.0
2005,red_bull,24,Liuzzi,1.0
2005,toyota,23,Schumacher,0.0
2005,sauber,13,Massa,0.0
2005,red_bull,14,Coulthard,0.0
2005,jordan,39,Karthikeyan,0.0
2005,jordan,33,Monteiro,0.0
2005,minardi,27,Albers,0.0
2005,ferrari,22,Barrichello,0.0
2005,mclaren,8,Räikkönen,0.0
2005,minardi,40,Friesacher,0.0
2005,renault,21,Fisichella,0.0
2005,bar,18,Button,0.0
2005,bar,11,Sato,0.0
2005,mclaren,8,Räikkönen,10.0
2005,renault,4,Alonso,8.0
2005,toyota,15,Trulli,6.0
2005,toyota,23,Schumacher,5.0
2005,renault,21,Fisichella,4.0
2005,williams,17,Webber,3.0
2005,mclaren,31,Pablo Montoya,2.0
2005,red_bull,14,Coulthard,1.0
2005,ferrari,22,Barrichello,0.0
2005,williams,2,Heidfeld,0.0
2005,sauber,13,Massa,0.0
2005,jordan,33,Monteiro,0.0
2005,jordan,39,Karthikeyan,0.0
2005,sauber,35,Villeneuve,0.0
2005,ferrari,30,Schumacher,0.0
2005,minardi,27,Albers,0.0
2005,minardi,40,Friesacher,0.0
2005,red_bull,24,Liuzzi,0.0
2005,mclaren,8,Räikkönen,10.0
2005,williams,2,Heidfeld,8.0
2005,williams,17,Webber,6.0
2005,renault,4,Alonso,5.0
2005,mclaren,31,Pablo Montoya,4.0
2005,toyota,23,Schumacher,3.0
2005,ferrari,30,Schumacher,2.0
2005,ferrari,22,Barrichello,1.0
2005,sauber,13,Massa,0.0
2005,toyota,15,Trulli,0.0
2005,sauber,35,Villeneuve,0.0
2005,renault,21,Fisichella,0.0
2005,jordan,33,Monteiro,0.0
2005,minardi,27,Albers,0.0
2005,red_bull,24,Liuzzi,0.0
2005,minardi,40,Friesacher,0.0
2005,red_bull,14,Coulthard,0.0
2005,jordan,39,Karthikeyan,0.0
2005,renault,4,Alonso,10.0
2005,williams,2,Heidfeld,8.0
2005,ferrari,22,Barrichello,6.0
2005,red_bull,14,Coulthard,5.0
2005,ferrari,30,Schumacher,4.0
2005,renault,21,Fisichella,3.0
2005,mclaren,31,Pablo Montoya,2.0
2005,toyota,15,Trulli,1.0
2005,red_bull,24,Liuzzi,0.0
2005,bar,18,Button,0.0
2005,mclaren,8,Räikkönen,0.0
2005,bar,11,Sato,0.0
2005,sauber,35,Villeneuve,0.0
2005,sauber,13,Massa,0.0
2005,jordan,33,Monteiro,0.0
2005,jordan,39,Karthikeyan,0.0
2005,minardi,27,Albers,0.0
2005,minardi,40,Friesacher,0.0
2005,toyota,23,Schumacher,0.0
2005,williams,17,Webber,0.0
2005,mclaren,8,Räikkönen,10.0
2005,ferrari,30,Schumacher,8.0
2005,ferrari,22,Barrichello,6.0
2005,sauber,13,Massa,5.0
2005,williams,17,Webber,4.0
2005,toyota,23,Schumacher,3.0
2005,red_bull,14,Coulthard,2.0
2005,red_bull,32,Klien,1.0
2005,sauber,35,Villeneuve,0.0
2005,jordan,33,Monteiro,0.0
2005,minardi,27,Albers,0.0
2005,toyota,15,Trulli,0.0
2005,bar,18,Button,0.0
2005,williams,2,Heidfeld,0.0
2005,bar,11,Sato,0.0
2005,minardi,40,Friesacher,0.0
2005,renault,4,Alonso,0.0
2005,renault,21,Fisichella,0.0
2005,jordan,39,Karthikeyan,0.0
2005,mclaren,31,Pablo Montoya,0.0
2005,ferrari,30,Schumacher,10.0
2005,ferrari,22,Barrichello,8.0
2005,jordan,33,Monteiro,6.0
2005,jordan,39,Karthikeyan,5.0
2005,minardi,27,Albers,4.0
2005,minardi,40,Friesacher,3.0
2005,toyota,15,Trulli,0.0
2005,mclaren,8,Räikkönen,0.0
2005,bar,18,Button,0.0
2005,renault,21,Fisichella,0.0
2005,renault,4,Alonso,0.0
2005,bar,11,Sato,0.0
2005,williams,17,Webber,0.0
2005,sauber,13,Massa,0.0
2005,mclaren,31,Pablo Montoya,0.0
2005,sauber,35,Villeneuve,0.0
2005,toyota,41,Zonta,0.0
2005,red_bull,32,Klien,0.0
2005,williams,2,Heidfeld,0.0
2005,red_bull,14,Coulthard,0.0
2005,renault,4,Alonso,10.0
2005,mclaren,8,Räikkönen,8.0
2005,ferrari,30,Schumacher,6.0
2005,bar,18,Button,5.0
2005,toyota,15,Trulli,4.0
2005,renault,21,Fisichella,3.0
2005,toyota,23,Schumacher,2.0
2005,sauber,35,Villeneuve,1.0
2005,ferrari,22,Barrichello,0.0
2005,red_bull,14,Coulthard,0.0
2005,bar,11,Sato,0.0
2005,williams,17,Webber,0.0
2005,jordan,33,Monteiro,0.0
2005,williams,2,Heidfeld,0.0
2005,jordan,39,Karthikeyan,0.0
2005,mclaren,31,Pablo Montoya,0.0
2005,minardi,27,Albers,0.0
2005,minardi,40,Friesacher,0.0
2005,sauber,13,Massa,0.0
2005,red_bull,32,Klien,0.0
2005,mclaren,31,Pablo Montoya,10.0
2005,renault,4,Alonso,8.0
2005,mclaren,8,Räikkönen,6.0
2005,renault,21,Fisichella,5.0
2005,bar,18,Button,4.0
2005,ferrari,30,Schumacher,3.0
2005,ferrari,22,Barrichello,2.0
2005,toyota,23,Schumacher,1.0
2005,toyota,15,Trulli,0.0
2005,sauber,13,Massa,0.0
2005,williams,17,Webber,0.0
2005,williams,2,Heidfeld,0.0
2005,red_bull,14,Coulthard,0.0
2005,sauber,35,Villeneuve,0.0
2005,red_bull,32,Klien,0.0
2005,bar,11,Sato,0.0
2005,jordan,33,Monteiro,0.0
2005,minardi,27,Albers,0.0
2005,minardi,40,Friesacher,0.0
2005,jordan,39,Karthikeyan,0.0
2005,renault,4,Alonso,10.0
2005,mclaren,31,Pablo Montoya,8.0
2005,bar,18,Button,6.0
2005,renault,21,Fisichella,5.0
2005,ferrari,30,Schumacher,4.0
2005,toyota,23,Schumacher,3.0
2005,red_bull,14,Coulthard,2.0
2005,sauber,13,Massa,1.0
2005,red_bull,32,Klien,0.0
2005,ferrari,22,Barrichello,0.0
2005,williams,2,Heidfeld,0.0
2005,bar,11,Sato,0.0
2005,minardi,27,Albers,0.0
2005,toyota,15,Trulli,0.0
2005,sauber,35,Villeneuve,0.0
2005,jordan,39,Karthikeyan,0.0
2005,jordan,33,Monteiro,0.0
2005,minardi,38,Doornbos,0.0
2005,williams,17,Webber,0.0
2005,mclaren,8,Räikkönen,0.0
2005,mclaren,8,Räikkönen,10.0
2005,ferrari,30,Schumacher,8.0
2005,toyota,23,Schumacher,6.0
2005,toyota,15,Trulli,5.0
2005,bar,18,Button,4.0
2005,williams,2,Heidfeld,3.0
2005,williams,17,Webber,2.0
2005,bar,11,Sato,1.0
2005,renault,21,Fisichella,0.0
2005,ferrari,22,Barrichello,0.0
2005,renault,4,Alonso,0.0
2005,jordan,39,Karthikeyan,0.0
2005,jordan,33,Monteiro,0.0
2005,sauber,13,Massa,0.0
2005,minardi,27,Albers,0.0
2005,sauber,35,Villeneuve,0.0
2005,mclaren,31,Pablo Montoya,0.0
2005,minardi,38,Doornbos,0.0
2005,red_bull,14,Coulthard,0.0
2005,red_bull,32,Klien,0.0
2005,mclaren,8,Räikkönen,10.0
2005,renault,4,Alonso,8.0
2005,mclaren,31,Pablo Montoya,6.0
2005,renault,21,Fisichella,5.0
2005,bar,18,Button,4.0
2005,toyota,15,Trulli,3.0
2005,red_bull,14,Coulthard,2.0
2005,red_bull,32,Klien,1.0
2005,bar,11,Sato,0.0
2005,ferrari,22,Barrichello,0.0
2005,sauber,35,Villeneuve,0.0
2005,toyota,23,Schumacher,0.0
2005,minardi,38,Doornbos,0.0
2005,jordan,39,Karthikeyan,0.0
2005,jordan,33,Monteiro,0.0
2005,minardi,27,Albers,0.0
2005,ferrari,30,Schumacher,0.0
2005,williams,2,Heidfeld,0.0
2005,sauber,13,Massa,0.0
2005,williams,17,Webber,0.0
2005,mclaren,31,Pablo Montoya,10.0
2005,renault,4,Alonso,8.0
2005,renault,21,Fisichella,6.0
2005,mclaren,8,Räikkönen,5.0
2005,toyota,15,Trulli,4.0
2005,toyota,23,Schumacher,3.0
2005,williams,42,Pizzonia,2.0
2005,bar,18,Button,1.0
2005,sauber,13,Massa,0.0
2005,ferrari,30,Schumacher,0.0
2005,sauber,35,Villeneuve,0.0
2005,ferrari,22,Barrichello,0.0
2005,red_bull,32,Klien,0.0
2005,williams,17,Webber,0.0
2005,red_bull,14,Coulthard,0.0
2005,bar,11,Sato,0.0
2005,jordan,33,Monteiro,0.0
2005,minardi,38,Doornbos,0.0
2005,minardi,27,Albers,0.0
2005,jordan,39,Karthikeyan,0.0
2005,mclaren,8,Räikkönen,10.0
2005,renault,4,Alonso,8.0
2005,bar,18,Button,6.0
2005,williams,17,Webber,5.0
2005,ferrari,22,Barrichello,4.0
2005,sauber,35,Villeneuve,3.0
2005,toyota,23,Schumacher,2.0
2005,jordan,33,Monteiro,1.0
2005,red_bull,32,Klien,0.0
2005,sauber,13,Massa,0.0
2005,jordan,39,Karthikeyan,0.0
2005,minardi,27,Albers,0.0
2005,minardi,38,Doornbos,0.0
2005,mclaren,31,Pablo Montoya,0.0
2005,williams,42,Pizzonia,0.0
2005,toyota,15,Trulli,0.0
2005,red_bull,14,Coulthard,0.0
2005,ferrari,30,Schumacher,0.0
2005,bar,11,Sato,0.0
2005,renault,21,Fisichella,0.0
2005,mclaren,31,Pablo Montoya,10.0
2005,mclaren,8,Räikkönen,8.0
2005,renault,4,Alonso,6.0
2005,ferrari,30,Schumacher,5.0
2005,renault,21,Fisichella,4.0
2005,ferrari,22,Barrichello,3.0
2005,bar,18,Button,2.0
2005,toyota,23,Schumacher,1.0
2005,red_bull,32,Klien,0.0
2005,bar,11,Sato,0.0
2005,sauber,13,Massa,0.0
2005,sauber,35,Villeneuve,0.0
2005,toyota,15,Trulli,0.0
2005,minardi,27,Albers,0.0
2005,jordan,39,Karthikeyan,0.0
2005,jordan,33,Monteiro,0.0
2005,williams,17,Webber,0.0
2005,minardi,38,Doornbos,0.0
2005,williams,42,Pizzonia,0.0
2005,red_bull,14,Coulthard,0.0
2005,mclaren,8,Räikkönen,10.0
2005,renault,21,Fisichella,8.0
2005,renault,4,Alonso,6.0
2005,williams,17,Webber,5.0
2005,bar,18,Button,4.0
2005,red_bull,14,Coulthard,3.0
2005,ferrari,30,Schumacher,2.0
2005,toyota,23,Schumacher,1.0
2005,red_bull,32,Klien,0.0
2005,sauber,13,Massa,0.0
2005,ferrari,22,Barrichello,0.0
2005,sauber,35,Villeneuve,0.0
2005,jordan,33,Monteiro,0.0
2005,minardi,38,Doornbos,0.0
2005,jordan,39,Karthikeyan,0.0
2005,minardi,27,Albers,0.0
2005,williams,42,Pizzonia,0.0
2005,toyota,15,Trulli,0.0
2005,mclaren,31,Pablo Montoya,0.0
2005,bar,11,Sato,0.0
2005,renault,4,Alonso,10.0
2005,mclaren,8,Räikkönen,8.0
2005,toyota,23,Schumacher,6.0
2005,renault,21,Fisichella,5.0
2005,red_bull,32,Klien,4.0
2005,sauber,13,Massa,3.0
2005,williams,17,Webber,2.0
2005,bar,18,Button,1.0
2005,red_bull,14,Coulthard,0.0
2005,sauber,35,Villeneuve,0.0
2005,jordan,33,Monteiro,0.0
2005,ferrari,22,Barrichello,0.0
2005,williams,42,Pizzonia,0.0
2005,minardi,38,Doornbos,0.0
2005,toyota,15,Trulli,0.0
2005,minardi,27,Albers,0.0
2005,bar,11,Sato,0.0
2005,jordan,39,Karthikeyan,0.0
2005,mclaren,31,Pablo Montoya,0.0
2005,ferrari,30,Schumacher,0.0
2004,ferrari,30,Schumacher,10.0
2004,ferrari,22,Barrichello,8.0
2004,renault,4,Alonso,6.0
2004,williams,23,Schumacher,5.0
2004,williams,31,Pablo Montoya,4.0
2004,bar,18,Button,3.0
2004,renault,15,Trulli,2.0
2004,mclaren,14,Coulthard,1.0
2004,bar,11,Sato,0.0
2004,sauber,21,Fisichella,0.0
2004,jaguar,32,Klien,0.0
2004,toyota,43,da Matta,0.0
2004,toyota,44,Panis,0.0
2004,jordan,45,Pantano,0.0
2004,sauber,13,Massa,0.0
2004,jordan,2,Heidfeld,0.0
2004,minardi,46,Bruni,0.0
2004,jaguar,17,Webber,0.0
2004,minardi,47,Baumgartner,0.0
2004,mclaren,8,Räikkönen,0.0
2004,ferrari,30,Schumacher,10.0
2004,williams,31,Pablo Montoya,8.0
2004,bar,18,Button,6.0
2004,ferrari,22,Barrichello,5.0
2004,renault,15,Trulli,4.0
2004,mclaren,14,Coulthard,3.0
2004,renault,4,Alonso,2.0
2004,sauber,13,Massa,1.0
2004,toyota,43,da Matta,0.0
2004,jaguar,32,Klien,0.0
2004,sauber,21,Fisichella,0.0
2004,toyota,44,Panis,0.0
2004,jordan,45,Pantano,0.0
2004,minardi,46,Bruni,0.0
2004,bar,11,Sato,0.0
2004,minardi,47,Baumgartner,0.0
2004,mclaren,8,Räikkönen,0.0
2004,jordan,2,Heidfeld,0.0
2004,williams,23,Schumacher,0.0
2004,jaguar,17,Webber,0.0
2004,ferrari,30,Schumacher,10.0
2004,ferrari,22,Barrichello,8.0
2004,bar,18,Button,6.0
2004,renault,15,Trulli,5.0
2004,bar,11,Sato,4.0
2004,renault,4,Alonso,3.0
2004,williams,23,Schumacher,2.0
2004,jaguar,17,Webber,1.0
2004,toyota,44,Panis,0.0
2004,toyota,43,da Matta,0.0
2004,sauber,21,Fisichella,0.0
2004,sauber,13,Massa,0.0
2004,williams,31,Pablo Montoya,0.0
2004,jaguar,32,Klien,0.0
2004,jordan,2,Heidfeld,0.0
2004,jordan,45,Pantano,0.0
2004,minardi,46,Bruni,0.0
2004,mclaren,14,Coulthard,0.0
2004,minardi,47,Baumgartner,0.0
2004,mclaren,8,Räikkönen,0.0
2004,ferrari,30,Schumacher,10.0
2004,bar,18,Button,8.0
2004,williams,31,Pablo Montoya,6.0
2004,renault,4,Alonso,5.0
2004,renault,15,Trulli,4.0
2004,ferrari,22,Barrichello,3.0
2004,williams,23,Schumacher,2.0
2004,mclaren,8,Räikkönen,1.0
2004,sauber,21,Fisichella,0.0
2004,sauber,13,Massa,0.0
2004,toyota,44,Panis,0.0
2004,mclaren,14,Coulthard,0.0
2004,jaguar,17,Webber,0.0
2004,jaguar,32,Klien,0.0
2004,minardi,47,Baumgartner,0.0
2004,bar,11,Sato,0.0
2004,jordan,2,Heidfeld,0.0
2004,toyota,43,da Matta,0.0
2004,minardi,46,Bruni,0.0
2004,jordan,45,Pantano,0.0
2004,ferrari,30,Schumacher,10.0
2004,ferrari,22,Barrichello,8.0
2004,renault,15,Trulli,6.0
2004,renault,4,Alonso,5.0
2004,bar,11,Sato,4.0
2004,williams,23,Schumacher,3.0
2004,sauber,21,Fisichella,2.0
2004,bar,18,Button,1.0
2004,sauber,13,Massa,0.0
2004,mclaren,14,Coulthard,0.0
2004,mclaren,8,Räikkönen,0.0
2004,jaguar,17,Webber,0.0
2004,toyota,43,da Matta,0.0
2004,jordan,45,Pantano,0.0
2004,williams,31,Pablo Montoya,0.0
2004,jaguar,32,Klien,0.0
2004,toyota,44,Panis,0.0
2004,jordan,2,Heidfeld,0.0
2004,minardi,46,Bruni,0.0
2004,minardi,47,Baumgartner,0.0
2004,renault,15,Trulli,10.0
2004,bar,18,Button,8.0
2004,ferrari,22,Barrichello,6.0
2004,williams,31,Pablo Montoya,5.0
2004,sauber,13,Massa,4.0
2004,toyota,43,da Matta,3.0
2004,jordan,2,Heidfeld,2.0
2004,toyota,44,Panis,1.0
2004,minardi,47,Baumgartner,0.0
2004,williams,23,Schumacher,0.0
2004,ferrari,30,Schumacher,0.0
2004,renault,4,Alonso,0.0
2004,mclaren,8,Räikkönen,0.0
2004,minardi,46,Bruni,0.0
2004,jordan,45,Pantano,0.0
2004,jaguar,17,Webber,0.0
2004,bar,11,Sato,0.0
2004,mclaren,14,Coulthard,0.0
2004,sauber,21,Fisichella,0.0
2004,jaguar,32,Klien,0.0
2004,ferrari,30,Schumacher,10.0
2004,ferrari,22,Barrichello,8.0
2004,bar,18,Button,6.0
2004,renault,15,Trulli,5.0
2004,renault,4,Alonso,4.0
2004,sauber,21,Fisichella,3.0
2004,jaguar,17,Webber,2.0
2004,williams,31,Pablo Montoya,1.0
2004,sauber,13,Massa,0.0
2004,jordan,2,Heidfeld,0.0
2004,toyota,44,Panis,0.0
2004,jaguar,32,Klien,0.0
2004,jordan,45,Pantano,0.0
2004,minardi,46,Bruni,0.0
2004,minardi,47,Baumgartner,0.0
2004,bar,11,Sato,0.0
2004,mclaren,14,Coulthard,0.0
2004,mclaren,8,Räikkönen,0.0
2004,williams,23,Schumacher,0.0
2004,toyota,43,da Matta,0.0
2004,ferrari,30,Schumacher,10.0
2004,ferrari,22,Barrichello,8.0
2004,bar,18,Button,6.0
2004,sauber,21,Fisichella,5.0
2004,mclaren,8,Räikkönen,4.0
2004,mclaren,14,Coulthard,3.0
2004,jordan,10,Glock,2.0
2004,jordan,2,Heidfeld,1.0
2004,jaguar,32,Klien,0.0
2004,minardi,47,Baumgartner,0.0
2004,sauber,13,Massa,0.0
2004,bar,11,Sato,0.0
2004,renault,4,Alonso,0.0
2004,minardi,46,Bruni,0.0
2004,jaguar,17,Webber,0.0
2004,renault,15,Trulli,0.0
2004,williams,23,Schumacher,0.0
2004,williams,31,Pablo Montoya,0.0
2004,toyota,43,da Matta,0.0
2004,toyota,44,Panis,0.0
2004,ferrari,30,Schumacher,10.0
2004,ferrari,22,Barrichello,8.0
2004,bar,11,Sato,6.0
2004,renault,15,Trulli,5.0
2004,toyota,44,Panis,4.0
2004,mclaren,8,Räikkönen,3.0
2004,mclaren,14,Coulthard,2.0
2004,minardi,47,Baumgartner,1.0
2004,sauber,21,Fisichella,0.0
2004,jaguar,17,Webber,0.0
2004,williams,31,Pablo Montoya,0.0
2004,jordan,2,Heidfeld,0.0
2004,bar,18,Button,0.0
2004,toyota,43,da Matta,0.0
2004,williams,23,Schumacher,0.0
2004,renault,4,Alonso,0.0
2004,jaguar,32,Klien,0.0
2004,sauber,13,Massa,0.0
2004,jordan,45,Pantano,0.0
2004,minardi,46,Bruni,0.0
2004,ferrari,30,Schumacher,10.0
2004,renault,4,Alonso,8.0
2004,ferrari,22,Barrichello,6.0
2004,renault,15,Trulli,5.0
2004,bar,18,Button,4.0
2004,mclaren,14,Coulthard,3.0
2004,mclaren,8,Räikkönen,2.0
2004,williams,31,Pablo Montoya,1.0
2004,jaguar,17,Webber,0.0
2004,williams,48,Gené,0.0
2004,jaguar,32,Klien,0.0
2004,sauber,21,Fisichella,0.0
2004,sauber,13,Massa,0.0
2004,toyota,43,da Matta,0.0
2004,toyota,44,Panis,0.0
2004,jordan,2,Heidfeld,0.0
2004,jordan,45,Pantano,0.0
2004,minardi,46,Bruni,0.0
2004,minardi,47,Baumgartner,0.0
2004,bar,11,Sato,0.0
2004,ferrari,30,Schumacher,10.0
2004,mclaren,8,Räikkönen,8.0
2004,ferrari,22,Barrichello,6.0
2004,bar,18,Button,5.0
2004,williams,31,Pablo Montoya,4.0
2004,sauber,21,Fisichella,3.0
2004,mclaren,14,Coulthard,2.0
2004,jaguar,17,Webber,1.0
2004,sauber,13,Massa,0.0
2004,renault,4,Alonso,0.0
2004,bar,11,Sato,0.0
2004,williams,48,Gené,0.0
2004,toyota,43,da Matta,0.0
2004,jaguar,32,Klien,0.0
2004,jordan,2,Heidfeld,0.0
2004,minardi,46,Bruni,0.0
2004,jordan,45,Pantano,0.0
2004,renault,15,Trulli,0.0
2004,minardi,47,Baumgartner,0.0
2004,toyota,44,Panis,0.0
2004,ferrari,30,Schumacher,10.0
2004,bar,18,Button,8.0
2004,renault,4,Alonso,6.0
2004,mclaren,14,Coulthard,5.0
2004,williams,31,Pablo Montoya,4.0
2004,jaguar,17,Webber,3.0
2004,williams,42,Pizzonia,2.0
2004,bar,11,Sato,1.0
2004,sauber,21,Fisichella,0.0
2004,jaguar,32,Klien,0.0
2004,renault,15,Trulli,0.0
2004,ferrari,22,Barrichello,0.0
2004,sauber,13,Massa,0.0
2004,toyota,44,Panis,0.0
2004,jordan,45,Pantano,0.0
2004,minardi,47,Baumgartner,0.0
2004,minardi,46,Bruni,0.0
2004,jordan,2,Heidfeld,0.0
2004,toyota,43,da Matta,0.0
2004,mclaren,8,Räikkönen,0.0
2004,ferrari,30,Schumacher,10.0
2004,ferrari,22,Barrichello,8.0
2004,renault,4,Alonso,6.0
2004,williams,31,Pablo Montoya,5.0
2004,bar,18,Button,4.0
2004,bar,11,Sato,3.0
2004,williams,42,Pizzonia,2.0
2004,sauber,21,Fisichella,1.0
2004,mclaren,14,Coulthard,0.0
2004,jaguar,17,Webber,0.0
2004,toyota,44,Panis,0.0
2004,jordan,2,Heidfeld,0.0
2004,jaguar,32,Klien,0.0
2004,minardi,46,Bruni,0.0
2004,minardi,47,Baumgartner,0.0
2004,jordan,45,Pantano,0.0
2004,renault,15,Trulli,0.0
2004,toyota,41,Zonta,0.0
2004,sauber,13,Massa,0.0
2004,mclaren,8,Räikkönen,0.0
2004,mclaren,8,Räikkönen,10.0
2004,ferrari,30,Schumacher,8.0
2004,ferrari,22,Barrichello,6.0
2004,sauber,13,Massa,5.0
2004,sauber,21,Fisichella,4.0
2004,jaguar,32,Klien,3.0
2004,mclaren,14,Coulthard,2.0
2004,toyota,44,Panis,1.0
2004,renault,15,Trulli,0.0
2004,toyota,41,Zonta,0.0
2004,jordan,2,Heidfeld,0.0
2004,williams,31,Pablo Montoya,0.0
2004,williams,42,Pizzonia,0.0
2004,bar,18,Button,0.0
2004,minardi,47,Baumgartner,0.0
2004,renault,4,Alonso,0.0
2004,jaguar,17,Webber,0.0
2004,bar,11,Sato,0.0
2004,minardi,46,Bruni,0.0
2004,jordan,45,Pantano,0.0
2004,ferrari,22,Barrichello,10.0
2004,ferrari,30,Schumacher,8.0
2004,bar,18,Button,6.0
2004,bar,11,Sato,5.0
2004,williams,31,Pablo Montoya,4.0
2004,mclaren,14,Coulthard,3.0
2004,williams,42,Pizzonia,2.0
2004,sauber,21,Fisichella,1.0
2004,jaguar,17,Webber,0.0
2004,renault,15,Trulli,0.0
2004,toyota,41,Zonta,0.0
2004,sauber,13,Massa,0.0
2004,jaguar,32,Klien,0.0
2004,jordan,2,Heidfeld,0.0
2004,minardi,47,Baumgartner,0.0
2004,renault,4,Alonso,0.0
2004,jordan,45,Pantano,0.0
2004,minardi,46,Bruni,0.0
2004,mclaren,8,Räikkönen,0.0
2004,toyota,44,Panis,0.0
2004,ferrari,22,Barrichello,10.0
2004,bar,18,Button,8.0
2004,mclaren,8,Räikkönen,6.0
2004,renault,4,Alonso,5.0
2004,williams,31,Pablo Montoya,4.0
2004,bar,11,Sato,3.0
2004,sauber,21,Fisichella,2.0
2004,sauber,13,Massa,1.0
2004,mclaren,14,Coulthard,0.0
2004,jaguar,17,Webber,0.0
2004,renault,35,Villeneuve,0.0
2004,ferrari,30,Schumacher,0.0
2004,jordan,2,Heidfeld,0.0
2004,toyota,44,Panis,0.0
2004,jordan,10,Glock,0.0
2004,minardi,47,Baumgartner,0.0
2004,minardi,46,Bruni,0.0
2004,williams,23,Schumacher,0.0
2004,toyota,41,Zonta,0.0
2004,jaguar,32,Klien,0.0
2004,ferrari,30,Schumacher,10.0
2004,williams,23,Schumacher,8.0
2004,bar,18,Button,6.0
2004,bar,11,Sato,5.0
2004,renault,4,Alonso,4.0
2004,mclaren,8,Räikkönen,3.0
2004,williams,31,Pablo Montoya,2.0
2004,sauber,21,Fisichella,1.0
2004,sauber,13,Massa,0.0
2004,renault,35,Villeneuve,0.0
2004,toyota,15,Trulli,0.0
2004,jaguar,32,Klien,0.0
2004,jordan,2,Heidfeld,0.0
2004,toyota,44,Panis,0.0
2004,jordan,10,Glock,0.0
2004,minardi,46,Bruni,0.0
2004,minardi,47,Baumgartner,0.0
2004,mclaren,14,Coulthard,0.0
2004,ferrari,22,Barrichello,0.0
2004,jaguar,17,Webber,0.0
2004,williams,31,Pablo Montoya,10.0
2004,mclaren,8,Räikkönen,8.0
2004,ferrari,22,Barrichello,6.0
2004,renault,4,Alonso,5.0
2004,williams,23,Schumacher,4.0
2004,bar,11,Sato,3.0
2004,ferrari,30,Schumacher,2.0
2004,sauber,13,Massa,1.0
2004,sauber,21,Fisichella,0.0
2004,renault,35,Villeneuve,0.0
2004,mclaren,14,Coulthard,0.0
2004,toyota,15,Trulli,0.0
2004,toyota,41,Zonta,0.0
2004,jaguar,32,Klien,0.0
2004,jordan,10,Glock,0.0
2004,minardi,47,Baumgartner,0.0
2004,minardi,46,Bruni,0.0
2004,jaguar,17,Webber,0.0
2004,jordan,2,Heidfeld,0.0
2004,bar,18,Button,0.0
2003,mclaren,14,Coulthard,10.0
2003,williams,31,Pablo Montoya,8.0
2003,mclaren,8,Räikkönen,6.0
2003,ferrari,30,Schumacher,5.0
2003,renault,15,Trulli,4.0
2003,sauber,49,Frentzen,3.0
2003,renault,4,Alonso,2.0
2003,williams,23,Schumacher,1.0
2003,bar,35,Villeneuve,0.0
2003,bar,18,Button,0.0
2003,minardi,50,Verstappen,0.0
2003,jordan,21,Fisichella,0.0
2003,jaguar,42,Pizzonia,0.0
2003,toyota,44,Panis,0.0
2003,sauber,2,Heidfeld,0.0
2003,minardi,51,Wilson,0.0
2003,jaguar,17,Webber,0.0
2003,toyota,43,da Matta,0.0
2003,jordan,52,Firman,0.0
2003,ferrari,22,Barrichello,0.0
2003,mclaren,8,Räikkönen,10.0
2003,ferrari,22,Barrichello,8.0
2003,renault,4,Alonso,6.0
2003,williams,23,Schumacher,5.0
2003,renault,15,Trulli,4.0
2003,ferrari,30,Schumacher,3.0
2003,bar,18,Button,2.0
2003,sauber,2,Heidfeld,1.0
2003,sauber,49,Frentzen,0.0
2003,jordan,52,Firman,0.0
2003,toyota,43,da Matta,0.0
2003,williams,31,Pablo Montoya,0.0
2003,minardi,50,Verstappen,0.0
2003,jaguar,42,Pizzonia,0.0
2003,minardi,51,Wilson,0.0
2003,jaguar,17,Webber,0.0
2003,toyota,44,Panis,0.0
2003,mclaren,14,Coulthard,0.0
2003,jordan,21,Fisichella,0.0
2003,bar,35,Villeneuve,0.0
2003,jordan,21,Fisichella,10.0
2003,mclaren,8,Räikkönen,8.0
2003,renault,4,Alonso,6.0
2003,mclaren,14,Coulthard,5.0
2003,sauber,49,Frentzen,4.0
2003,bar,35,Villeneuve,3.0
2003,williams,23,Schumacher,2.0
2003,renault,15,Trulli,1.0
2003,jaguar,17,Webber,0.0
2003,toyota,43,da Matta,0.0
2003,ferrari,22,Barrichello,0.0
2003,bar,18,Button,0.0
2003,minardi,50,Verstappen,0.0
2003,ferrari,30,Schumacher,0.0
2003,williams,31,Pablo Montoya,0.0
2003,jaguar,42,Pizzonia,0.0
2003,toyota,44,Panis,0.0
2003,jordan,52,Firman,0.0
2003,minardi,51,Wilson,0.0
2003,sauber,2,Heidfeld,0.0
2003,ferrari,30,Schumacher,10.0
2003,mclaren,8,Räikkönen,8.0
2003,ferrari,22,Barrichello,6.0
2003,williams,23,Schumacher,5.0
2003,mclaren,14,Coulthard,4.0
2003,renault,4,Alonso,3.0
2003,williams,31,Pablo Montoya,2.0
2003,bar,18,Button,1.0
2003,toyota,44,Panis,0.0
2003,sauber,2,Heidfeld,0.0
2003,sauber,49,Frentzen,0.0
2003,toyota,43,da Matta,0.0
2003,renault,15,Trulli,0.0
2003,jaguar,42,Pizzonia,0.0
2003,jordan,21,Fisichella,0.0
2003,jaguar,17,Webber,0.0
2003,jordan,52,Firman,0.0
2003,minardi,50,Verstappen,0.0
2003,minardi,51,Wilson,0.0
2003,bar,35,Villeneuve,0.0
2003,ferrari,30,Schumacher,10.0
2003,renault,4,Alonso,8.0
2003,ferrari,22,Barrichello,6.0
2003,williams,31,Pablo Montoya,5.0
2003,williams,23,Schumacher,4.0
2003,toyota,43,da Matta,3.0
2003,jaguar,17,Webber,2.0
2003,jordan,52,Firman,1.0
2003,bar,18,Button,0.0
2003,sauber,2,Heidfeld,0.0
2003,minardi,51,Wilson,0.0
2003,minardi,50,Verstappen,0.0
2003,jordan,21,Fisichella,0.0
2003,toyota,44,Panis,0.0
2003,sauber,49,Frentzen,0.0
2003,mclaren,14,Coulthard,0.0
2003,bar,35,Villeneuve,0.0
2003,renault,15,Trulli,0.0
2003,jaguar,42,Pizzonia,0.0
2003,mclaren,8,Räikkönen,0.0
2003,ferrari,30,Schumacher,10.0
2003,mclaren,8,Räikkönen,8.0
2003,ferrari,22,Barrichello,6.0
2003,bar,18,Button,5.0
2003,mclaren,14,Coulthard,4.0
2003,williams,23,Schumacher,3.0
2003,jaguar,17,Webber,2.0
2003,renault,15,Trulli,1.0
2003,jaguar,42,Pizzonia,0.0
2003,toyota,43,da Matta,0.0
2003,jordan,52,Firman,0.0
2003,bar,35,Villeneuve,0.0
2003,minardi,51,Wilson,0.0
2003,jordan,21,Fisichella,0.0
2003,sauber,2,Heidfeld,0.0
2003,renault,4,Alonso,0.0
2003,williams,31,Pablo Montoya,0.0
2003,toyota,44,Panis,0.0
2003,minardi,50,Verstappen,0.0
2003,sauber,49,Frentzen,0.0
2003,williams,31,Pablo Montoya,10.0
2003,mclaren,8,Räikkönen,8.0
2003,ferrari,30,Schumacher,6.0
2003,williams,23,Schumacher,5.0
2003,renault,4,Alonso,4.0
2003,renault,15,Trulli,3.0
2003,mclaren,14,Coulthard,2.0
2003,ferrari,22,Barrichello,1.0
2003,toyota,43,da Matta,0.0
2003,jordan,21,Fisichella,0.0
2003,sauber,2,Heidfeld,0.0
2003,jordan,52,Firman,0.0
2003,toyota,44,Panis,0.0
2003,bar,35,Villeneuve,0.0
2003,minardi,51,Wilson,0.0
2003,minardi,50,Verstappen,0.0
2003,jaguar,17,Webber,0.0
2003,jaguar,42,Pizzonia,0.0
2003,sauber,49,Frentzen,0.0
2003,bar,18,Button,0.0
2003,ferrari,30,Schumacher,10.0
2003,williams,23,Schumacher,8.0
2003,williams,31,Pablo Montoya,6.0
2003,renault,4,Alonso,5.0
2003,ferrari,22,Barrichello,4.0
2003,mclaren,8,Räikkönen,3.0
2003,jaguar,17,Webber,2.0
2003,toyota,44,Panis,1.0
2003,minardi,50,Verstappen,0.0
2003,jaguar,42,Pizzonia,0.0
2003,toyota,43,da Matta,0.0
2003,minardi,51,Wilson,0.0
2003,bar,18,Button,0.0
2003,mclaren,14,Coulthard,0.0
2003,sauber,2,Heidfeld,0.0
2003,renault,15,Trulli,0.0
2003,jordan,21,Fisichella,0.0
2003,jordan,52,Firman,0.0
2003,bar,35,Villeneuve,0.0
2003,sauber,49,Frentzen,0.0
2003,williams,23,Schumacher,10.0
2003,williams,31,Pablo Montoya,8.0
2003,ferrari,22,Barrichello,6.0
2003,renault,4,Alonso,5.0
2003,ferrari,30,Schumacher,4.0
2003,jaguar,17,Webber,3.0
2003,bar,18,Button,2.0
2003,sauber,2,Heidfeld,1.0
2003,sauber,49,Frentzen,0.0
2003,jaguar,42,Pizzonia,0.0
2003,jordan,52,Firman,0.0
2003,jordan,21,Fisichella,0.0
2003,minardi,51,Wilson,0.0
2003,minardi,50,Verstappen,0.0
2003,mclaren,14,Coulthard,0.0
2003,toyota,43,da Matta,0.0
2003,bar,35,Villeneuve,0.0
2003,renault,15,Trulli,0.0
2003,toyota,44,Panis,0.0
2003,mclaren,8,Räikkönen,0.0
2003,williams,23,Schumacher,10.0
2003,williams,31,Pablo Montoya,8.0
2003,ferrari,30,Schumacher,6.0
2003,mclaren,8,Räikkönen,5.0
2003,mclaren,14,Coulthard,4.0
2003,jaguar,17,Webber,3.0
2003,ferrari,22,Barrichello,2.0
2003,toyota,44,Panis,1.0
2003,bar,35,Villeneuve,0.0
2003,jaguar,42,Pizzonia,0.0
2003,toyota,43,da Matta,0.0
2003,sauber,49,Frentzen,0.0
2003,sauber,2,Heidfeld,0.0
2003,minardi,51,Wilson,0.0
2003,jordan,52,Firman,0.0
2003,minardi,50,Verstappen,0.0
2003,renault,15,Trulli,0.0
2003,renault,4,Alonso,0.0
2003,jordan,21,Fisichella,0.0
2003,bar,18,Button,0.0
2003,ferrari,22,Barrichello,10.0
2003,williams,31,Pablo Montoya,8.0
2003,mclaren,8,Räikkönen,6.0
2003,ferrari,30,Schumacher,5.0
2003,mclaren,14,Coulthard,4.0
2003,renault,15,Trulli,3.0
2003,toyota,43,da Matta,2.0
2003,bar,18,Button,1.0
2003,williams,23,Schumacher,0.0
2003,bar,35,Villeneuve,0.0
2003,toyota,44,Panis,0.0
2003,sauber,49,Frentzen,0.0
2003,jordan,52,Firman,0.0
2003,jaguar,17,Webber,0.0
2003,minardi,50,Verstappen,0.0
2003,minardi,51,Wilson,0.0
2003,sauber,2,Heidfeld,0.0
2003,renault,4,Alonso,0.0
2003,jordan,21,Fisichella,0.0
2003,jaguar,42,Pizzonia,0.0
2003,williams,31,Pablo Montoya,10.0
2003,mclaren,14,Coulthard,8.0
2003,renault,15,Trulli,6.0
2003,renault,4,Alonso,5.0
2003,toyota,44,Panis,4.0
2003,toyota,43,da Matta,3.0
2003,ferrari,30,Schumacher,2.0
2003,bar,18,Button,1.0
2003,bar,35,Villeneuve,0.0
2003,sauber,2,Heidfeld,0.0
2003,jaguar,17,Webber,0.0
2003,minardi,53,Kiesa,0.0
2003,jordan,21,Fisichella,0.0
2003,minardi,50,Verstappen,0.0
2003,jaguar,51,Wilson,0.0
2003,williams,23,Schumacher,0.0
2003,sauber,49,Frentzen,0.0
2003,ferrari,22,Barrichello,0.0
2003,mclaren,8,Räikkönen,0.0
2003,jordan,52,Firman,0.0
2003,renault,4,Alonso,10.0
2003,mclaren,8,Räikkönen,8.0
2003,williams,31,Pablo Montoya,6.0
2003,williams,23,Schumacher,5.0
2003,mclaren,14,Coulthard,4.0
2003,jaguar,17,Webber,3.0
2003,renault,15,Trulli,2.0
2003,ferrari,30,Schumacher,1.0
2003,sauber,2,Heidfeld,0.0
2003,bar,18,Button,0.0
2003,toyota,43,da Matta,0.0
2003,minardi,50,Verstappen,0.0
2003,minardi,53,Kiesa,0.0
2003,sauber,49,Frentzen,0.0
2003,jaguar,51,Wilson,0.0
2003,jordan,47,Baumgartner,0.0
2003,toyota,44,Panis,0.0
2003,jordan,21,Fisichella,0.0
2003,ferrari,22,Barrichello,0.0
2003,bar,35,Villeneuve,0.0
2003,ferrari,30,Schumacher,10.0
2003,williams,31,Pablo Montoya,8.0
2003,ferrari,22,Barrichello,6.0
2003,mclaren,8,Räikkönen,5.0
2003,williams,48,Gené,4.0
2003,bar,35,Villeneuve,3.0
2003,jaguar,17,Webber,2.0
2003,renault,4,Alonso,1.0
2003,sauber,2,Heidfeld,0.0
2003,jordan,21,Fisichella,0.0
2003,jordan,47,Baumgartner,0.0
2003,minardi,53,Kiesa,0.0
2003,sauber,49,Frentzen,0.0
2003,mclaren,14,Coulthard,0.0
2003,toyota,44,Panis,0.0
2003,minardi,50,Verstappen,0.0
2003,bar,18,Button,0.0
2003,toyota,43,da Matta,0.0
2003,jaguar,51,Wilson,0.0
2003,renault,15,Trulli,0.0
2003,ferrari,30,Schumacher,10.0
2003,mclaren,8,Räikkönen,8.0
2003,sauber,49,Frentzen,6.0
2003,renault,15,Trulli,5.0
2003,sauber,2,Heidfeld,4.0
2003,williams,31,Pablo Montoya,3.0
2003,jordan,21,Fisichella,2.0
2003,jaguar,51,Wilson,1.0
2003,toyota,43,da Matta,0.0
2003,minardi,50,Verstappen,0.0
2003,minardi,53,Kiesa,0.0
2003,bar,35,Villeneuve,0.0
2003,jordan,52,Firman,0.0
2003,mclaren,14,Coulthard,0.0
2003,renault,4,Alonso,0.0
2003,bar,18,Button,0.0
2003,toyota,44,Panis,0.0
2003,jaguar,17,Webber,0.0
2003,williams,23,Schumacher,0.0
2003,ferrari,22,Barrichello,0.0
2003,ferrari,22,Barrichello,10.0
2003,mclaren,8,Räikkönen,8.0
2003,mclaren,14,Coulthard,6.0
2003,bar,18,Button,5.0
2003,renault,15,Trulli,4.0
2003,bar,11,Sato,3.0
2003,toyota,43,da Matta,2.0
2003,ferrari,30,Schumacher,1.0
2003,sauber,2,Heidfeld,0.0
2003,toyota,44,Panis,0.0
2003,jaguar,17,Webber,0.0
2003,williams,23,Schumacher,0.0
2003,jaguar,51,Wilson,0.0
2003,jordan,52,Firman,0.0
2003,minardi,50,Verstappen,0.0
2003,minardi,53,Kiesa,0.0
2003,jordan,21,Fisichella,0.0
2003,renault,4,Alonso,0.0
2003,sauber,49,Frentzen,0.0
2003,williams,31,Pablo Montoya,0.0
2002,ferrari,30,Schumacher,10.0
2002,williams,31,Pablo Montoya,6.0
2002,mclaren,8,Räikkönen,4.0
2002,jaguar,56,Irvine,3.0
2002,minardi,17,Webber,2.0
2002,toyota,63,Salo,1.0
2002,minardi,62,Yoong,0.0
2002,jaguar,37,de la Rosa,0.0
2002,mclaren,14,Coulthard,0.0
2002,bar,35,Villeneuve,0.0
2002,arrows,49,Frentzen,0.0
2002,arrows,59,Bernoldi,0.0
2002,jordan,11,Sato,0.0
2002,renault,15,Trulli,0.0
2002,ferrari,22,Barrichello,0.0
2002,williams,23,Schumacher,0.0
2002,jordan,21,Fisichella,0.0
2002,sauber,13,Massa,0.0
2002,sauber,2,Heidfeld,0.0
2002,renault,18,Button,0.0
2002,bar,44,Panis,0.0
2002,toyota,66,McNish,0.0
2002,williams,23,Schumacher,10.0
2002,williams,31,Pablo Montoya,6.0
2002,ferrari,30,Schumacher,4.0
2002,renault,18,Button,3.0
2002,sauber,2,Heidfeld,2.0
2002,sauber,13,Massa,1.0
2002,toyota,66,McNish,0.0
2002,bar,35,Villeneuve,0.0
2002,jordan,11,Sato,0.0
2002,jaguar,37,de la Rosa,0.0
2002,arrows,49,Frentzen,0.0
2002,toyota,63,Salo,0.0
2002,jordan,21,Fisichella,0.0
2002,ferrari,22,Barrichello,0.0
2002,minardi,17,Webber,0.0
2002,jaguar,56,Irvine,0.0
2002,minardi,62,Yoong,0.0
2002,mclaren,8,Räikkönen,0.0
2002,arrows,59,Bernoldi,0.0
2002,mclaren,14,Coulthard,0.0
2002,bar,44,Panis,0.0
2002,renault,15,Trulli,0.0
2002,ferrari,30,Schumacher,10.0
2002,williams,23,Schumacher,6.0
2002,mclaren,14,Coulthard,4.0
2002,renault,18,Button,3.0
2002,williams,31,Pablo Montoya,2.0
2002,toyota,63,Salo,1.0
2002,jaguar,56,Irvine,0.0
2002,jaguar,37,de la Rosa,0.0
2002,jordan,11,Sato,0.0
2002,bar,35,Villeneuve,0.0
2002,minardi,17,Webber,0.0
2002,mclaren,8,Räikkönen,0.0
2002,minardi,62,Yoong,0.0
2002,sauber,2,Heidfeld,0.0
2002,renault,15,Trulli,0.0
2002,sauber,13,Massa,0.0
2002,toyota,66,McNish,0.0
2002,bar,44,Panis,0.0
2002,arrows,49,Frentzen,0.0
2002,arrows,59,Bernoldi,0.0
2002,ferrari,22,Barrichello,0.0
2002,jordan,21,Fisichella,0.0
2002,ferrari,30,Schumacher,10.0
2002,ferrari,22,Barrichello,6.0
2002,williams,23,Schumacher,4.0
2002,williams,31,Pablo Montoya,3.0
2002,renault,18,Button,2.0
2002,mclaren,14,Coulthard,1.0
2002,bar,35,Villeneuve,0.0
2002,sauber,13,Massa,0.0
2002,renault,15,Trulli,0.0
2002,sauber,2,Heidfeld,0.0
2002,minardi,17,Webber,0.0
2002,arrows,59,Bernoldi,0.0
2002,jaguar,56,Irvine,0.0
2002,mclaren,8,Räikkönen,0.0
2002,bar,44,Panis,0.0
2002,jaguar,37,de la Rosa,0.0
2002,toyota,63,Salo,0.0
2002,arrows,49,Frentzen,0.0
2002,jordan,21,Fisichella,0.0
2002,jordan,11,Sato,0.0
2002,toyota,66,McNish,0.0
2002,minardi,62,Yoong,0.0
2002,ferrari,30,Schumacher,10.0
2002,williams,31,Pablo Montoya,6.0
2002,mclaren,14,Coulthard,4.0
2002,sauber,2,Heidfeld,3.0
2002,sauber,13,Massa,2.0
2002,arrows,49,Frentzen,1.0
2002,bar,35,Villeneuve,0.0
2002,toyota,66,McNish,0.0
2002,toyota,63,Salo,0.0
2002,renault,15,Trulli,0.0
2002,williams,23,Schumacher,0.0
2002,renault,18,Button,0.0
2002,bar,44,Panis,0.0
2002,jaguar,56,Irvine,0.0
2002,arrows,59,Bernoldi,0.0
2002,jordan,11,Sato,0.0
2002,jordan,21,Fisichella,0.0
2002,mclaren,8,Räikkönen,0.0
2002,jaguar,37,de la Rosa,0.0
2002,ferrari,22,Barrichello,0.0
2002,minardi,17,Webber,0.0
2002,minardi,62,Yoong,0.0
2002,ferrari,30,Schumacher,10.0
2002,ferrari,22,Barrichello,6.0
2002,williams,31,Pablo Montoya,4.0
2002,williams,23,Schumacher,3.0
2002,jordan,21,Fisichella,2.0
2002,mclaren,14,Coulthard,1.0
2002,renault,18,Button,0.0
2002,toyota,63,Salo,0.0
2002,toyota,66,McNish,0.0
2002,bar,35,Villeneuve,0.0
2002,arrows,49,Frentzen,0.0
2002,minardi,17,Webber,0.0
2002,renault,15,Trulli,0.0
2002,minardi,62,Yoong,0.0
2002,jaguar,56,Irvine,0.0
2002,sauber,2,Heidfeld,0.0
2002,jordan,11,Sato,0.0
2002,bar,44,Panis,0.0
2002,sauber,13,Massa,0.0
2002,mclaren,8,Räikkönen,0.0
2002,arrows,59,Bernoldi,0.0
2002,jaguar,37,de la Rosa,0.0
2002,mclaren,14,Coulthard,10.0
2002,ferrari,30,Schumacher,6.0
2002,williams,23,Schumacher,4.0
2002,renault,15,Trulli,3.0
2002,jordan,21,Fisichella,2.0
2002,arrows,49,Frentzen,1.0
2002,ferrari,22,Barrichello,0.0
2002,sauber,2,Heidfeld,0.0
2002,jaguar,56,Irvine,0.0
2002,jaguar,37,de la Rosa,0.0
2002,minardi,17,Webber,0.0
2002,arrows,59,Bernoldi,0.0
2002,toyota,63,Salo,0.0
2002,sauber,13,Massa,0.0
2002,bar,44,Panis,0.0
2002,renault,18,Button,0.0
2002,williams,31,Pablo Montoya,0.0
2002,bar,35,Villeneuve,0.0
2002,mclaren,8,Räikkönen,0.0
2002,minardi,62,Yoong,0.0
2002,jordan,11,Sato,0.0
2002,toyota,66,McNish,0.0
2002,ferrari,30,Schumacher,10.0
2002,mclaren,14,Coulthard,6.0
2002,ferrari,22,Barrichello,4.0
2002,mclaren,8,Räikkönen,3.0
2002,jordan,21,Fisichella,2.0
2002,renault,15,Trulli,1.0
2002,williams,23,Schumacher,0.0
2002,bar,44,Panis,0.0
2002,sauber,13,Massa,0.0
2002,jordan,11,Sato,0.0
2002,minardi,17,Webber,0.0
2002,sauber,2,Heidfeld,0.0
2002,arrows,49,Frentzen,0.0
2002,minardi,62,Yoong,0.0
2002,renault,18,Button,0.0
2002,williams,31,Pablo Montoya,0.0
2002,toyota,66,McNish,0.0
2002,jaguar,56,Irvine,0.0
2002,toyota,63,Salo,0.0
2002,jaguar,37,de la Rosa,0.0
2002,arrows,59,Bernoldi,0.0
2002,bar,35,Villeneuve,0.0
2002,ferrari,22,Barrichello,10.0
2002,ferrari,30,Schumacher,6.0
2002,mclaren,8,Räikkönen,4.0
2002,williams,23,Schumacher,3.0
2002,renault,18,Button,2.0
2002,sauber,13,Massa,1.0
2002,sauber,2,Heidfeld,0.0
2002,renault,15,Trulli,0.0
2002,bar,44,Panis,0.0
2002,jaguar,37,de la Rosa,0.0
2002,arrows,59,Bernoldi,0.0
2002,bar,35,Villeneuve,0.0
2002,arrows,49,Frentzen,0.0
2002,toyota,66,McNish,0.0
2002,minardi,17,Webber,0.0
2002,jordan,11,Sato,0.0
2002,toyota,63,Salo,0.0
2002,minardi,62,Yoong,0.0
2002,jaguar,56,Irvine,0.0
2002,williams,31,Pablo Montoya,0.0
2002,mclaren,14,Coulthard,0.0
2002,jordan,21,Fisichella,0.0
2002,ferrari,30,Schumacher,10.0
2002,ferrari,22,Barrichello,6.0
2002,williams,31,Pablo Montoya,4.0
2002,bar,35,Villeneuve,3.0
2002,bar,44,Panis,2.0
2002,sauber,2,Heidfeld,1.0
2002,jordan,21,Fisichella,0.0
2002,williams,23,Schumacher,0.0
2002,sauber,13,Massa,0.0
2002,mclaren,14,Coulthard,0.0
2002,jaguar,37,de la Rosa,0.0
2002,renault,18,Button,0.0
2002,jordan,11,Sato,0.0
2002,mclaren,8,Räikkönen,0.0
2002,renault,15,Trulli,0.0
2002,arrows,59,Bernoldi,0.0
2002,jaguar,56,Irvine,0.0
2002,arrows,49,Frentzen,0.0
2002,toyota,63,Salo,0.0
2002,minardi,17,Webber,0.0
2002,toyota,66,McNish,0.0
2002,ferrari,30,Schumacher,10.0
2002,mclaren,8,Räikkönen,6.0
2002,mclaren,14,Coulthard,4.0
2002,williams,31,Pablo Montoya,3.0
2002,williams,23,Schumacher,2.0
2002,renault,18,Button,1.0
2002,sauber,2,Heidfeld,0.0
2002,minardi,17,Webber,0.0
2002,jaguar,37,de la Rosa,0.0
2002,minardi,62,Yoong,0.0
2002,toyota,66,McNish,0.0
2002,jaguar,56,Irvine,0.0
2002,renault,15,Trulli,0.0
2002,sauber,13,Massa,0.0
2002,toyota,63,Salo,0.0
2002,bar,35,Villeneuve,0.0
2002,bar,44,Panis,0.0
2002,jordan,11,Sato,0.0
2002,ferrari,22,Barrichello,0.0
2002,arrows,49,Frentzen,0.0
2002,arrows,59,Bernoldi,0.0
2002,jordan,21,Fisichella,0.0
2002,ferrari,30,Schumacher,10.0
2002,williams,31,Pablo Montoya,6.0
2002,williams,23,Schumacher,4.0
2002,ferrari,22,Barrichello,3.0
2002,mclaren,14,Coulthard,2.0
2002,sauber,2,Heidfeld,1.0
2002,sauber,13,Massa,0.0
2002,jordan,11,Sato,0.0
2002,toyota,63,Salo,0.0
2002,jordan,21,Fisichella,0.0
2002,mclaren,8,Räikkönen,0.0
2002,jaguar,56,Irvine,0.0
2002,arrows,59,Bernoldi,0.0
2002,bar,44,Panis,0.0
2002,renault,15,Trulli,0.0
2002,bar,35,Villeneuve,0.0
2002,renault,18,Button,0.0
2002,toyota,66,McNish,0.0
2002,minardi,17,Webber,0.0
2002,arrows,49,Frentzen,0.0
2002,jaguar,37,de la Rosa,0.0
2002,ferrari,22,Barrichello,10.0
2002,ferrari,30,Schumacher,6.0
2002,williams,23,Schumacher,4.0
2002,mclaren,8,Räikkönen,3.0
2002,mclaren,14,Coulthard,2.0
2002,jordan,21,Fisichella,1.0
2002,sauber,13,Massa,0.0
2002,renault,15,Trulli,0.0
2002,sauber,2,Heidfeld,0.0
2002,jordan,11,Sato,0.0
2002,williams,31,Pablo Montoya,0.0
2002,bar,44,Panis,0.0
2002,jaguar,37,de la Rosa,0.0
2002,toyota,66,McNish,0.0
2002,toyota,63,Salo,0.0
2002,minardi,17,Webber,0.0
2002,minardi,19,Davidson,0.0
2002,renault,18,Button,0.0
2002,jaguar,56,Irvine,0.0
2002,bar,35,Villeneuve,0.0
2002,ferrari,30,Schumacher,10.0
2002,ferrari,22,Barrichello,6.0
2002,williams,31,Pablo Montoya,4.0
2002,mclaren,14,Coulthard,3.0
2002,williams,23,Schumacher,2.0
2002,jaguar,56,Irvine,1.0
2002,toyota,63,Salo,0.0
2002,bar,35,Villeneuve,0.0
2002,toyota,66,McNish,0.0
2002,sauber,2,Heidfeld,0.0
2002,jordan,11,Sato,0.0
2002,bar,44,Panis,0.0
2002,jordan,21,Fisichella,0.0
2002,jaguar,37,de la Rosa,0.0
2002,sauber,13,Massa,0.0
2002,mclaren,8,Räikkönen,0.0
2002,renault,15,Trulli,0.0
2002,minardi,19,Davidson,0.0
2002,renault,18,Button,0.0
2002,minardi,17,Webber,0.0
2002,ferrari,22,Barrichello,10.0
2002,ferrari,30,Schumacher,6.0
2002,jaguar,56,Irvine,4.0
2002,renault,15,Trulli,3.0
2002,renault,18,Button,2.0
2002,bar,44,Panis,1.0
2002,mclaren,14,Coulthard,0.0
2002,jordan,21,Fisichella,0.0
2002,bar,35,Villeneuve,0.0
2002,sauber,2,Heidfeld,0.0
2002,toyota,63,Salo,0.0
2002,jordan,11,Sato,0.0
2002,minardi,62,Yoong,0.0
2002,williams,31,Pablo Montoya,0.0
2002,mclaren,8,Räikkönen,0.0
2002,minardi,17,Webber,0.0
2002,sauber,13,Massa,0.0
2002,jaguar,37,de la Rosa,0.0
2002,toyota,66,McNish,0.0
2002,williams,23,Schumacher,0.0
2002,ferrari,22,Barrichello,10.0
2002,ferrari,30,Schumacher,6.0
2002,mclaren,14,Coulthard,4.0
2002,williams,31,Pablo Montoya,3.0
2002,renault,15,Trulli,2.0
2002,bar,35,Villeneuve,1.0
2002,jordan,21,Fisichella,0.0
2002,renault,18,Button,0.0
2002,sauber,2,Heidfeld,0.0
2002,jaguar,56,Irvine,0.0
2002,jordan,11,Sato,0.0
2002,bar,44,Panis,0.0
2002,sauber,49,Frentzen,0.0
2002,toyota,63,Salo,0.0
2002,toyota,66,McNish,0.0
2002,williams,23,Schumacher,0.0
2002,mclaren,8,Räikkönen,0.0
2002,minardi,62,Yoong,0.0
2002,minardi,17,Webber,0.0
2002,jaguar,37,de la Rosa,0.0
2002,ferrari,30,Schumacher,10.0
2002,ferrari,22,Barrichello,6.0
2002,mclaren,8,Räikkönen,4.0
2002,williams,31,Pablo Montoya,3.0
2002,jordan,11,Sato,2.0
2002,renault,18,Button,1.0
2002,sauber,2,Heidfeld,0.0
2002,toyota,63,Salo,0.0
2002,jaguar,56,Irvine,0.0
2002,minardi,17,Webber,0.0
2002,williams,23,Schumacher,0.0
2002,jaguar,37,de la Rosa,0.0
2002,jordan,21,Fisichella,0.0
2002,renault,15,Trulli,0.0
2002,bar,35,Villeneuve,0.0
2002,minardi,62,Yoong,0.0
2002,bar,44,Panis,0.0
2002,mclaren,14,Coulthard,0.0
2002,sauber,13,Massa,0.0
2002,toyota,66,McNish,0.0
2001,ferrari,30,Schumacher,10.0
2001,mclaren,14,Coulthard,6.0
2001,ferrari,22,Barrichello,4.0
2001,sauber,2,Heidfeld,3.0
2001,jordan,49,Frentzen,2.0
2001,sauber,8,Räikkönen,1.0
2001,bar,44,Panis,0.0
2001,jaguar,54,Burti,0.0
2001,prost,55,Alesi,0.0
2001,arrows,50,Verstappen,0.0
2001,jaguar,56,Irvine,0.0
2001,minardi,4,Alonso,0.0
2001,benetton,21,Fisichella,0.0
2001,benetton,18,Button,0.0
2001,williams,31,Pablo Montoya,0.0
2001,jordan,15,Trulli,0.0
2001,mclaren,57,Häkkinen,0.0
2001,williams,23,Schumacher,0.0
2001,bar,35,Villeneuve,0.0
2001,minardi,58,Marques,0.0
2001,arrows,59,Bernoldi,0.0
2001,prost,60,Mazzacane,0.0
2001,ferrari,30,Schumacher,10.0
2001,ferrari,22,Barrichello,6.0
2001,mclaren,14,Coulthard,4.0
2001,jordan,49,Frentzen,3.0
2001,williams,23,Schumacher,2.0
2001,mclaren,57,Häkkinen,1.0
2001,arrows,50,Verstappen,0.0
2001,jordan,15,Trulli,0.0
2001,prost,55,Alesi,0.0
2001,jaguar,54,Burti,0.0
2001,benetton,18,Button,0.0
2001,prost,60,Mazzacane,0.0
2001,minardi,4,Alonso,0.0
2001,minardi,58,Marques,0.0
2001,benetton,21,Fisichella,0.0
2001,bar,35,Villeneuve,0.0
2001,sauber,2,Heidfeld,0.0
2001,arrows,59,Bernoldi,0.0
2001,williams,31,Pablo Montoya,0.0
2001,jaguar,56,Irvine,0.0
2001,bar,44,Panis,0.0
2001,sauber,8,Räikkönen,0.0
2001,mclaren,14,Coulthard,10.0
2001,ferrari,30,Schumacher,6.0
2001,sauber,2,Heidfeld,4.0
2001,bar,44,Panis,3.0
2001,jordan,15,Trulli,2.0
2001,benetton,21,Fisichella,1.0
2001,bar,35,Villeneuve,0.0
2001,prost,55,Alesi,0.0
2001,minardi,58,Marques,0.0
2001,benetton,18,Button,0.0
2001,jordan,49,Frentzen,0.0
2001,sauber,8,Räikkönen,0.0
2001,williams,23,Schumacher,0.0
2001,prost,60,Mazzacane,0.0
2001,jaguar,56,Irvine,0.0
2001,williams,31,Pablo Montoya,0.0
2001,arrows,50,Verstappen,0.0
2001,jaguar,54,Burti,0.0
2001,minardi,4,Alonso,0.0
2001,arrows,59,Bernoldi,0.0
2001,ferrari,22,Barrichello,0.0
2001,mclaren,57,Häkkinen,0.0
2001,williams,23,Schumacher,10.0
2001,mclaren,14,Coulthard,6.0
2001,ferrari,22,Barrichello,4.0
2001,mclaren,57,Häkkinen,3.0
2001,jordan,15,Trulli,2.0
2001,jordan,49,Frentzen,1.0
2001,sauber,2,Heidfeld,0.0
2001,bar,44,Panis,0.0
2001,prost,55,Alesi,0.0
2001,arrows,59,Bernoldi,0.0
2001,jaguar,54,Burti,0.0
2001,benetton,18,Button,0.0
2001,minardi,58,Marques,0.0
2001,williams,31,Pablo Montoya,0.0
2001,jaguar,56,Irvine,0.0
2001,benetton,21,Fisichella,0.0
2001,bar,35,Villeneuve,0.0
2001,prost,60,Mazzacane,0.0
2001,ferrari,30,Schumacher,0.0
2001,sauber,8,Räikkönen,0.0
2001,arrows,50,Verstappen,0.0
2001,minardi,4,Alonso,0.0
2001,ferrari,30,Schumacher,10.0
2001,williams,31,Pablo Montoya,6.0
2001,bar,35,Villeneuve,4.0
2001,jordan,15,Trulli,3.0
2001,mclaren,14,Coulthard,2.0
2001,sauber,2,Heidfeld,1.0
2001,bar,44,Panis,0.0
2001,sauber,8,Räikkönen,0.0
2001,mclaren,57,Häkkinen,0.0
2001,prost,55,Alesi,0.0
2001,prost,54,Burti,0.0
2001,arrows,50,Verstappen,0.0
2001,minardi,4,Alonso,0.0
2001,benetton,21,Fisichella,0.0
2001,benetton,18,Button,0.0
2001,minardi,58,Marques,0.0
2001,ferrari,22,Barrichello,0.0
2001,jaguar,56,Irvine,0.0
2001,williams,23,Schumacher,0.0
2001,arrows,59,Bernoldi,0.0
2001,jaguar,37,de la Rosa,0.0
2001,jordan,49,Frentzen,0.0
2001,mclaren,14,Coulthard,10.0
2001,ferrari,30,Schumacher,6.0
2001,ferrari,22,Barrichello,4.0
2001,sauber,8,Räikkönen,3.0
2001,bar,44,Panis,2.0
2001,arrows,50,Verstappen,1.0
2001,jaguar,56,Irvine,0.0
2001,bar,35,Villeneuve,0.0
2001,sauber,2,Heidfeld,0.0
2001,prost,55,Alesi,0.0
2001,prost,54,Burti,0.0
2001,benetton,18,Button,0.0
2001,jaguar,37,de la Rosa,0.0
2001,williams,31,Pablo Montoya,0.0
2001,minardi,4,Alonso,0.0
2001,minardi,58,Marques,0.0
2001,arrows,59,Bernoldi,0.0
2001,jordan,15,Trulli,0.0
2001,williams,23,Schumacher,0.0
2001,benetton,21,Fisichella,0.0
2001,mclaren,57,Häkkinen,0.0
2001,jordan,49,Frentzen,0.0
2001,ferrari,30,Schumacher,10.0
2001,ferrari,22,Barrichello,6.0
2001,jaguar,56,Irvine,4.0
2001,bar,35,Villeneuve,3.0
2001,mclaren,14,Coulthard,2.0
2001,prost,55,Alesi,1.0
2001,benetton,18,Button,0.0
2001,arrows,50,Verstappen,0.0
2001,arrows,59,Bernoldi,0.0
2001,sauber,8,Räikkönen,0.0
2001,williams,23,Schumacher,0.0
2001,minardi,58,Marques,0.0
2001,minardi,4,Alonso,0.0
2001,jordan,49,Frentzen,0.0
2001,benetton,21,Fisichella,0.0
2001,jordan,15,Trulli,0.0
2001,prost,54,Burti,0.0
2001,jaguar,37,de la Rosa,0.0
2001,mclaren,57,Häkkinen,0.0
2001,bar,44,Panis,0.0
2001,williams,31,Pablo Montoya,0.0
2001,sauber,2,Heidfeld,0.0
2001,williams,23,Schumacher,10.0
2001,ferrari,30,Schumacher,6.0
2001,mclaren,57,Häkkinen,4.0
2001,sauber,8,Räikkönen,3.0
2001,prost,55,Alesi,2.0
2001,jaguar,37,de la Rosa,1.0
2001,jordan,41,Zonta,0.0
2001,prost,54,Burti,0.0
2001,minardi,58,Marques,0.0
2001,arrows,50,Verstappen,0.0
2001,jordan,15,Trulli,0.0
2001,mclaren,14,Coulthard,0.0
2001,bar,44,Panis,0.0
2001,bar,35,Villeneuve,0.0
2001,arrows,59,Bernoldi,0.0
2001,williams,31,Pablo Montoya,0.0
2001,ferrari,22,Barrichello,0.0
2001,benetton,18,Button,0.0
2001,minardi,4,Alonso,0.0
2001,sauber,2,Heidfeld,0.0
2001,jaguar,56,Irvine,0.0
2001,benetton,21,Fisichella,0.0
2001,ferrari,30,Schumacher,10.0
2001,williams,31,Pablo Montoya,6.0
2001,mclaren,14,Coulthard,4.0
2001,williams,23,Schumacher,3.0
2001,ferrari,22,Barrichello,2.0
2001,mclaren,57,Häkkinen,1.0
2001,jaguar,56,Irvine,0.0
2001,jaguar,37,de la Rosa,0.0
2001,bar,35,Villeneuve,0.0
2001,sauber,8,Räikkönen,0.0
2001,benetton,21,Fisichella,0.0
2001,prost,54,Burti,0.0
2001,benetton,18,Button,0.0
2001,minardi,4,Alonso,0.0
2001,prost,55,Alesi,0.0
2001,arrows,50,Verstappen,0.0
2001,sauber,2,Heidfeld,0.0
2001,jordan,49,Frentzen,0.0
2001,jordan,15,Trulli,0.0
2001,arrows,59,Bernoldi,0.0
2001,bar,44,Panis,0.0
2001,minardi,58,Marques,0.0
2001,ferrari,30,Schumacher,10.0
2001,williams,23,Schumacher,6.0
2001,ferrari,22,Barrichello,4.0
2001,mclaren,14,Coulthard,3.0
2001,jordan,15,Trulli,2.0
2001,sauber,2,Heidfeld,1.0
2001,sauber,8,Räikkönen,0.0
2001,jordan,49,Frentzen,0.0
2001,bar,44,Panis,0.0
2001,prost,54,Burti,0.0
2001,benetton,21,Fisichella,0.0
2001,prost,55,Alesi,0.0
2001,arrows,50,Verstappen,0.0
2001,jaguar,37,de la Rosa,0.0
2001,minardi,58,Marques,0.0
2001,benetton,18,Button,0.0
2001,minardi,4,Alonso,0.0
2001,jaguar,56,Irvine,0.0
2001,williams,31,Pablo Montoya,0.0
2001,arrows,59,Bernoldi,0.0
2001,bar,35,Villeneuve,0.0
2001,mclaren,57,Häkkinen,0.0
2001,mclaren,57,Häkkinen,10.0
2001,ferrari,30,Schumacher,6.0
2001,ferrari,22,Barrichello,4.0
2001,williams,31,Pablo Montoya,3.0
2001,sauber,8,Räikkönen,2.0
2001,sauber,2,Heidfeld,1.0
2001,jordan,49,Frentzen,0.0
2001,bar,35,Villeneuve,0.0
2001,jaguar,56,Irvine,0.0
2001,arrows,50,Verstappen,0.0
2001,prost,55,Alesi,0.0
2001,jaguar,37,de la Rosa,0.0
2001,benetton,21,Fisichella,0.0
2001,arrows,59,Bernoldi,0.0
2001,benetton,18,Button,0.0
2001,minardi,4,Alonso,0.0
2001,williams,23,Schumacher,0.0
2001,prost,54,Burti,0.0
2001,mclaren,14,Coulthard,0.0
2001,jordan,15,Trulli,0.0
2001,bar,44,Panis,0.0
2001,minardi,58,Marques,0.0
2001,williams,23,Schumacher,10.0
2001,ferrari,22,Barrichello,6.0
2001,bar,35,Villeneuve,4.0
2001,benetton,21,Fisichella,3.0
2001,benetton,18,Button,2.0
2001,prost,55,Alesi,1.0
2001,bar,44,Panis,0.0
2001,arrows,59,Bernoldi,0.0
2001,arrows,50,Verstappen,0.0
2001,minardi,4,Alonso,0.0
2001,jordan,15,Trulli,0.0
2001,mclaren,14,Coulthard,0.0
2001,minardi,58,Marques,0.0
2001,williams,31,Pablo Montoya,0.0
2001,ferrari,30,Schumacher,0.0
2001,prost,54,Burti,0.0
2001,sauber,8,Räikkönen,0.0
2001,jaguar,56,Irvine,0.0
2001,mclaren,57,Häkkinen,0.0
2001,jordan,41,Zonta,0.0
2001,sauber,2,Heidfeld,0.0
2001,jaguar,37,de la Rosa,0.0
2001,ferrari,30,Schumacher,10.0
2001,ferrari,22,Barrichello,6.0
2001,mclaren,14,Coulthard,4.0
2001,williams,23,Schumacher,3.0
2001,mclaren,57,Häkkinen,2.0
2001,sauber,2,Heidfeld,1.0
2001,sauber,8,Räikkönen,0.0
2001,williams,31,Pablo Montoya,0.0
2001,bar,35,Villeneuve,0.0
2001,jordan,55,Alesi,0.0
2001,jaguar,37,de la Rosa,0.0
2001,arrows,50,Verstappen,0.0
2001,benetton,21,Fisichella,0.0
2001,prost,49,Frentzen,0.0
2001,minardi,58,Marques,0.0
2001,bar,44,Panis,0.0
2001,jordan,15,Trulli,0.0
2001,minardi,4,Alonso,0.0
2001,benetton,18,Button,0.0
2001,arrows,59,Bernoldi,0.0
2001,prost,54,Burti,0.0
2001,jaguar,56,Irvine,0.0
2001,ferrari,30,Schumacher,10.0
2001,mclaren,14,Coulthard,6.0
2001,benetton,21,Fisichella,4.0
2001,mclaren,57,Häkkinen,3.0
2001,ferrari,22,Barrichello,2.0
2001,jordan,55,Alesi,1.0
2001,williams,23,Schumacher,0.0
2001,bar,35,Villeneuve,0.0
2001,prost,49,Frentzen,0.0
2001,arrows,50,Verstappen,0.0
2001,bar,44,Panis,0.0
2001,arrows,59,Bernoldi,0.0
2001,minardi,58,Marques,0.0
2001,jordan,15,Trulli,0.0
2001,benetton,18,Button,0.0
2001,williams,31,Pablo Montoya,0.0
2001,jaguar,37,de la Rosa,0.0
2001,sauber,2,Heidfeld,0.0
2001,sauber,8,Räikkönen,0.0
2001,jaguar,56,Irvine,0.0
2001,prost,54,Burti,0.0
2001,minardi,4,Alonso,0.0
2001,williams,31,Pablo Montoya,10.0
2001,ferrari,22,Barrichello,6.0
2001,williams,23,Schumacher,4.0
2001,ferrari,30,Schumacher,3.0
2001,jaguar,37,de la Rosa,2.0
2001,bar,35,Villeneuve,1.0
2001,sauber,8,Räikkönen,0.0
2001,jordan,55,Alesi,0.0
2001,bar,44,Panis,0.0
2001,benetton,21,Fisichella,0.0
2001,sauber,2,Heidfeld,0.0
2001,prost,61,Enge,0.0
2001,minardi,4,Alonso,0.0
2001,arrows,59,Bernoldi,0.0
2001,minardi,62,Yoong,0.0
2001,prost,49,Frentzen,0.0
2001,arrows,50,Verstappen,0.0
2001,mclaren,57,Häkkinen,0.0
2001,jaguar,56,Irvine,0.0
2001,mclaren,14,Coulthard,0.0
2001,benetton,18,Button,0.0
2001,jordan,15,Trulli,0.0
2001,mclaren,57,Häkkinen,10.0
2001,ferrari,30,Schumacher,6.0
2001,mclaren,14,Coulthard,4.0
2001,jordan,15,Trulli,3.0
2001,jaguar,56,Irvine,2.0
2001,sauber,2,Heidfeld,1.0
2001,jordan,55,Alesi,0.0
2001,benetton,21,Fisichella,0.0
2001,benetton,18,Button,0.0
2001,prost,49,Frentzen,0.0
2001,bar,44,Panis,0.0
2001,jaguar,37,de la Rosa,0.0
2001,arrows,59,Bernoldi,0.0
2001,prost,61,Enge,0.0
2001,ferrari,22,Barrichello,0.0
2001,bar,35,Villeneuve,0.0
2001,arrows,50,Verstappen,0.0
2001,williams,31,Pablo Montoya,0.0
2001,minardi,62,Yoong,0.0
2001,williams,23,Schumacher,0.0
2001,minardi,4,Alonso,0.0
2001,sauber,8,Räikkönen,0.0
2001,ferrari,30,Schumacher,10.0
2001,williams,31,Pablo Montoya,6.0
2001,mclaren,14,Coulthard,4.0
2001,mclaren,57,Häkkinen,3.0
2001,ferrari,22,Barrichello,2.0
2001,williams,23,Schumacher,1.0
2001,benetton,18,Button,0.0
2001,jordan,15,Trulli,0.0
2001,sauber,2,Heidfeld,0.0
2001,bar,35,Villeneuve,0.0
2001,minardi,4,Alonso,0.0
2001,prost,49,Frentzen,0.0
2001,bar,44,Panis,0.0
2001,arrows,59,Bernoldi,0.0
2001,arrows,50,Verstappen,0.0
2001,minardi,62,Yoong,0.0
2001,benetton,21,Fisichella,0.0
2001,jaguar,37,de la Rosa,0.0
2001,prost,61,Enge,0.0
2001,jaguar,56,Irvine,0.0
2001,sauber,8,Räikkönen,0.0
2001,jordan,55,Alesi,0.0
2000,ferrari,30,Schumacher,10.0
2000,ferrari,22,Barrichello,6.0
2000,williams,23,Schumacher,4.0
2000,bar,35,Villeneuve,3.0
2000,benetton,21,Fisichella,2.0
2000,bar,41,Zonta,1.0
2000,benetton,25,Wurz,0.0
2000,minardi,48,Gené,0.0
2000,prost,2,Heidfeld,0.0
2000,sauber,63,Salo,0.0
2000,williams,18,Button,0.0
2000,sauber,64,Diniz,0.0
2000,minardi,60,Mazzacane,0.0
2000,jordan,49,Frentzen,0.0
2000,jordan,15,Trulli,0.0
2000,prost,55,Alesi,0.0
2000,mclaren,57,Häkkinen,0.0
2000,arrows,50,Verstappen,0.0
2000,mclaren,14,Coulthard,0.0
2000,arrows,37,de la Rosa,0.0
2000,jaguar,56,Irvine,0.0
2000,jaguar,65,Herbert,0.0
2000,ferrari,30,Schumacher,10.0
2000,benetton,21,Fisichella,6.0
2000,jordan,49,Frentzen,4.0
2000,jordan,15,Trulli,3.0
2000,williams,23,Schumacher,2.0
2000,williams,18,Button,1.0
2000,arrows,50,Verstappen,0.0
2000,arrows,37,de la Rosa,0.0
2000,bar,41,Zonta,0.0
2000,minardi,60,Mazzacane,0.0
2000,mclaren,14,Coulthard,0.0
2000,jaguar,65,Herbert,0.0
2000,minardi,48,Gené,0.0
2000,mclaren,57,Häkkinen,0.0
2000,ferrari,22,Barrichello,0.0
2000,jaguar,56,Irvine,0.0
2000,bar,35,Villeneuve,0.0
2000,prost,55,Alesi,0.0
2000,prost,2,Heidfeld,0.0
2000,benetton,25,Wurz,0.0
2000,sauber,64,Diniz,0.0
2000,sauber,63,Salo,0.0
2000,ferrari,30,Schumacher,10.0
2000,mclaren,57,Häkkinen,6.0
2000,mclaren,14,Coulthard,4.0
2000,ferrari,22,Barrichello,3.0
2000,bar,35,Villeneuve,2.0
2000,sauber,63,Salo,1.0
2000,jaguar,56,Irvine,0.0
2000,sauber,64,Diniz,0.0
2000,benetton,25,Wurz,0.0
2000,jaguar,65,Herbert,0.0
2000,benetton,21,Fisichella,0.0
2000,bar,41,Zonta,0.0
2000,minardi,60,Mazzacane,0.0
2000,arrows,50,Verstappen,0.0
2000,jordan,15,Trulli,0.0
2000,arrows,37,de la Rosa,0.0
2000,williams,23,Schumacher,0.0
2000,prost,55,Alesi,0.0
2000,prost,2,Heidfeld,0.0
2000,williams,18,Button,0.0
2000,minardi,48,Gené,0.0
2000,jordan,49,Frentzen,0.0
2000,mclaren,14,Coulthard,10.0
2000,mclaren,57,Häkkinen,6.0
2000,ferrari,30,Schumacher,4.0
2000,williams,23,Schumacher,3.0
2000,williams,18,Button,2.0
2000,jordan,15,Trulli,1.0
2000,benetton,21,Fisichella,0.0
2000,sauber,63,Salo,0.0
2000,benetton,25,Wurz,0.0
2000,prost,55,Alesi,0.0
2000,sauber,64,Diniz,0.0
2000,jaguar,65,Herbert,0.0
2000,jaguar,56,Irvine,0.0
2000,minardi,48,Gené,0.0
2000,minardi,60,Mazzacane,0.0
2000,bar,35,Villeneuve,0.0
2000,jordan,49,Frentzen,0.0
2000,prost,2,Heidfeld,0.0
2000,bar,41,Zonta,0.0
2000,ferrari,22,Barrichello,0.0
2000,arrows,37,de la Rosa,0.0
2000,arrows,50,Verstappen,0.0
2000,mclaren,57,Häkkinen,10.0
2000,mclaren,14,Coulthard,6.0
2000,ferrari,22,Barrichello,4.0
2000,williams,23,Schumacher,3.0
2000,ferrari,30,Schumacher,2.0
2000,jordan,49,Frentzen,1.0
2000,sauber,63,Salo,0.0
2000,bar,41,Zonta,0.0
2000,benetton,21,Fisichella,0.0
2000,benetton,25,Wurz,0.0
2000,jaguar,56,Irvine,0.0
2000,jordan,15,Trulli,0.0
2000,jaguar,65,Herbert,0.0
2000,minardi,48,Gené,0.0
2000,minardi,60,Mazzacane,0.0
2000,prost,2,Heidfeld,0.0
2000,williams,18,Button,0.0
2000,arrows,50,Verstappen,0.0
2000,bar,35,Villeneuve,0.0
2000,prost,55,Alesi,0.0
2000,arrows,37,de la Rosa,0.0
2000,sauber,64,Diniz,0.0
2000,ferrari,30,Schumacher,10.0
2000,mclaren,57,Häkkinen,6.0
2000,mclaren,14,Coulthard,4.0
2000,ferrari,22,Barrichello,3.0
2000,benetton,21,Fisichella,2.0
2000,arrows,37,de la Rosa,1.0
2000,sauber,64,Diniz,0.0
2000,minardi,60,Mazzacane,0.0
2000,prost,55,Alesi,0.0
2000,williams,18,Button,0.0
2000,jaguar,65,Herbert,0.0
2000,benetton,25,Wurz,0.0
2000,bar,41,Zonta,0.0
2000,minardi,48,Gené,0.0
2000,bar,35,Villeneuve,0.0
2000,jaguar,56,Irvine,0.0
2000,arrows,50,Verstappen,0.0
2000,williams,23,Schumacher,0.0
2000,sauber,63,Salo,0.0
2000,jordan,49,Frentzen,0.0
2000,jordan,15,Trulli,0.0
2000,mclaren,14,Coulthard,10.0
2000,ferrari,22,Barrichello,6.0
2000,benetton,21,Fisichella,4.0
2000,jaguar,56,Irvine,3.0
2000,sauber,63,Salo,2.0
2000,mclaren,57,Häkkinen,1.0
2000,bar,35,Villeneuve,0.0
2000,prost,2,Heidfeld,0.0
2000,jaguar,65,Herbert,0.0
2000,jordan,49,Frentzen,0.0
2000,arrows,50,Verstappen,0.0
2000,ferrari,30,Schumacher,0.0
2000,bar,41,Zonta,0.0
2000,williams,23,Schumacher,0.0
2000,jordan,15,Trulli,0.0
2000,sauber,64,Diniz,0.0
2000,prost,55,Alesi,0.0
2000,minardi,60,Mazzacane,0.0
2000,minardi,48,Gené,0.0
2000,benetton,25,Wurz,0.0
2000,williams,18,Button,0.0
2000,arrows,37,de la Rosa,0.0
2000,ferrari,30,Schumacher,10.0
2000,ferrari,22,Barrichello,6.0
2000,benetton,21,Fisichella,4.0
2000,mclaren,57,Häkkinen,3.0
2000,arrows,50,Verstappen,2.0
2000,jordan,15,Trulli,1.0
2000,mclaren,14,Coulthard,0.0
2000,bar,41,Zonta,0.0
2000,benetton,25,Wurz,0.0
2000,sauber,64,Diniz,0.0
2000,williams,18,Button,0.0
2000,minardi,60,Mazzacane,0.0
2000,jaguar,56,Irvine,0.0
2000,williams,23,Schumacher,0.0
2000,bar,35,Villeneuve,0.0
2000,minardi,48,Gené,0.0
2000,arrows,37,de la Rosa,0.0
2000,sauber,63,Salo,0.0
2000,prost,55,Alesi,0.0
2000,prost,2,Heidfeld,0.0
2000,jordan,49,Frentzen,0.0
2000,jaguar,65,Herbert,0.0
2000,mclaren,14,Coulthard,10.0
2000,mclaren,57,Häkkinen,6.0
2000,ferrari,22,Barrichello,4.0
2000,bar,35,Villeneuve,3.0
2000,williams,23,Schumacher,2.0
2000,jordan,15,Trulli,1.0
2000,jordan,49,Frentzen,0.0
2000,williams,18,Button,0.0
2000,benetton,21,Fisichella,0.0
2000,sauber,63,Salo,0.0
2000,sauber,64,Diniz,0.0
2000,prost,2,Heidfeld,0.0
2000,jaguar,56,Irvine,0.0
2000,prost,55,Alesi,0.0
2000,minardi,48,Gené,0.0
2000,ferrari,30,Schumacher,0.0
2000,arrows,37,de la Rosa,0.0
2000,benetton,25,Wurz,0.0
2000,minardi,60,Mazzacane,0.0
2000,arrows,50,Verstappen,0.0
2000,jaguar,65,Herbert,0.0
2000,bar,41,Zonta,0.0
2000,mclaren,57,Häkkinen,10.0
2000,mclaren,14,Coulthard,6.0
2000,ferrari,22,Barrichello,4.0
2000,bar,35,Villeneuve,3.0
2000,williams,18,Button,2.0
2000,sauber,63,Salo,1.0
2000,jaguar,65,Herbert,0.0
2000,minardi,48,Gené,0.0
2000,sauber,64,Diniz,0.0
2000,benetton,25,Wurz,0.0
2000,jaguar,54,Burti,0.0
2000,minardi,60,Mazzacane,0.0
2000,bar,41,Zonta,0.0
2000,williams,23,Schumacher,0.0
2000,prost,2,Heidfeld,0.0
2000,prost,55,Alesi,0.0
2000,arrows,37,de la Rosa,0.0
2000,arrows,50,Verstappen,0.0
2000,jordan,49,Frentzen,0.0
2000,ferrari,30,Schumacher,0.0
2000,jordan,15,Trulli,0.0
2000,benetton,21,Fisichella,0.0
2000,ferrari,22,Barrichello,10.0
2000,mclaren,57,Häkkinen,6.0
2000,mclaren,14,Coulthard,4.0
2000,williams,18,Button,3.0
2000,sauber,63,Salo,2.0
2000,arrows,37,de la Rosa,1.0
2000,williams,23,Schumacher,0.0
2000,bar,35,Villeneuve,0.0
2000,jordan,15,Trulli,0.0
2000,jaguar,56,Irvine,0.0
2000,minardi,60,Mazzacane,0.0
2000,prost,2,Heidfeld,0.0
2000,jordan,49,Frentzen,0.0
2000,arrows,50,Verstappen,0.0
2000,bar,41,Zonta,0.0
2000,minardi,48,Gené,0.0
2000,benetton,25,Wurz,0.0
2000,sauber,64,Diniz,0.0
2000,prost,55,Alesi,0.0
2000,jaguar,65,Herbert,0.0
2000,ferrari,30,Schumacher,0.0
2000,benetton,21,Fisichella,0.0
2000,mclaren,57,Häkkinen,10.0
2000,ferrari,30,Schumacher,6.0
2000,mclaren,14,Coulthard,4.0
2000,ferrari,22,Barrichello,3.0
2000,williams,23,Schumacher,2.0
2000,jordan,49,Frentzen,1.0
2000,jordan,15,Trulli,0.0
2000,jaguar,56,Irvine,0.0
2000,williams,18,Button,0.0
2000,sauber,63,Salo,0.0
2000,benetton,25,Wurz,0.0
2000,bar,35,Villeneuve,0.0
2000,arrows,50,Verstappen,0.0
2000,bar,41,Zonta,0.0
2000,minardi,48,Gené,0.0
2000,arrows,37,de la Rosa,0.0
2000,minardi,60,Mazzacane,0.0
2000,jaguar,65,Herbert,0.0
2000,sauber,64,Diniz,0.0
2000,benetton,21,Fisichella,0.0
2000,prost,2,Heidfeld,0.0
2000,prost,55,Alesi,0.0
2000,mclaren,57,Häkkinen,10.0
2000,ferrari,30,Schumacher,6.0
2000,williams,23,Schumacher,4.0
2000,mclaren,14,Coulthard,3.0
2000,williams,18,Button,2.0
2000,jordan,49,Frentzen,1.0
2000,bar,35,Villeneuve,0.0
2000,jaguar,65,Herbert,0.0
2000,sauber,63,Salo,0.0
2000,jaguar,56,Irvine,0.0
2000,sauber,64,Diniz,0.0
2000,bar,41,Zonta,0.0
2000,benetton,25,Wurz,0.0
2000,minardi,48,Gené,0.0
2000,arrows,50,Verstappen,0.0
2000,arrows,37,de la Rosa,0.0
2000,minardi,60,Mazzacane,0.0
2000,ferrari,22,Barrichello,0.0
2000,prost,55,Alesi,0.0
2000,prost,2,Heidfeld,0.0
2000,benetton,21,Fisichella,0.0
2000,jordan,15,Trulli,0.0
2000,ferrari,30,Schumacher,10.0
2000,mclaren,57,Häkkinen,6.0
2000,williams,23,Schumacher,4.0
2000,arrows,50,Verstappen,3.0
2000,benetton,25,Wurz,2.0
2000,bar,41,Zonta,1.0
2000,sauber,63,Salo,0.0
2000,sauber,64,Diniz,0.0
2000,minardi,48,Gené,0.0
2000,minardi,60,Mazzacane,0.0
2000,benetton,21,Fisichella,0.0
2000,prost,55,Alesi,0.0
2000,prost,2,Heidfeld,0.0
2000,bar,35,Villeneuve,0.0
2000,williams,18,Button,0.0
2000,jaguar,65,Herbert,0.0
2000,ferrari,22,Barrichello,0.0
2000,mclaren,14,Coulthard,0.0
2000,jordan,15,Trulli,0.0
2000,jordan,49,Frentzen,0.0
2000,arrows,37,de la Rosa,0.0
2000,jaguar,56,Irvine,0.0
2000,ferrari,30,Schumacher,10.0
2000,ferrari,22,Barrichello,6.0
2000,jordan,49,Frentzen,4.0
2000,bar,35,Villeneuve,3.0
2000,mclaren,14,Coulthard,2.0
2000,bar,41,Zonta,1.0
2000,jaguar,56,Irvine,0.0
2000,sauber,64,Diniz,0.0
2000,prost,2,Heidfeld,0.0
2000,benetton,25,Wurz,0.0
2000,jaguar,65,Herbert,0.0
2000,minardi,48,Gené,0.0
2000,prost,55,Alesi,0.0
2000,minardi,60,Mazzacane,0.0
2000,williams,23,Schumacher,0.0
2000,arrows,37,de la Rosa,0.0
2000,benetton,21,Fisichella,0.0
2000,arrows,50,Verstappen,0.0
2000,mclaren,57,Häkkinen,0.0
2000,sauber,63,Salo,0.0
2000,williams,18,Button,0.0
2000,jordan,15,Trulli,0.0
2000,ferrari,30,Schumacher,10.0
2000,mclaren,57,Häkkinen,6.0
2000,mclaren,14,Coulthard,4.0
2000,ferrari,22,Barrichello,3.0
2000,williams,18,Button,2.0
2000,bar,35,Villeneuve,1.0
2000,jaguar,65,Herbert,0.0
2000,jaguar,56,Irvine,0.0
2000,bar,41,Zonta,0.0
2000,sauber,63,Salo,0.0
2000,sauber,64,Diniz,0.0
2000,arrows,37,de la Rosa,0.0
2000,jordan,15,Trulli,0.0
2000,benetton,21,Fisichella,0.0
2000,minardi,60,Mazzacane,0.0
2000,minardi,48,Gené,0.0
2000,williams,23,Schumacher,0.0
2000,prost,2,Heidfeld,0.0
2000,benetton,25,Wurz,0.0
2000,jordan,49,Frentzen,0.0
2000,prost,55,Alesi,0.0
2000,arrows,50,Verstappen,0.0
2000,ferrari,30,Schumacher,10.0
2000,mclaren,14,Coulthard,6.0
2000,ferrari,22,Barrichello,4.0
2000,mclaren,57,Häkkinen,3.0
2000,bar,35,Villeneuve,2.0
2000,jaguar,56,Irvine,1.0
2000,benetton,25,Wurz,0.0
2000,sauber,63,Salo,0.0
2000,benetton,21,Fisichella,0.0
2000,arrows,50,Verstappen,0.0
2000,prost,55,Alesi,0.0
2000,jordan,15,Trulli,0.0
2000,minardi,60,Mazzacane,0.0
2000,jaguar,65,Herbert,0.0
2000,bar,41,Zonta,0.0
2000,williams,23,Schumacher,0.0
2000,minardi,48,Gené,0.0
2000,williams,18,Button,0.0
2000,jordan,49,Frentzen,0.0
2000,arrows,37,de la Rosa,0.0
2000,prost,2,Heidfeld,0.0
2000,sauber,64,Diniz,0.0
1999,ferrari,56,Irvine,10.0
1999,jordan,49,Frentzen,6.0
1999,williams,23,Schumacher,4.0
1999,benetton,21,Fisichella,3.0
1999,stewart,22,Barrichello,2.0
1999,arrows,37,de la Rosa,1.0
1999,arrows,68,Takagi,0.0
1999,ferrari,30,Schumacher,0.0
1999,bar,41,Zonta,0.0
1999,minardi,69,Badoer,0.0
1999,benetton,25,Wurz,0.0
1999,sauber,64,Diniz,0.0
1999,minardi,48,Gené,0.0
1999,prost,15,Trulli,0.0
1999,prost,44,Panis,0.0
1999,mclaren,57,Häkkinen,0.0
1999,williams,70,Zanardi,0.0
1999,mclaren,14,Coulthard,0.0
1999,bar,35,Villeneuve,0.0
1999,jordan,71,Hill,0.0
1999,sauber,55,Alesi,0.0
1999,stewart,65,Herbert,0.0
1999,mclaren,57,Häkkinen,10.0
1999,ferrari,30,Schumacher,6.0
1999,jordan,49,Frentzen,4.0
1999,williams,23,Schumacher,3.0
1999,ferrari,56,Irvine,2.0
1999,prost,44,Panis,1.0
1999,benetton,25,Wurz,0.0
1999,arrows,68,Takagi,0.0
1999,minardi,48,Gené,0.0
1999,arrows,37,de la Rosa,0.0
1999,bar,35,Villeneuve,0.0
1999,williams,70,Zanardi,0.0
1999,stewart,22,Barrichello,0.0
1999,sauber,64,Diniz,0.0
1999,benetton,21,Fisichella,0.0
1999,minardi,72,Sarrazin,0.0
1999,sauber,55,Alesi,0.0
1999,mclaren,14,Coulthard,0.0
1999,prost,15,Trulli,0.0
1999,stewart,65,Herbert,0.0
1999,jordan,71,Hill,0.0
1999,bar,41,Zonta,0.0
1999,ferrari,30,Schumacher,10.0
1999,mclaren,14,Coulthard,6.0
1999,stewart,22,Barrichello,4.0
1999,jordan,71,Hill,3.0
1999,benetton,21,Fisichella,2.0
1999,sauber,55,Alesi,1.0
1999,bar,63,Salo,0.0
1999,minardi,69,Badoer,0.0
1999,minardi,48,Gené,0.0
1999,stewart,65,Herbert,0.0
1999,williams,70,Zanardi,0.0
1999,sauber,64,Diniz,0.0
1999,prost,44,Panis,0.0
1999,ferrari,56,Irvine,0.0
1999,jordan,49,Frentzen,0.0
1999,arrows,68,Takagi,0.0
1999,williams,23,Schumacher,0.0
1999,mclaren,57,Häkkinen,0.0
1999,arrows,37,de la Rosa,0.0
1999,benetton,25,Wurz,0.0
1999,bar,35,Villeneuve,0.0
1999,prost,15,Trulli,0.0
1999,ferrari,30,Schumacher,10.0
1999,ferrari,56,Irvine,6.0
1999,mclaren,57,Häkkinen,4.0
1999,jordan,49,Frentzen,3.0
1999,benetton,21,Fisichella,2.0
1999,benetton,25,Wurz,1.0
1999,prost,15,Trulli,0.0
1999,williams,70,Zanardi,0.0
1999,stewart,22,Barrichello,0.0
1999,williams,23,Schumacher,0.0
1999,sauber,55,Alesi,0.0
1999,sauber,64,Diniz,0.0
1999,prost,44,Panis,0.0
1999,mclaren,14,Coulthard,0.0
1999,bar,63,Salo,0.0
1999,arrows,68,Takagi,0.0
1999,bar,35,Villeneuve,0.0
1999,stewart,65,Herbert,0.0
1999,arrows,37,de la Rosa,0.0
1999,minardi,48,Gené,0.0
1999,minardi,69,Badoer,0.0
1999,jordan,71,Hill,0.0
1999,mclaren,57,Häkkinen,10.0
1999,mclaren,14,Coulthard,6.0
1999,ferrari,30,Schumacher,4.0
1999,ferrari,56,Irvine,3.0
1999,williams,23,Schumacher,2.0
1999,prost,15,Trulli,1.0
1999,jordan,71,Hill,0.0
1999,bar,63,Salo,0.0
1999,benetton,21,Fisichella,0.0
1999,benetton,25,Wurz,0.0
1999,arrows,37,de la Rosa,0.0
1999,arrows,68,Takagi,0.0
1999,minardi,69,Badoer,0.0
1999,bar,35,Villeneuve,0.0
1999,sauber,64,Diniz,0.0
1999,stewart,65,Herbert,0.0
1999,jordan,49,Frentzen,0.0
1999,sauber,55,Alesi,0.0
1999,williams,70,Zanardi,0.0
1999,prost,44,Panis,0.0
1999,minardi,48,Gené,0.0
1999,stewart,22,Barrichello,0.0
1999,mclaren,57,Häkkinen,10.0
1999,benetton,21,Fisichella,6.0
1999,ferrari,56,Irvine,4.0
1999,williams,23,Schumacher,3.0
1999,stewart,65,Herbert,2.0
1999,sauber,64,Diniz,1.0
1999,mclaren,14,Coulthard,0.0
1999,minardi,48,Gené,0.0
1999,prost,44,Panis,0.0
1999,minardi,69,Badoer,0.0
1999,jordan,49,Frentzen,0.0
1999,williams,70,Zanardi,0.0
1999,arrows,68,Takagi,0.0
1999,bar,35,Villeneuve,0.0
1999,ferrari,30,Schumacher,0.0
1999,arrows,37,de la Rosa,0.0
1999,jordan,71,Hill,0.0
1999,stewart,22,Barrichello,0.0
1999,bar,41,Zonta,0.0
1999,sauber,55,Alesi,0.0
1999,prost,15,Trulli,0.0
1999,benetton,25,Wurz,0.0
1999,jordan,49,Frentzen,10.0
1999,mclaren,57,Häkkinen,6.0
1999,stewart,22,Barrichello,4.0
1999,williams,23,Schumacher,3.0
1999,ferrari,30,Schumacher,2.0
1999,ferrari,56,Irvine,1.0
1999,prost,15,Trulli,0.0
1999,prost,44,Panis,0.0
1999,bar,41,Zonta,0.0
1999,minardi,69,Badoer,0.0
1999,arrows,37,de la Rosa,0.0
1999,benetton,21,Fisichella,0.0
1999,jordan,71,Hill,0.0
1999,williams,70,Zanardi,0.0
1999,bar,35,Villeneuve,0.0
1999,benetton,25,Wurz,0.0
1999,minardi,48,Gené,0.0
1999,sauber,55,Alesi,0.0
1999,mclaren,14,Coulthard,0.0
1999,sauber,64,Diniz,0.0
1999,stewart,65,Herbert,0.0
1999,arrows,68,Takagi,0.0
1999,mclaren,14,Coulthard,10.0
1999,ferrari,56,Irvine,6.0
1999,williams,23,Schumacher,4.0
1999,jordan,49,Frentzen,3.0
1999,jordan,71,Hill,2.0
1999,sauber,64,Diniz,1.0
1999,benetton,21,Fisichella,0.0
1999,stewart,22,Barrichello,0.0
1999,prost,15,Trulli,0.0
1999,benetton,25,Wurz,0.0
1999,williams,70,Zanardi,0.0
1999,stewart,65,Herbert,0.0
1999,prost,44,Panis,0.0
1999,sauber,55,Alesi,0.0
1999,minardi,48,Gené,0.0
1999,arrows,68,Takagi,0.0
1999,bar,41,Zonta,0.0
1999,mclaren,57,Häkkinen,0.0
1999,bar,35,Villeneuve,0.0
1999,minardi,69,Badoer,0.0
1999,arrows,37,de la Rosa,0.0
1999,ferrari,30,Schumacher,0.0
1999,ferrari,56,Irvine,10.0
1999,mclaren,14,Coulthard,6.0
1999,mclaren,57,Häkkinen,4.0
1999,jordan,49,Frentzen,3.0
1999,benetton,25,Wurz,2.0
1999,sauber,64,Diniz,1.0
1999,prost,15,Trulli,0.0
1999,jordan,71,Hill,0.0
1999,ferrari,63,Salo,0.0
1999,prost,44,Panis,0.0
1999,minardi,48,Gené,0.0
1999,benetton,21,Fisichella,0.0
1999,minardi,69,Badoer,0.0
1999,stewart,65,Herbert,0.0
1999,bar,41,Zonta,0.0
1999,stewart,22,Barrichello,0.0
1999,sauber,55,Alesi,0.0
1999,arrows,37,de la Rosa,0.0
1999,williams,70,Zanardi,0.0
1999,bar,35,Villeneuve,0.0
1999,arrows,68,Takagi,0.0
1999,williams,23,Schumacher,0.0
1999,ferrari,56,Irvine,10.0
1999,ferrari,63,Salo,6.0
1999,jordan,49,Frentzen,4.0
1999,williams,23,Schumacher,3.0
1999,mclaren,14,Coulthard,2.0
1999,prost,44,Panis,1.0
1999,benetton,25,Wurz,0.0
1999,sauber,55,Alesi,0.0
1999,minardi,48,Gené,0.0
1999,minardi,69,Badoer,0.0
1999,stewart,65,Herbert,0.0
1999,arrows,37,de la Rosa,0.0
1999,mclaren,57,Häkkinen,0.0
1999,williams,70,Zanardi,0.0
1999,bar,41,Zonta,0.0
1999,arrows,68,Takagi,0.0
1999,jordan,71,Hill,0.0
1999,prost,15,Trulli,0.0
1999,benetton,21,Fisichella,0.0
1999,stewart,22,Barrichello,0.0
1999,bar,35,Villeneuve,0.0
1999,sauber,64,Diniz,0.0
1999,mclaren,57,Häkkinen,10.0
1999,mclaren,14,Coulthard,6.0
1999,ferrari,56,Irvine,4.0
1999,jordan,49,Frentzen,3.0
1999,stewart,22,Barrichello,2.0
1999,jordan,71,Hill,1.0
1999,benetton,25,Wurz,0.0
1999,prost,15,Trulli,0.0
1999,williams,23,Schumacher,0.0
1999,prost,44,Panis,0.0
1999,stewart,65,Herbert,0.0
1999,ferrari,63,Salo,0.0
1999,bar,41,Zonta,0.0
1999,minardi,69,Badoer,0.0
1999,arrows,37,de la Rosa,0.0
1999,sauber,55,Alesi,0.0
1999,minardi,48,Gené,0.0
1999,bar,35,Villeneuve,0.0
1999,benetton,21,Fisichella,0.0
1999,arrows,68,Takagi,0.0
1999,sauber,64,Diniz,0.0
1999,williams,70,Zanardi,0.0
1999,mclaren,14,Coulthard,10.0
1999,mclaren,57,Häkkinen,6.0
1999,jordan,49,Frentzen,4.0
1999,ferrari,56,Irvine,3.0
1999,williams,23,Schumacher,2.0
1999,jordan,71,Hill,1.0
1999,ferrari,63,Salo,0.0
1999,williams,70,Zanardi,0.0
1999,sauber,55,Alesi,0.0
1999,stewart,22,Barrichello,0.0
1999,benetton,21,Fisichella,0.0
1999,prost,15,Trulli,0.0
1999,prost,44,Panis,0.0
1999,benetton,25,Wurz,0.0
1999,bar,35,Villeneuve,0.0
1999,minardi,48,Gené,0.0
1999,arrows,37,de la Rosa,0.0
1999,minardi,69,Badoer,0.0
1999,bar,41,Zonta,0.0
1999,stewart,65,Herbert,0.0
1999,sauber,64,Diniz,0.0
1999,arrows,68,Takagi,0.0
1999,jordan,49,Frentzen,10.0
1999,williams,23,Schumacher,6.0
1999,ferrari,63,Salo,4.0
1999,stewart,22,Barrichello,3.0
1999,mclaren,14,Coulthard,2.0
1999,ferrari,56,Irvine,1.0
1999,williams,70,Zanardi,0.0
1999,bar,35,Villeneuve,0.0
1999,sauber,55,Alesi,0.0
1999,jordan,71,Hill,0.0
1999,prost,44,Panis,0.0
1999,stewart,65,Herbert,0.0
1999,arrows,68,Takagi,0.0
1999,arrows,37,de la Rosa,0.0
1999,mclaren,57,Häkkinen,0.0
1999,prost,15,Trulli,0.0
1999,bar,41,Zonta,0.0
1999,minardi,69,Badoer,0.0
1999,benetton,25,Wurz,0.0
1999,sauber,64,Diniz,0.0
1999,benetton,21,Fisichella,0.0
1999,minardi,48,Gené,0.0
1999,stewart,65,Herbert,10.0
1999,prost,15,Trulli,6.0
1999,stewart,22,Barrichello,4.0
1999,williams,23,Schumacher,3.0
1999,mclaren,57,Häkkinen,2.0
1999,minardi,48,Gené,1.0
1999,ferrari,56,Irvine,0.0
1999,bar,41,Zonta,0.0
1999,prost,44,Panis,0.0
1999,bar,35,Villeneuve,0.0
1999,minardi,69,Badoer,0.0
1999,arrows,37,de la Rosa,0.0
1999,benetton,21,Fisichella,0.0
1999,ferrari,63,Salo,0.0
1999,arrows,68,Takagi,0.0
1999,mclaren,14,Coulthard,0.0
1999,sauber,55,Alesi,0.0
1999,jordan,49,Frentzen,0.0
1999,williams,70,Zanardi,0.0
1999,jordan,71,Hill,0.0
1999,benetton,25,Wurz,0.0
1999,sauber,64,Diniz,0.0
1999,ferrari,56,Irvine,10.0
1999,ferrari,30,Schumacher,6.0
1999,mclaren,57,Häkkinen,4.0
1999,stewart,65,Herbert,3.0
1999,stewart,22,Barrichello,2.0
1999,jordan,49,Frentzen,1.0
1999,sauber,55,Alesi,0.0
1999,benetton,25,Wurz,0.0
1999,minardi,48,Gené,0.0
1999,williams,70,Zanardi,0.0
1999,benetton,21,Fisichella,0.0
1999,bar,35,Villeneuve,0.0
1999,sauber,64,Diniz,0.0
1999,arrows,37,de la Rosa,0.0
1999,minardi,69,Badoer,0.0
1999,mclaren,14,Coulthard,0.0
1999,williams,23,Schumacher,0.0
1999,arrows,68,Takagi,0.0
1999,bar,41,Zonta,0.0
1999,prost,44,Panis,0.0
1999,jordan,71,Hill,0.0
1999,prost,15,Trulli,0.0
1999,mclaren,57,Häkkinen,10.0
1999,ferrari,30,Schumacher,6.0
1999,ferrari,56,Irvine,4.0
1999,jordan,49,Frentzen,3.0
1999,williams,23,Schumacher,2.0
1999,sauber,55,Alesi,1.0
1999,stewart,65,Herbert,0.0
1999,stewart,22,Barrichello,0.0
1999,bar,35,Villeneuve,0.0
1999,benetton,25,Wurz,0.0
1999,sauber,64,Diniz,0.0
1999,bar,41,Zonta,0.0
1999,arrows,37,de la Rosa,0.0
1999,benetton,21,Fisichella,0.0
1999,arrows,68,Takagi,0.0
1999,minardi,69,Badoer,0.0
1999,mclaren,14,Coulthard,0.0
1999,minardi,48,Gené,0.0
1999,jordan,71,Hill,0.0
1999,prost,44,Panis,0.0
1999,prost,15,Trulli,0.0
1999,williams,70,Zanardi,0.0
1998,mclaren,57,Häkkinen,10.0
1998,mclaren,14,Coulthard,6.0
1998,williams,49,Frentzen,4.0
1998,ferrari,56,Irvine,3.0
1998,williams,35,Villeneuve,2.0
1998,sauber,65,Herbert,1.0
1998,benetton,25,Wurz,0.0
1998,jordan,71,Hill,0.0
1998,prost,44,Panis,0.0
1998,benetton,21,Fisichella,0.0
1998,sauber,55,Alesi,0.0
1998,prost,15,Trulli,0.0
1998,tyrrell,73,Rosset,0.0
1998,arrows,63,Salo,0.0
1998,minardi,74,Tuero,0.0
1998,minardi,75,Nakano,0.0
1998,ferrari,30,Schumacher,0.0
1998,arrows,64,Diniz,0.0
1998,jordan,23,Schumacher,0.0
1998,stewart,76,Magnussen,0.0
1998,tyrrell,68,Takagi,0.0
1998,stewart,22,Barrichello,0.0
1998,mclaren,57,Häkkinen,10.0
1998,mclaren,14,Coulthard,6.0
1998,ferrari,30,Schumacher,4.0
1998,benetton,25,Wurz,3.0
1998,williams,49,Frentzen,2.0
1998,benetton,21,Fisichella,1.0
1998,williams,35,Villeneuve,0.0
1998,ferrari,56,Irvine,0.0
1998,sauber,55,Alesi,0.0
1998,stewart,76,Magnussen,0.0
1998,sauber,65,Herbert,0.0
1998,jordan,71,Hill,0.0
1998,prost,44,Panis,0.0
1998,stewart,22,Barrichello,0.0
1998,tyrrell,73,Rosset,0.0
1998,minardi,74,Tuero,0.0
1998,arrows,64,Diniz,0.0
1998,tyrrell,68,Takagi,0.0
1998,arrows,63,Salo,0.0
1998,prost,15,Trulli,0.0
1998,minardi,75,Nakano,0.0
1998,jordan,23,Schumacher,0.0
1998,ferrari,30,Schumacher,10.0
1998,mclaren,57,Häkkinen,6.0
1998,ferrari,56,Irvine,4.0
1998,benetton,25,Wurz,3.0
1998,sauber,55,Alesi,2.0
1998,mclaren,14,Coulthard,1.0
1998,benetton,21,Fisichella,0.0
1998,jordan,71,Hill,0.0
1998,williams,49,Frentzen,0.0
1998,stewart,22,Barrichello,0.0
1998,prost,15,Trulli,0.0
1998,tyrrell,68,Takagi,0.0
1998,minardi,75,Nakano,0.0
1998,tyrrell,73,Rosset,0.0
1998,prost,44,Panis,0.0
1998,minardi,74,Tuero,0.0
1998,williams,35,Villeneuve,0.0
1998,sauber,65,Herbert,0.0
1998,jordan,23,Schumacher,0.0
1998,arrows,63,Salo,0.0
1998,stewart,76,Magnussen,0.0
1998,arrows,64,Diniz,0.0
1998,mclaren,14,Coulthard,10.0
1998,ferrari,30,Schumacher,6.0
1998,ferrari,56,Irvine,4.0
1998,williams,35,Villeneuve,3.0
1998,williams,49,Frentzen,2.0
1998,sauber,55,Alesi,1.0
1998,jordan,23,Schumacher,0.0
1998,minardi,74,Tuero,0.0
1998,arrows,63,Salo,0.0
1998,jordan,71,Hill,0.0
1998,prost,44,Panis,0.0
1998,tyrrell,73,Rosset,0.0
1998,tyrrell,68,Takagi,0.0
1998,prost,15,Trulli,0.0
1998,minardi,75,Nakano,0.0
1998,arrows,64,Diniz,0.0
1998,mclaren,57,Häkkinen,0.0
1998,benetton,21,Fisichella,0.0
1998,benetton,25,Wurz,0.0
1998,sauber,65,Herbert,0.0
1998,stewart,76,Magnussen,0.0
1998,stewart,22,Barrichello,0.0
1998,mclaren,57,Häkkinen,10.0
1998,mclaren,14,Coulthard,6.0
1998,ferrari,30,Schumacher,4.0
1998,benetton,25,Wurz,3.0
1998,stewart,22,Barrichello,2.0
1998,williams,35,Villeneuve,1.0
1998,sauber,65,Herbert,0.0
1998,williams,49,Frentzen,0.0
1998,prost,15,Trulli,0.0
1998,sauber,55,Alesi,0.0
1998,jordan,23,Schumacher,0.0
1998,stewart,76,Magnussen,0.0
1998,tyrrell,68,Takagi,0.0
1998,minardi,75,Nakano,0.0
1998,minardi,74,Tuero,0.0
1998,prost,44,Panis,0.0
1998,jordan,71,Hill,0.0
1998,ferrari,56,Irvine,0.0
1998,benetton,21,Fisichella,0.0
1998,arrows,63,Salo,0.0
1998,arrows,64,Diniz,0.0
1998,mclaren,57,Häkkinen,10.0
1998,benetton,21,Fisichella,6.0
1998,ferrari,56,Irvine,4.0
1998,arrows,63,Salo,3.0
1998,williams,35,Villeneuve,2.0
1998,arrows,64,Diniz,1.0
1998,sauber,65,Herbert,0.0
1998,jordan,71,Hill,0.0
1998,minardi,75,Nakano,0.0
1998,ferrari,30,Schumacher,0.0
1998,tyrrell,68,Takagi,0.0
1998,sauber,55,Alesi,0.0
1998,prost,15,Trulli,0.0
1998,prost,44,Panis,0.0
1998,jordan,23,Schumacher,0.0
1998,benetton,25,Wurz,0.0
1998,stewart,76,Magnussen,0.0
1998,mclaren,14,Coulthard,0.0
1998,stewart,22,Barrichello,0.0
1998,williams,49,Frentzen,0.0
1998,minardi,74,Tuero,0.0
1998,tyrrell,73,Rosset,0.0
1998,ferrari,30,Schumacher,10.0
1998,benetton,21,Fisichella,6.0
1998,ferrari,56,Irvine,4.0
1998,benetton,25,Wurz,3.0
1998,stewart,22,Barrichello,2.0
1998,stewart,76,Magnussen,1.0
1998,minardi,75,Nakano,0.0
1998,tyrrell,73,Rosset,0.0
1998,arrows,64,Diniz,0.0
1998,williams,35,Villeneuve,0.0
1998,minardi,74,Tuero,0.0
1998,jordan,71,Hill,0.0
1998,prost,44,Panis,0.0
1998,williams,49,Frentzen,0.0
1998,mclaren,14,Coulthard,0.0
1998,sauber,65,Herbert,0.0
1998,arrows,63,Salo,0.0
1998,mclaren,57,Häkkinen,0.0
1998,jordan,23,Schumacher,0.0
1998,sauber,55,Alesi,0.0
1998,prost,15,Trulli,0.0
1998,tyrrell,68,Takagi,0.0
1998,ferrari,30,Schumacher,10.0
1998,ferrari,56,Irvine,6.0
1998,mclaren,57,Häkkinen,4.0
1998,williams,35,Villeneuve,3.0
1998,benetton,25,Wurz,2.0
1998,mclaren,14,Coulthard,1.0
1998,sauber,55,Alesi,0.0
1998,sauber,65,Herbert,0.0
1998,benetton,21,Fisichella,0.0
1998,stewart,22,Barrichello,0.0
1998,prost,44,Panis,0.0
1998,stewart,50,Verstappen,0.0
1998,arrows,63,Salo,0.0
1998,arrows,64,Diniz,0.0
1998,williams,49,Frentzen,0.0
1998,jordan,23,Schumacher,0.0
1998,minardi,75,Nakano,0.0
1998,tyrrell,68,Takagi,0.0
1998,prost,15,Trulli,0.0
1998,minardi,74,Tuero,0.0
1998,jordan,71,Hill,0.0
1998,tyrrell,73,Rosset,0.0
1998,ferrari,30,Schumacher,10.0
1998,mclaren,57,Häkkinen,6.0
1998,ferrari,56,Irvine,4.0
1998,benetton,25,Wurz,3.0
1998,benetton,21,Fisichella,2.0
1998,jordan,23,Schumacher,1.0
1998,williams,35,Villeneuve,0.0
1998,minardi,75,Nakano,0.0
1998,tyrrell,68,Takagi,0.0
1998,sauber,55,Alesi,0.0
1998,arrows,64,Diniz,0.0
1998,prost,44,Panis,0.0
1998,stewart,22,Barrichello,0.0
1998,stewart,50,Verstappen,0.0
1998,mclaren,14,Coulthard,0.0
1998,prost,15,Trulli,0.0
1998,tyrrell,73,Rosset,0.0
1998,minardi,74,Tuero,0.0
1998,sauber,65,Herbert,0.0
1998,arrows,63,Salo,0.0
1998,williams,49,Frentzen,0.0
1998,jordan,71,Hill,0.0
1998,mclaren,57,Häkkinen,10.0
1998,mclaren,14,Coulthard,6.0
1998,ferrari,30,Schumacher,4.0
1998,ferrari,56,Irvine,3.0
1998,jordan,23,Schumacher,2.0
1998,williams,35,Villeneuve,1.0
1998,jordan,71,Hill,0.0
1998,sauber,65,Herbert,0.0
1998,benetton,25,Wurz,0.0
1998,prost,15,Trulli,0.0
1998,minardi,75,Nakano,0.0
1998,tyrrell,73,Rosset,0.0
1998,stewart,50,Verstappen,0.0
1998,minardi,74,Tuero,0.0
1998,benetton,21,Fisichella,0.0
1998,sauber,55,Alesi,0.0
1998,williams,49,Frentzen,0.0
1998,stewart,22,Barrichello,0.0
1998,arrows,64,Diniz,0.0
1998,arrows,63,Salo,0.0
1998,prost,44,Panis,0.0
1998,tyrrell,68,Takagi,0.0
1998,mclaren,57,Häkkinen,10.0
1998,mclaren,14,Coulthard,6.0
1998,williams,35,Villeneuve,4.0
1998,jordan,71,Hill,3.0
1998,ferrari,30,Schumacher,2.0
1998,jordan,23,Schumacher,1.0
1998,benetton,21,Fisichella,0.0
1998,ferrari,56,Irvine,0.0
1998,williams,49,Frentzen,0.0
1998,sauber,55,Alesi,0.0
1998,benetton,25,Wurz,0.0
1998,prost,15,Trulli,0.0
1998,tyrrell,68,Takagi,0.0
1998,arrows,63,Salo,0.0
1998,prost,44,Panis,0.0
1998,minardi,74,Tuero,0.0
1998,sauber,65,Herbert,0.0
1998,minardi,75,Nakano,0.0
1998,stewart,22,Barrichello,0.0
1998,stewart,50,Verstappen,0.0
1998,arrows,64,Diniz,0.0
1998,ferrari,30,Schumacher,10.0
1998,mclaren,14,Coulthard,6.0
1998,williams,35,Villeneuve,4.0
1998,jordan,71,Hill,3.0
1998,williams,49,Frentzen,2.0
1998,mclaren,57,Häkkinen,1.0
1998,sauber,55,Alesi,0.0
1998,benetton,21,Fisichella,0.0
1998,jordan,23,Schumacher,0.0
1998,sauber,65,Herbert,0.0
1998,arrows,64,Diniz,0.0
1998,prost,44,Panis,0.0
1998,stewart,50,Verstappen,0.0
1998,tyrrell,68,Takagi,0.0
1998,minardi,75,Nakano,0.0
1998,benetton,25,Wurz,0.0
1998,stewart,22,Barrichello,0.0
1998,prost,15,Trulli,0.0
1998,arrows,63,Salo,0.0
1998,ferrari,56,Irvine,0.0
1998,minardi,74,Tuero,0.0
1998,jordan,71,Hill,10.0
1998,jordan,23,Schumacher,6.0
1998,sauber,55,Alesi,4.0
1998,williams,49,Frentzen,3.0
1998,arrows,64,Diniz,2.0
1998,prost,15,Trulli,1.0
1998,mclaren,14,Coulthard,0.0
1998,minardi,75,Nakano,0.0
1998,benetton,21,Fisichella,0.0
1998,ferrari,30,Schumacher,0.0
1998,ferrari,56,Irvine,0.0
1998,minardi,74,Tuero,0.0
1998,williams,35,Villeneuve,0.0
1998,tyrrell,68,Takagi,0.0
1998,stewart,50,Verstappen,0.0
1998,mclaren,57,Häkkinen,0.0
1998,benetton,25,Wurz,0.0
1998,sauber,65,Herbert,0.0
1998,stewart,22,Barrichello,0.0
1998,prost,44,Panis,0.0
1998,arrows,63,Salo,0.0
1998,tyrrell,73,Rosset,0.0
1998,ferrari,30,Schumacher,10.0
1998,ferrari,56,Irvine,6.0
1998,jordan,23,Schumacher,4.0
1998,mclaren,57,Häkkinen,3.0
1998,sauber,55,Alesi,2.0
1998,jordan,71,Hill,1.0
1998,williams,49,Frentzen,0.0
1998,benetton,21,Fisichella,0.0
1998,tyrrell,68,Takagi,0.0
1998,stewart,22,Barrichello,0.0
1998,minardi,74,Tuero,0.0
1998,tyrrell,73,Rosset,0.0
1998,prost,15,Trulli,0.0
1998,stewart,50,Verstappen,0.0
1998,williams,35,Villeneuve,0.0
1998,arrows,63,Salo,0.0
1998,benetton,25,Wurz,0.0
1998,mclaren,14,Coulthard,0.0
1998,prost,44,Panis,0.0
1998,minardi,75,Nakano,0.0
1998,sauber,65,Herbert,0.0
1998,arrows,64,Diniz,0.0
1998,mclaren,57,Häkkinen,10.0
1998,ferrari,30,Schumacher,6.0
1998,mclaren,14,Coulthard,4.0
1998,ferrari,56,Irvine,3.0
1998,williams,49,Frentzen,2.0
1998,benetton,21,Fisichella,1.0
1998,benetton,25,Wurz,0.0
1998,williams,35,Villeneuve,0.0
1998,jordan,71,Hill,0.0
1998,sauber,55,Alesi,0.0
1998,stewart,22,Barrichello,0.0
1998,prost,44,Panis,0.0
1998,stewart,50,Verstappen,0.0
1998,arrows,63,Salo,0.0
1998,minardi,75,Nakano,0.0
1998,tyrrell,68,Takagi,0.0
1998,minardi,74,Tuero,0.0
1998,jordan,23,Schumacher,0.0
1998,sauber,65,Herbert,0.0
1998,tyrrell,73,Rosset,0.0
1998,prost,15,Trulli,0.0
1998,arrows,64,Diniz,0.0
1998,mclaren,57,Häkkinen,10.0
1998,ferrari,56,Irvine,6.0
1998,mclaren,14,Coulthard,4.0
1998,jordan,71,Hill,3.0
1998,williams,49,Frentzen,2.0
1998,williams,35,Villeneuve,1.0
1998,sauber,55,Alesi,0.0
1998,benetton,21,Fisichella,0.0
1998,benetton,25,Wurz,0.0
1998,sauber,65,Herbert,0.0
1998,prost,44,Panis,0.0
1998,prost,15,Trulli,0.0
1998,minardi,75,Nakano,0.0
1998,ferrari,30,Schumacher,0.0
1998,tyrrell,68,Takagi,0.0
1998,minardi,74,Tuero,0.0
1998,stewart,22,Barrichello,0.0
1998,stewart,50,Verstappen,0.0
1998,arrows,63,Salo,0.0
1998,jordan,23,Schumacher,0.0
1998,arrows,64,Diniz,0.0
1998,tyrrell,73,Rosset,0.0
1997,mclaren,14,Coulthard,10.0
1997,ferrari,30,Schumacher,6.0
1997,mclaren,57,Häkkinen,4.0
1997,benetton,77,Berger,3.0
1997,prost,44,Panis,2.0
1997,sauber,78,Larini,1.0
1997,prost,75,Nakano,0.0
1997,williams,49,Frentzen,0.0
1997,minardi,15,Trulli,0.0
1997,arrows,64,Diniz,0.0
1997,stewart,22,Barrichello,0.0
1997,tyrrell,63,Salo,0.0
1997,stewart,76,Magnussen,0.0
1997,benetton,55,Alesi,0.0
1997,minardi,79,Katayama,0.0
1997,jordan,21,Fisichella,0.0
1997,tyrrell,50,Verstappen,0.0
1997,jordan,23,Schumacher,0.0
1997,williams,35,Villeneuve,0.0
1997,ferrari,56,Irvine,0.0
1997,sauber,65,Herbert,0.0
1997,arrows,71,Hill,0.0
1997,lola,80,Sospiri,0.0
1997,lola,73,Rosset,0.0
1997,williams,35,Villeneuve,10.0
1997,benetton,77,Berger,6.0
1997,prost,44,Panis,4.0
1997,mclaren,57,Häkkinen,3.0
1997,ferrari,30,Schumacher,2.0
1997,benetton,55,Alesi,1.0
1997,sauber,65,Herbert,0.0
1997,jordan,21,Fisichella,0.0
1997,williams,49,Frentzen,0.0
1997,mclaren,14,Coulthard,0.0
1997,sauber,78,Larini,0.0
1997,minardi,15,Trulli,0.0
1997,tyrrell,63,Salo,0.0
1997,prost,75,Nakano,0.0
1997,tyrrell,50,Verstappen,0.0
1997,ferrari,56,Irvine,0.0
1997,arrows,71,Hill,0.0
1997,minardi,79,Katayama,0.0
1997,jordan,23,Schumacher,0.0
1997,stewart,22,Barrichello,0.0
1997,arrows,64,Diniz,0.0
1997,stewart,76,Magnussen,0.0
1997,williams,35,Villeneuve,10.0
1997,ferrari,56,Irvine,6.0
1997,jordan,23,Schumacher,4.0
1997,sauber,65,Herbert,3.0
1997,mclaren,57,Häkkinen,2.0
1997,benetton,77,Berger,1.0
1997,benetton,55,Alesi,0.0
1997,tyrrell,63,Salo,0.0
1997,minardi,15,Trulli,0.0
1997,stewart,76,Magnussen,0.0
1997,sauber,78,Larini,0.0
1997,arrows,64,Diniz,0.0
1997,prost,75,Nakano,0.0
1997,tyrrell,50,Verstappen,0.0
1997,minardi,79,Katayama,0.0
1997,arrows,71,Hill,0.0
1997,jordan,21,Fisichella,0.0
1997,stewart,22,Barrichello,0.0
1997,prost,44,Panis,0.0
1997,williams,49,Frentzen,0.0
1997,ferrari,30,Schumacher,0.0
1997,mclaren,14,Coulthard,0.0
1997,williams,49,Frentzen,10.0
1997,ferrari,30,Schumacher,6.0
1997,ferrari,56,Irvine,4.0
1997,jordan,21,Fisichella,3.0
1997,benetton,55,Alesi,2.0
1997,mclaren,57,Häkkinen,1.0
1997,sauber,78,Larini,0.0
1997,prost,44,Panis,0.0
1997,tyrrell,63,Salo,0.0
1997,tyrrell,50,Verstappen,0.0
1997,minardi,79,Katayama,0.0
1997,arrows,64,Diniz,0.0
1997,williams,35,Villeneuve,0.0
1997,mclaren,14,Coulthard,0.0
1997,stewart,22,Barrichello,0.0
1997,sauber,65,Herbert,0.0
1997,jordan,23,Schumacher,0.0
1997,prost,75,Nakano,0.0
1997,arrows,71,Hill,0.0
1997,benetton,77,Berger,0.0
1997,stewart,76,Magnussen,0.0
1997,minardi,15,Trulli,0.0
1997,ferrari,30,Schumacher,10.0
1997,stewart,22,Barrichello,6.0
1997,ferrari,56,Irvine,4.0
1997,prost,44,Panis,3.0
1997,tyrrell,63,Salo,2.0
1997,jordan,21,Fisichella,1.0
1997,stewart,76,Magnussen,0.0
1997,tyrrell,50,Verstappen,0.0
1997,benetton,77,Berger,0.0
1997,minardi,79,Katayama,0.0
1997,williams,49,Frentzen,0.0
1997,prost,75,Nakano,0.0
1997,sauber,78,Larini,0.0
1997,benetton,55,Alesi,0.0
1997,williams,35,Villeneuve,0.0
1997,jordan,23,Schumacher,0.0
1997,sauber,65,Herbert,0.0
1997,minardi,15,Trulli,0.0
1997,mclaren,14,Coulthard,0.0
1997,mclaren,57,Häkkinen,0.0
1997,arrows,71,Hill,0.0
1997,arrows,64,Diniz,0.0
1997,williams,35,Villeneuve,10.0
1997,prost,44,Panis,6.0
1997,benetton,55,Alesi,4.0
1997,ferrari,30,Schumacher,3.0
1997,sauber,65,Herbert,2.0
1997,mclaren,14,Coulthard,1.0
1997,mclaren,57,Häkkinen,0.0
1997,williams,49,Frentzen,0.0
1997,jordan,21,Fisichella,0.0
1997,benetton,77,Berger,0.0
1997,tyrrell,50,Verstappen,0.0
1997,ferrari,56,Irvine,0.0
1997,stewart,76,Magnussen,0.0
1997,sauber,81,Morbidelli,0.0
1997,minardi,15,Trulli,0.0
1997,arrows,64,Diniz,0.0
1997,jordan,23,Schumacher,0.0
1997,stewart,22,Barrichello,0.0
1997,tyrrell,63,Salo,0.0
1997,prost,75,Nakano,0.0
1997,arrows,71,Hill,0.0
1997,minardi,79,Katayama,0.0
1997,ferrari,30,Schumacher,10.0
1997,benetton,55,Alesi,6.0
1997,jordan,21,Fisichella,4.0
1997,williams,49,Frentzen,3.0
1997,sauber,65,Herbert,2.0
1997,prost,75,Nakano,1.0
1997,mclaren,14,Coulthard,0.0
1997,arrows,64,Diniz,0.0
1997,arrows,71,Hill,0.0
1997,sauber,81,Morbidelli,0.0
1997,prost,44,Panis,0.0
1997,tyrrell,63,Salo,0.0
1997,tyrrell,50,Verstappen,0.0
1997,benetton,25,Wurz,0.0
1997,stewart,22,Barrichello,0.0
1997,minardi,15,Trulli,0.0
1997,jordan,23,Schumacher,0.0
1997,minardi,79,Katayama,0.0
1997,williams,35,Villeneuve,0.0
1997,mclaren,57,Häkkinen,0.0
1997,ferrari,56,Irvine,0.0
1997,stewart,76,Magnussen,0.0
1997,ferrari,30,Schumacher,10.0
1997,williams,49,Frentzen,6.0
1997,ferrari,56,Irvine,4.0
1997,williams,35,Villeneuve,3.0
1997,benetton,55,Alesi,2.0
1997,jordan,23,Schumacher,1.0
1997,mclaren,14,Coulthard,0.0
1997,sauber,65,Herbert,0.0
1997,jordan,21,Fisichella,0.0
1997,prost,15,Trulli,0.0
1997,minardi,79,Katayama,0.0
1997,arrows,71,Hill,0.0
1997,tyrrell,63,Salo,0.0
1997,benetton,25,Wurz,0.0
1997,arrows,64,Diniz,0.0
1997,sauber,82,Fontana,0.0
1997,stewart,22,Barrichello,0.0
1997,stewart,76,Magnussen,0.0
1997,mclaren,57,Häkkinen,0.0
1997,tyrrell,50,Verstappen,0.0
1997,prost,75,Nakano,0.0
1997,minardi,58,Marques,0.0
1997,williams,35,Villeneuve,10.0
1997,benetton,55,Alesi,6.0
1997,benetton,25,Wurz,4.0
1997,mclaren,14,Coulthard,3.0
1997,jordan,23,Schumacher,2.0
1997,arrows,71,Hill,1.0
1997,jordan,21,Fisichella,0.0
1997,prost,15,Trulli,0.0
1997,sauber,82,Fontana,0.0
1997,minardi,58,Marques,0.0
1997,prost,75,Nakano,0.0
1997,mclaren,57,Häkkinen,0.0
1997,stewart,76,Magnussen,0.0
1997,tyrrell,50,Verstappen,0.0
1997,ferrari,56,Irvine,0.0
1997,tyrrell,63,Salo,0.0
1997,sauber,65,Herbert,0.0
1997,ferrari,30,Schumacher,0.0
1997,stewart,22,Barrichello,0.0
1997,arrows,64,Diniz,0.0
1997,williams,49,Frentzen,0.0
1997,minardi,79,Katayama,0.0
1997,benetton,77,Berger,10.0
1997,ferrari,30,Schumacher,6.0
1997,mclaren,57,Häkkinen,4.0
1997,prost,15,Trulli,3.0
1997,jordan,23,Schumacher,2.0
1997,benetton,55,Alesi,1.0
1997,prost,75,Nakano,0.0
1997,arrows,71,Hill,0.0
1997,sauber,82,Fontana,0.0
1997,tyrrell,50,Verstappen,0.0
1997,jordan,21,Fisichella,0.0
1997,stewart,22,Barrichello,0.0
1997,tyrrell,63,Salo,0.0
1997,williams,35,Villeneuve,0.0
1997,stewart,76,Magnussen,0.0
1997,minardi,79,Katayama,0.0
1997,sauber,65,Herbert,0.0
1997,arrows,64,Diniz,0.0
1997,mclaren,14,Coulthard,0.0
1997,williams,49,Frentzen,0.0
1997,ferrari,56,Irvine,0.0
1997,minardi,58,Marques,0.0
1997,williams,35,Villeneuve,10.0
1997,arrows,71,Hill,6.0
1997,sauber,65,Herbert,4.0
1997,ferrari,30,Schumacher,3.0
1997,jordan,23,Schumacher,2.0
1997,prost,75,Nakano,1.0
1997,prost,15,Trulli,0.0
1997,benetton,77,Berger,0.0
1997,ferrari,56,Irvine,0.0
1997,minardi,79,Katayama,0.0
1997,benetton,55,Alesi,0.0
1997,minardi,58,Marques,0.0
1997,tyrrell,63,Salo,0.0
1997,mclaren,14,Coulthard,0.0
1997,tyrrell,50,Verstappen,0.0
1997,arrows,64,Diniz,0.0
1997,jordan,21,Fisichella,0.0
1997,williams,49,Frentzen,0.0
1997,stewart,22,Barrichello,0.0
1997,mclaren,57,Häkkinen,0.0
1997,sauber,81,Morbidelli,0.0
1997,stewart,76,Magnussen,0.0
1997,ferrari,30,Schumacher,10.0
1997,jordan,21,Fisichella,6.0
1997,williams,49,Frentzen,4.0
1997,sauber,65,Herbert,3.0
1997,williams,35,Villeneuve,2.0
1997,benetton,77,Berger,1.0
1997,arrows,64,Diniz,0.0
1997,benetton,55,Alesi,0.0
1997,sauber,81,Morbidelli,0.0
1997,ferrari,56,Irvine,0.0
1997,tyrrell,63,Salo,0.0
1997,stewart,76,Magnussen,0.0
1997,arrows,71,Hill,0.0
1997,minardi,79,Katayama,0.0
1997,prost,15,Trulli,0.0
1997,mclaren,57,Häkkinen,0.0
1997,tyrrell,50,Verstappen,0.0
1997,jordan,23,Schumacher,0.0
1997,mclaren,14,Coulthard,0.0
1997,minardi,58,Marques,0.0
1997,stewart,22,Barrichello,0.0
1997,prost,75,Nakano,0.0
1997,mclaren,14,Coulthard,10.0
1997,benetton,55,Alesi,6.0
1997,williams,49,Frentzen,4.0
1997,jordan,21,Fisichella,3.0
1997,williams,35,Villeneuve,2.0
1997,ferrari,30,Schumacher,1.0
1997,benetton,77,Berger,0.0
1997,ferrari,56,Irvine,0.0
1997,mclaren,57,Häkkinen,0.0
1997,prost,15,Trulli,0.0
1997,prost,75,Nakano,0.0
1997,sauber,81,Morbidelli,0.0
1997,stewart,22,Barrichello,0.0
1997,minardi,58,Marques,0.0
1997,arrows,71,Hill,0.0
1997,jordan,23,Schumacher,0.0
1997,sauber,65,Herbert,0.0
1997,tyrrell,63,Salo,0.0
1997,stewart,76,Magnussen,0.0
1997,tyrrell,50,Verstappen,0.0
1997,minardi,79,Katayama,0.0
1997,arrows,64,Diniz,0.0
1997,williams,35,Villeneuve,10.0
1997,mclaren,14,Coulthard,6.0
1997,williams,49,Frentzen,4.0
1997,jordan,21,Fisichella,3.0
1997,jordan,23,Schumacher,2.0
1997,ferrari,30,Schumacher,1.0
1997,arrows,71,Hill,0.0
1997,sauber,65,Herbert,0.0
1997,sauber,81,Morbidelli,0.0
1997,benetton,77,Berger,0.0
1997,minardi,79,Katayama,0.0
1997,tyrrell,50,Verstappen,0.0
1997,arrows,64,Diniz,0.0
1997,stewart,22,Barrichello,0.0
1997,prost,15,Trulli,0.0
1997,stewart,76,Magnussen,0.0
1997,prost,75,Nakano,0.0
1997,tyrrell,63,Salo,0.0
1997,ferrari,56,Irvine,0.0
1997,benetton,55,Alesi,0.0
1997,mclaren,57,Häkkinen,0.0
1997,minardi,58,Marques,0.0
1997,williams,35,Villeneuve,10.0
1997,benetton,55,Alesi,6.0
1997,williams,49,Frentzen,4.0
1997,benetton,77,Berger,3.0
1997,arrows,64,Diniz,2.0
1997,prost,44,Panis,1.0
1997,sauber,65,Herbert,0.0
1997,arrows,71,Hill,0.0
1997,sauber,81,Morbidelli,0.0
1997,tyrrell,63,Salo,0.0
1997,tyrrell,50,Verstappen,0.0
1997,mclaren,57,Häkkinen,0.0
1997,stewart,22,Barrichello,0.0
1997,mclaren,14,Coulthard,0.0
1997,stewart,76,Magnussen,0.0
1997,ferrari,56,Irvine,0.0
1997,prost,75,Nakano,0.0
1997,ferrari,30,Schumacher,0.0
1997,minardi,58,Marques,0.0
1997,minardi,79,Katayama,0.0
1997,jordan,21,Fisichella,0.0
1997,jordan,23,Schumacher,0.0
1997,ferrari,30,Schumacher,10.0
1997,williams,49,Frentzen,6.0
1997,ferrari,56,Irvine,4.0
1997,mclaren,57,Häkkinen,3.0
1997,benetton,55,Alesi,2.0
1997,sauber,65,Herbert,1.0
1997,jordan,21,Fisichella,0.0
1997,benetton,77,Berger,0.0
1997,jordan,23,Schumacher,0.0
1997,mclaren,14,Coulthard,0.0
1997,arrows,71,Hill,0.0
1997,arrows,64,Diniz,0.0
1997,tyrrell,50,Verstappen,0.0
1997,williams,35,Villeneuve,0.0
1997,minardi,58,Marques,0.0
1997,tyrrell,63,Salo,0.0
1997,prost,44,Panis,0.0
1997,prost,75,Nakano,0.0
1997,minardi,79,Katayama,0.0
1997,stewart,22,Barrichello,0.0
1997,stewart,76,Magnussen,0.0
1997,sauber,81,Morbidelli,0.0
1997,mclaren,57,Häkkinen,10.0
1997,mclaren,14,Coulthard,6.0
1997,williams,35,Villeneuve,4.0
1997,benetton,77,Berger,3.0
1997,ferrari,56,Irvine,2.0
1997,williams,49,Frentzen,1.0
1997,prost,44,Panis,0.0
1997,sauber,65,Herbert,0.0
1997,stewart,76,Magnussen,0.0
1997,prost,75,Nakano,0.0
1997,jordan,21,Fisichella,0.0
1997,tyrrell,63,Salo,0.0
1997,benetton,55,Alesi,0.0
1997,sauber,82,Fontana,0.0
1997,minardi,58,Marques,0.0
1997,tyrrell,50,Verstappen,0.0
1997,minardi,79,Katayama,0.0
1997,ferrari,30,Schumacher,0.0
1997,arrows,71,Hill,0.0
1997,jordan,23,Schumacher,0.0
1997,stewart,22,Barrichello,0.0
1997,arrows,64,Diniz,0.0
1996,williams,71,Hill,10.0
1996,williams,35,Villeneuve,6.0
1996,ferrari,56,Irvine,4.0
1996,benetton,77,Berger,3.0
1996,mclaren,57,Häkkinen,2.0
1996,tyrrell,63,Salo,1.0
1996,ligier,44,Panis,0.0
1996,sauber,49,Frentzen,0.0
1996,footwork,73,Rosset,0.0
1996,ligier,64,Diniz,0.0
1996,tyrrell,79,Katayama,0.0
1996,minardi,83,Lamy,0.0
1996,ferrari,30,Schumacher,0.0
1996,minardi,21,Fisichella,0.0
1996,jordan,22,Barrichello,0.0
1996,mclaren,14,Coulthard,0.0
1996,footwork,50,Verstappen,0.0
1996,benetton,55,Alesi,0.0
1996,jordan,84,Brundle,0.0
1996,sauber,65,Herbert,0.0
1996,forti,69,Badoer,0.0
1996,forti,85,Montermini,0.0
1996,williams,71,Hill,10.0
1996,benetton,55,Alesi,6.0
1996,ferrari,30,Schumacher,4.0
1996,mclaren,57,Häkkinen,3.0
1996,tyrrell,63,Salo,2.0
1996,ligier,44,Panis,1.0
1996,ferrari,56,Irvine,0.0
1996,ligier,64,Diniz,0.0
1996,tyrrell,79,Katayama,0.0
1996,minardi,83,Lamy,0.0
1996,forti,69,Badoer,0.0
1996,jordan,84,Brundle,0.0
1996,jordan,22,Barrichello,0.0
1996,sauber,49,Frentzen,0.0
1996,mclaren,14,Coulthard,0.0
1996,sauber,65,Herbert,0.0
1996,williams,35,Villeneuve,0.0
1996,benetton,77,Berger,0.0
1996,forti,85,Montermini,0.0
1996,footwork,73,Rosset,0.0
1996,footwork,50,Verstappen,0.0
1996,minardi,58,Marques,0.0
1996,williams,71,Hill,10.0
1996,williams,35,Villeneuve,6.0
1996,benetton,55,Alesi,4.0
1996,jordan,22,Barrichello,3.0
1996,ferrari,56,Irvine,2.0
1996,footwork,50,Verstappen,1.0
1996,mclaren,14,Coulthard,0.0
1996,ligier,44,Panis,0.0
1996,sauber,65,Herbert,0.0
1996,forti,85,Montermini,0.0
1996,benetton,77,Berger,0.0
1996,ferrari,30,Schumacher,0.0
1996,minardi,83,Lamy,0.0
1996,tyrrell,63,Salo,0.0
1996,jordan,84,Brundle,0.0
1996,minardi,58,Marques,0.0
1996,sauber,49,Frentzen,0.0
1996,ligier,64,Diniz,0.0
1996,tyrrell,79,Katayama,0.0
1996,footwork,73,Rosset,0.0
1996,forti,69,Badoer,0.0
1996,mclaren,57,Häkkinen,0.0
1996,williams,35,Villeneuve,10.0
1996,ferrari,30,Schumacher,6.0
1996,mclaren,14,Coulthard,4.0
1996,williams,71,Hill,3.0
1996,jordan,22,Barrichello,2.0
1996,jordan,84,Brundle,1.0
1996,sauber,65,Herbert,0.0
1996,mclaren,57,Häkkinen,0.0
1996,benetton,77,Berger,0.0
1996,ligier,64,Diniz,0.0
1996,footwork,73,Rosset,0.0
1996,minardi,83,Lamy,0.0
1996,minardi,21,Fisichella,0.0
1996,tyrrell,63,Salo,0.0
1996,tyrrell,79,Katayama,0.0
1996,sauber,49,Frentzen,0.0
1996,footwork,50,Verstappen,0.0
1996,ligier,44,Panis,0.0
1996,ferrari,56,Irvine,0.0
1996,benetton,55,Alesi,0.0
1996,forti,85,Montermini,0.0
1996,forti,69,Badoer,0.0
1996,williams,71,Hill,10.0
1996,ferrari,30,Schumacher,6.0
1996,benetton,77,Berger,4.0
1996,ferrari,56,Irvine,3.0
1996,jordan,22,Barrichello,2.0
1996,benetton,55,Alesi,1.0
1996,ligier,64,Diniz,0.0
1996,mclaren,57,Häkkinen,0.0
1996,minardi,83,Lamy,0.0
1996,forti,69,Badoer,0.0
1996,williams,35,Villeneuve,0.0
1996,ligier,44,Panis,0.0
1996,tyrrell,79,Katayama,0.0
1996,mclaren,14,Coulthard,0.0
1996,footwork,73,Rosset,0.0
1996,footwork,50,Verstappen,0.0
1996,jordan,84,Brundle,0.0
1996,sauber,49,Frentzen,0.0
1996,minardi,21,Fisichella,0.0
1996,sauber,65,Herbert,0.0
1996,tyrrell,63,Salo,0.0
1996,forti,85,Montermini,0.0
1996,ligier,44,Panis,10.0
1996,mclaren,14,Coulthard,6.0
1996,sauber,65,Herbert,4.0
1996,sauber,49,Frentzen,3.0
1996,tyrrell,63,Salo,2.0
1996,mclaren,57,Häkkinen,1.0
1996,ferrari,56,Irvine,0.0
1996,williams,35,Villeneuve,0.0
1996,benetton,55,Alesi,0.0
1996,forti,69,Badoer,0.0
1996,williams,71,Hill,0.0
1996,jordan,84,Brundle,0.0
1996,benetton,77,Berger,0.0
1996,ligier,64,Diniz,0.0
1996,footwork,73,Rosset,0.0
1996,tyrrell,79,Katayama,0.0
1996,ferrari,30,Schumacher,0.0
1996,jordan,22,Barrichello,0.0
1996,minardi,83,Lamy,0.0
1996,minardi,21,Fisichella,0.0
1996,footwork,50,Verstappen,0.0
1996,forti,85,Montermini,0.0
1996,ferrari,30,Schumacher,10.0
1996,benetton,55,Alesi,6.0
1996,williams,35,Villeneuve,4.0
1996,sauber,49,Frentzen,3.0
1996,mclaren,57,Häkkinen,2.0
1996,ligier,64,Diniz,1.0
1996,footwork,50,Verstappen,0.0
1996,jordan,22,Barrichello,0.0
1996,benetton,77,Berger,0.0
1996,sauber,65,Herbert,0.0
1996,jordan,84,Brundle,0.0
1996,tyrrell,63,Salo,0.0
1996,williams,71,Hill,0.0
1996,tyrrell,79,Katayama,0.0
1996,ferrari,56,Irvine,0.0
1996,ligier,44,Panis,0.0
1996,minardi,21,Fisichella,0.0
1996,mclaren,14,Coulthard,0.0
1996,footwork,73,Rosset,0.0
1996,minardi,83,Lamy,0.0
1996,forti,69,Badoer,0.0
1996,forti,85,Montermini,0.0
1996,williams,71,Hill,10.0
1996,williams,35,Villeneuve,6.0
1996,benetton,55,Alesi,4.0
1996,mclaren,14,Coulthard,3.0
1996,mclaren,57,Häkkinen,2.0
1996,jordan,84,Brundle,1.0
1996,sauber,65,Herbert,0.0
1996,minardi,21,Fisichella,0.0
1996,minardi,83,Lamy,0.0
1996,forti,69,Badoer,0.0
1996,benetton,77,Berger,0.0
1996,ferrari,30,Schumacher,0.0
1996,ligier,44,Panis,0.0
1996,tyrrell,63,Salo,0.0
1996,ligier,64,Diniz,0.0
1996,jordan,22,Barrichello,0.0
1996,forti,85,Montermini,0.0
1996,sauber,49,Frentzen,0.0
1996,footwork,50,Verstappen,0.0
1996,footwork,73,Rosset,0.0
1996,tyrrell,79,Katayama,0.0
1996,ferrari,56,Irvine,0.0
1996,williams,71,Hill,10.0
1996,williams,35,Villeneuve,6.0
1996,benetton,55,Alesi,4.0
1996,benetton,77,Berger,3.0
1996,mclaren,57,Häkkinen,2.0
1996,mclaren,14,Coulthard,1.0
1996,ligier,44,Panis,0.0
1996,jordan,84,Brundle,0.0
1996,jordan,22,Barrichello,0.0
1996,tyrrell,63,Salo,0.0
1996,footwork,73,Rosset,0.0
1996,minardi,83,Lamy,0.0
1996,sauber,65,Herbert,0.0
1996,sauber,49,Frentzen,0.0
1996,tyrrell,79,Katayama,0.0
1996,forti,69,Badoer,0.0
1996,ligier,64,Diniz,0.0
1996,footwork,50,Verstappen,0.0
1996,ferrari,56,Irvine,0.0
1996,minardi,21,Fisichella,0.0
1996,forti,85,Montermini,0.0
1996,ferrari,30,Schumacher,0.0
1996,williams,35,Villeneuve,10.0
1996,benetton,77,Berger,6.0
1996,mclaren,57,Häkkinen,4.0
1996,jordan,22,Barrichello,3.0
1996,mclaren,14,Coulthard,2.0
1996,jordan,84,Brundle,1.0
1996,tyrrell,63,Salo,0.0
1996,sauber,49,Frentzen,0.0
1996,sauber,65,Herbert,0.0
1996,footwork,50,Verstappen,0.0
1996,minardi,21,Fisichella,0.0
1996,benetton,55,Alesi,0.0
1996,ligier,44,Panis,0.0
1996,ligier,64,Diniz,0.0
1996,williams,71,Hill,0.0
1996,minardi,83,Lamy,0.0
1996,footwork,73,Rosset,0.0
1996,tyrrell,79,Katayama,0.0
1996,ferrari,56,Irvine,0.0
1996,ferrari,30,Schumacher,0.0
1996,forti,85,Montermini,0.0
1996,forti,69,Badoer,0.0
1996,williams,71,Hill,10.0
1996,benetton,55,Alesi,6.0
1996,williams,35,Villeneuve,4.0
1996,ferrari,30,Schumacher,3.0
1996,mclaren,14,Coulthard,2.0
1996,jordan,22,Barrichello,1.0
1996,ligier,44,Panis,0.0
1996,sauber,49,Frentzen,0.0
1996,tyrrell,63,Salo,0.0
1996,jordan,84,Brundle,0.0
1996,footwork,73,Rosset,0.0
1996,minardi,83,Lamy,0.0
1996,benetton,77,Berger,0.0
1996,ferrari,56,Irvine,0.0
1996,sauber,65,Herbert,0.0
1996,ligier,64,Diniz,0.0
1996,tyrrell,79,Katayama,0.0
1996,mclaren,57,Häkkinen,0.0
1996,footwork,50,Verstappen,0.0
1996,minardi,86,Lavaggi,0.0
1996,williams,35,Villeneuve,10.0
1996,williams,71,Hill,6.0
1996,benetton,55,Alesi,4.0
1996,mclaren,57,Häkkinen,3.0
1996,ligier,44,Panis,2.0
1996,jordan,22,Barrichello,1.0
1996,tyrrell,79,Katayama,0.0
1996,footwork,73,Rosset,0.0
1996,ferrari,30,Schumacher,0.0
1996,minardi,86,Lavaggi,0.0
1996,benetton,77,Berger,0.0
1996,sauber,49,Frentzen,0.0
1996,sauber,65,Herbert,0.0
1996,ferrari,56,Irvine,0.0
1996,minardi,83,Lamy,0.0
1996,mclaren,14,Coulthard,0.0
1996,footwork,50,Verstappen,0.0
1996,jordan,84,Brundle,0.0
1996,ligier,64,Diniz,0.0
1996,tyrrell,63,Salo,0.0
1996,ferrari,30,Schumacher,10.0
1996,williams,35,Villeneuve,6.0
1996,mclaren,57,Häkkinen,4.0
1996,benetton,55,Alesi,3.0
1996,williams,71,Hill,2.0
1996,benetton,77,Berger,1.0
1996,tyrrell,63,Salo,0.0
1996,tyrrell,79,Katayama,0.0
1996,footwork,73,Rosset,0.0
1996,minardi,83,Lamy,0.0
1996,mclaren,14,Coulthard,0.0
1996,jordan,84,Brundle,0.0
1996,ferrari,56,Irvine,0.0
1996,jordan,22,Barrichello,0.0
1996,ligier,64,Diniz,0.0
1996,footwork,50,Verstappen,0.0
1996,sauber,49,Frentzen,0.0
1996,sauber,65,Herbert,0.0
1996,ligier,44,Panis,0.0
1996,minardi,86,Lavaggi,0.0
1996,ferrari,30,Schumacher,10.0
1996,benetton,55,Alesi,6.0
1996,mclaren,57,Häkkinen,4.0
1996,jordan,84,Brundle,3.0
1996,jordan,22,Barrichello,2.0
1996,ligier,64,Diniz,1.0
1996,williams,35,Villeneuve,0.0
1996,footwork,50,Verstappen,0.0
1996,sauber,65,Herbert,0.0
1996,tyrrell,79,Katayama,0.0
1996,footwork,73,Rosset,0.0
1996,ferrari,56,Irvine,0.0
1996,minardi,83,Lamy,0.0
1996,tyrrell,63,Salo,0.0
1996,sauber,49,Frentzen,0.0
1996,williams,71,Hill,0.0
1996,minardi,86,Lavaggi,0.0
1996,benetton,77,Berger,0.0
1996,ligier,44,Panis,0.0
1996,mclaren,14,Coulthard,0.0
1996,williams,35,Villeneuve,10.0
1996,williams,71,Hill,6.0
1996,ferrari,30,Schumacher,4.0
1996,benetton,55,Alesi,3.0
1996,ferrari,56,Irvine,2.0
1996,benetton,77,Berger,1.0
1996,sauber,49,Frentzen,0.0
1996,sauber,65,Herbert,0.0
1996,jordan,84,Brundle,0.0
1996,ligier,44,Panis,0.0
1996,tyrrell,63,Salo,0.0
1996,tyrrell,79,Katayama,0.0
1996,mclaren,14,Coulthard,0.0
1996,footwork,73,Rosset,0.0
1996,minardi,86,Lavaggi,0.0
1996,minardi,83,Lamy,0.0
1996,mclaren,57,Häkkinen,0.0
1996,footwork,50,Verstappen,0.0
1996,ligier,64,Diniz,0.0
1996,jordan,22,Barrichello,0.0
1996,williams,71,Hill,10.0
1996,ferrari,30,Schumacher,6.0
1996,mclaren,57,Häkkinen,4.0
1996,benetton,77,Berger,3.0
1996,jordan,84,Brundle,2.0
1996,sauber,49,Frentzen,1.0
1996,ligier,44,Panis,0.0
1996,mclaren,14,Coulthard,0.0
1996,jordan,22,Barrichello,0.0
1996,sauber,65,Herbert,0.0
1996,footwork,50,Verstappen,0.0
1996,minardi,83,Lamy,0.0
1996,footwork,73,Rosset,0.0
1996,ferrari,56,Irvine,0.0
1996,tyrrell,79,Katayama,0.0
1996,williams,35,Villeneuve,0.0
1996,tyrrell,63,Salo,0.0
1996,ligier,64,Diniz,0.0
1996,benetton,55,Alesi,0.0
1996,minardi,86,Lavaggi,0.0
1995,benetton,30,Schumacher,10.0
1995,williams,14,Coulthard,6.0
1995,ferrari,77,Berger,4.0
1995,mclaren,57,Häkkinen,3.0
1995,ferrari,55,Alesi,2.0
1995,mclaren,87,Blundell,1.0
1995,tyrrell,63,Salo,0.0
1995,ligier,88,Suzuki,0.0
1995,pacific,85,Montermini,0.0
1995,forti,64,Diniz,0.0
1995,footwork,81,Morbidelli,0.0
1995,footwork,89,Inoue,0.0
1995,minardi,69,Badoer,0.0
1995,forti,90,Moreno,0.0
1995,sauber,91,Wendlinger,0.0
1995,williams,71,Hill,0.0
1995,benetton,65,Herbert,0.0
1995,pacific,92,Gachot,0.0
1995,jordan,22,Barrichello,0.0
1995,simtek,50,Verstappen,0.0
1995,tyrrell,79,Katayama,0.0
1995,jordan,56,Irvine,0.0
1995,simtek,93,Schiattarella,0.0
1995,sauber,49,Frentzen,0.0
1995,ligier,44,Panis,0.0
1995,minardi,94,Martini,0.0
1995,williams,71,Hill,10.0
1995,ferrari,55,Alesi,6.0
1995,benetton,30,Schumacher,4.0
1995,benetton,65,Herbert,3.0
1995,sauber,49,Frentzen,2.0
1995,ferrari,77,Berger,1.0
1995,ligier,44,Panis,0.0
1995,tyrrell,79,Katayama,0.0
1995,simtek,93,Schiattarella,0.0
1995,forti,64,Diniz,0.0
1995,forti,90,Moreno,0.0
1995,tyrrell,63,Salo,0.0
1995,ligier,88,Suzuki,0.0
1995,minardi,94,Martini,0.0
1995,footwork,81,Morbidelli,0.0
1995,footwork,89,Inoue,0.0
1995,jordan,22,Barrichello,0.0
1995,simtek,50,Verstappen,0.0
1995,williams,14,Coulthard,0.0
1995,mclaren,87,Blundell,0.0
1995,jordan,56,Irvine,0.0
1995,pacific,85,Montermini,0.0
1995,mclaren,57,Häkkinen,0.0
1995,pacific,92,Gachot,0.0
1995,sauber,91,Wendlinger,0.0
1995,minardi,69,Badoer,0.0
1995,williams,71,Hill,10.0
1995,ferrari,55,Alesi,6.0
1995,ferrari,77,Berger,4.0
1995,williams,14,Coulthard,3.0
1995,mclaren,57,Häkkinen,2.0
1995,sauber,49,Frentzen,1.0
1995,benetton,65,Herbert,0.0
1995,jordan,56,Irvine,0.0
1995,ligier,44,Panis,0.0
1995,mclaren,95,Mansell,0.0
1995,ligier,88,Suzuki,0.0
1995,minardi,94,Martini,0.0
1995,footwork,81,Morbidelli,0.0
1995,minardi,69,Badoer,0.0
1995,forti,64,Diniz,0.0
1995,forti,90,Moreno,0.0
1995,sauber,91,Wendlinger,0.0
1995,pacific,92,Gachot,0.0
1995,simtek,93,Schiattarella,0.0
1995,jordan,22,Barrichello,0.0
1995,tyrrell,79,Katayama,0.0
1995,tyrrell,63,Salo,0.0
1995,pacific,85,Montermini,0.0
1995,simtek,50,Verstappen,0.0
1995,footwork,89,Inoue,0.0
1995,benetton,30,Schumacher,0.0
1995,benetton,30,Schumacher,10.0
1995,benetton,65,Herbert,6.0
1995,ferrari,77,Berger,4.0
1995,williams,71,Hill,3.0
1995,jordan,56,Irvine,2.0
1995,ligier,44,Panis,1.0
1995,jordan,22,Barrichello,0.0
1995,sauber,49,Frentzen,0.0
1995,ligier,84,Brundle,0.0
1995,tyrrell,63,Salo,0.0
1995,footwork,81,Morbidelli,0.0
1995,simtek,50,Verstappen,0.0
1995,sauber,91,Wendlinger,0.0
1995,minardi,94,Martini,0.0
1995,simtek,93,Schiattarella,0.0
1995,tyrrell,79,Katayama,0.0
1995,williams,14,Coulthard,0.0
1995,mclaren,57,Häkkinen,0.0
1995,footwork,89,Inoue,0.0
1995,pacific,92,Gachot,0.0
1995,forti,90,Moreno,0.0
1995,ferrari,55,Alesi,0.0
1995,minardi,69,Badoer,0.0
1995,mclaren,95,Mansell,0.0
1995,forti,64,Diniz,0.0
1995,pacific,85,Montermini,0.0
1995,benetton,30,Schumacher,10.0
1995,williams,71,Hill,6.0
1995,ferrari,77,Berger,4.0
1995,benetton,65,Herbert,3.0
1995,mclaren,87,Blundell,2.0
1995,sauber,49,Frentzen,1.0
1995,minardi,94,Martini,0.0
1995,sauber,96,Boullion,0.0
1995,footwork,81,Morbidelli,0.0
1995,forti,64,Diniz,0.0
1995,minardi,69,Badoer,0.0
1995,ligier,44,Panis,0.0
1995,tyrrell,63,Salo,0.0
1995,jordan,22,Barrichello,0.0
1995,pacific,92,Gachot,0.0
1995,ferrari,55,Alesi,0.0
1995,ligier,84,Brundle,0.0
1995,footwork,89,Inoue,0.0
1995,tyrrell,79,Katayama,0.0
1995,pacific,85,Montermini,0.0
1995,jordan,56,Irvine,0.0
1995,williams,14,Coulthard,0.0
1995,forti,90,Moreno,0.0
1995,mclaren,57,Häkkinen,0.0
1995,simtek,50,Verstappen,0.0
1995,simtek,93,Schiattarella,0.0
1995,ferrari,55,Alesi,10.0
1995,jordan,22,Barrichello,6.0
1995,jordan,56,Irvine,4.0
1995,ligier,44,Panis,3.0
1995,benetton,30,Schumacher,2.0
1995,footwork,81,Morbidelli,1.0
1995,tyrrell,63,Salo,0.0
1995,minardi,69,Badoer,0.0
1995,footwork,89,Inoue,0.0
1995,ligier,84,Brundle,0.0
1995,ferrari,77,Berger,0.0
1995,minardi,94,Martini,0.0
1995,forti,90,Moreno,0.0
1995,williams,71,Hill,0.0
1995,mclaren,87,Blundell,0.0
1995,tyrrell,79,Katayama,0.0
1995,pacific,92,Gachot,0.0
1995,sauber,49,Frentzen,0.0
1995,forti,64,Diniz,0.0
1995,sauber,96,Boullion,0.0
1995,pacific,85,Montermini,0.0
1995,williams,14,Coulthard,0.0
1995,benetton,65,Herbert,0.0
1995,mclaren,57,Häkkinen,0.0
1995,benetton,30,Schumacher,10.0
1995,williams,71,Hill,6.0
1995,williams,14,Coulthard,4.0
1995,ligier,84,Brundle,3.0
1995,ferrari,55,Alesi,2.0
1995,jordan,22,Barrichello,1.0
1995,mclaren,57,Häkkinen,0.0
1995,ligier,44,Panis,0.0
1995,jordan,56,Irvine,0.0
1995,sauber,49,Frentzen,0.0
1995,mclaren,87,Blundell,0.0
1995,ferrari,77,Berger,0.0
1995,minardi,69,Badoer,0.0
1995,footwork,81,Morbidelli,0.0
1995,tyrrell,63,Salo,0.0
1995,forti,90,Moreno,0.0
1995,pacific,85,Montermini,0.0
1995,sauber,96,Boullion,0.0
1995,pacific,92,Gachot,0.0
1995,minardi,94,Martini,0.0
1995,benetton,65,Herbert,0.0
1995,footwork,89,Inoue,0.0
1995,tyrrell,79,Katayama,0.0
1995,forti,64,Diniz,0.0
1995,benetton,65,Herbert,10.0
1995,ferrari,55,Alesi,6.0
1995,williams,14,Coulthard,4.0
1995,ligier,44,Panis,3.0
1995,mclaren,87,Blundell,2.0
1995,sauber,49,Frentzen,1.0
1995,minardi,94,Martini,0.0
1995,tyrrell,63,Salo,0.0
1995,sauber,96,Boullion,0.0
1995,minardi,69,Badoer,0.0
1995,jordan,22,Barrichello,0.0
1995,pacific,92,Gachot,0.0
1995,forti,90,Moreno,0.0
1995,benetton,30,Schumacher,0.0
1995,williams,71,Hill,0.0
1995,footwork,97,Papis,0.0
1995,tyrrell,79,Katayama,0.0
1995,pacific,85,Montermini,0.0
1995,mclaren,57,Häkkinen,0.0
1995,ferrari,77,Berger,0.0
1995,ligier,84,Brundle,0.0
1995,footwork,89,Inoue,0.0
1995,forti,64,Diniz,0.0
1995,jordan,56,Irvine,0.0
1995,benetton,30,Schumacher,10.0
1995,williams,14,Coulthard,6.0
1995,ferrari,77,Berger,4.0
1995,benetton,65,Herbert,3.0
1995,sauber,96,Boullion,2.0
1995,ligier,88,Suzuki,1.0
1995,tyrrell,79,Katayama,0.0
1995,pacific,85,Montermini,0.0
1995,jordan,56,Irvine,0.0
1995,mclaren,57,Häkkinen,0.0
1995,sauber,49,Frentzen,0.0
1995,minardi,69,Badoer,0.0
1995,pacific,86,Lavaggi,0.0
1995,forti,90,Moreno,0.0
1995,jordan,22,Barrichello,0.0
1995,mclaren,87,Blundell,0.0
1995,ligier,44,Panis,0.0
1995,ferrari,55,Alesi,0.0
1995,minardi,94,Martini,0.0
1995,footwork,89,Inoue,0.0
1995,forti,64,Diniz,0.0
1995,williams,71,Hill,0.0
1995,tyrrell,63,Salo,0.0
1995,footwork,97,Papis,0.0
1995,williams,71,Hill,10.0
1995,williams,14,Coulthard,6.0
1995,ferrari,77,Berger,4.0
1995,benetton,65,Herbert,3.0
1995,sauber,49,Frentzen,2.0
1995,ligier,44,Panis,1.0
1995,jordan,22,Barrichello,0.0
1995,minardi,69,Badoer,0.0
1995,minardi,83,Lamy,0.0
1995,sauber,96,Boullion,0.0
1995,benetton,30,Schumacher,0.0
1995,pacific,85,Montermini,0.0
1995,jordan,56,Irvine,0.0
1995,ligier,84,Brundle,0.0
1995,tyrrell,63,Salo,0.0
1995,mclaren,87,Blundell,0.0
1995,tyrrell,79,Katayama,0.0
1995,footwork,97,Papis,0.0
1995,ferrari,55,Alesi,0.0
1995,forti,64,Diniz,0.0
1995,footwork,89,Inoue,0.0
1995,forti,90,Moreno,0.0
1995,pacific,86,Lavaggi,0.0
1995,mclaren,57,Häkkinen,0.0
1995,benetton,30,Schumacher,10.0
1995,williams,71,Hill,6.0
1995,ligier,84,Brundle,4.0
1995,sauber,49,Frentzen,3.0
1995,mclaren,87,Blundell,2.0
1995,jordan,22,Barrichello,1.0
1995,benetton,65,Herbert,0.0
1995,tyrrell,63,Salo,0.0
1995,ligier,44,Panis,0.0
1995,minardi,83,Lamy,0.0
1995,sauber,96,Boullion,0.0
1995,footwork,89,Inoue,0.0
1995,forti,64,Diniz,0.0
1995,forti,90,Moreno,0.0
1995,tyrrell,79,Katayama,0.0
1995,pacific,86,Lavaggi,0.0
1995,minardi,69,Badoer,0.0
1995,ferrari,77,Berger,0.0
1995,jordan,56,Irvine,0.0
1995,footwork,97,Papis,0.0
1995,pacific,85,Montermini,0.0
1995,williams,14,Coulthard,0.0
1995,ferrari,55,Alesi,0.0
1995,mclaren,57,Häkkinen,0.0
1995,benetton,65,Herbert,10.0
1995,mclaren,57,Häkkinen,6.0
1995,sauber,49,Frentzen,4.0
1995,mclaren,87,Blundell,3.0
1995,tyrrell,63,Salo,2.0
1995,sauber,96,Boullion,1.0
1995,footwork,97,Papis,0.0
1995,footwork,89,Inoue,0.0
1995,forti,64,Diniz,0.0
1995,tyrrell,79,Katayama,0.0
1995,ferrari,55,Alesi,0.0
1995,jordan,22,Barrichello,0.0
1995,jordan,56,Irvine,0.0
1995,ferrari,77,Berger,0.0
1995,minardi,69,Badoer,0.0
1995,benetton,30,Schumacher,0.0
1995,williams,71,Hill,0.0
1995,ligier,44,Panis,0.0
1995,williams,14,Coulthard,0.0
1995,ligier,84,Brundle,0.0
1995,pacific,86,Lavaggi,0.0
1995,minardi,83,Lamy,0.0
1995,pacific,85,Montermini,0.0
1995,forti,90,Moreno,0.0
1995,williams,14,Coulthard,10.0
1995,benetton,30,Schumacher,6.0
1995,williams,71,Hill,4.0
1995,ferrari,77,Berger,3.0
1995,ferrari,55,Alesi,2.0
1995,sauber,49,Frentzen,1.0
1995,benetton,65,Herbert,0.0
1995,ligier,84,Brundle,0.0
1995,mclaren,87,Blundell,0.0
1995,jordan,56,Irvine,0.0
1995,jordan,22,Barrichello,0.0
1995,sauber,96,Boullion,0.0
1995,tyrrell,63,Salo,0.0
1995,minardi,69,Badoer,0.0
1995,footwork,89,Inoue,0.0
1995,forti,64,Diniz,0.0
1995,forti,90,Moreno,0.0
1995,pacific,85,Montermini,0.0
1995,mclaren,57,Häkkinen,0.0
1995,pacific,98,Délétraz,0.0
1995,ligier,44,Panis,0.0
1995,minardi,83,Lamy,0.0
1995,tyrrell,79,Katayama,0.0
1995,footwork,97,Papis,0.0
1995,benetton,30,Schumacher,10.0
1995,ferrari,55,Alesi,6.0
1995,williams,14,Coulthard,4.0
1995,jordan,22,Barrichello,3.0
1995,benetton,65,Herbert,2.0
1995,jordan,56,Irvine,1.0
1995,ligier,84,Brundle,0.0
1995,mclaren,57,Häkkinen,0.0
1995,minardi,83,Lamy,0.0
1995,tyrrell,63,Salo,0.0
1995,minardi,69,Badoer,0.0
1995,footwork,97,Papis,0.0
1995,forti,64,Diniz,0.0
1995,tyrrell,99,Tarquini,0.0
1995,pacific,98,Délétraz,0.0
1995,williams,71,Hill,0.0
1995,pacific,85,Montermini,0.0
1995,sauber,96,Boullion,0.0
1995,ferrari,77,Berger,0.0
1995,forti,90,Moreno,0.0
1995,sauber,49,Frentzen,0.0
1995,ligier,44,Panis,0.0
1995,mclaren,87,Blundell,0.0
1995,footwork,89,Inoue,0.0
1995,benetton,30,Schumacher,10.0
1995,williams,14,Coulthard,6.0
1995,williams,71,Hill,4.0
1995,ferrari,77,Berger,3.0
1995,ferrari,55,Alesi,2.0
1995,benetton,65,Herbert,1.0
1995,sauber,49,Frentzen,0.0
1995,ligier,44,Panis,0.0
1995,mclaren,87,Blundell,0.0
1995,mclaren,76,Magnussen,0.0
1995,jordan,56,Irvine,0.0
1995,tyrrell,63,Salo,0.0
1995,minardi,83,Lamy,0.0
1995,tyrrell,79,Katayama,0.0
1995,minardi,69,Badoer,0.0
1995,forti,90,Moreno,0.0
1995,forti,64,Diniz,0.0
1995,jordan,22,Barrichello,0.0
1995,footwork,81,Morbidelli,0.0
1995,footwork,89,Inoue,0.0
1995,pacific,85,Montermini,0.0
1995,ligier,88,Suzuki,0.0
1995,sauber,96,Boullion,0.0
1995,pacific,92,Gachot,0.0
1995,benetton,30,Schumacher,10.0
1995,mclaren,57,Häkkinen,6.0
1995,benetton,65,Herbert,4.0
1995,jordan,56,Irvine,3.0
1995,ligier,44,Panis,2.0
1995,tyrrell,63,Salo,1.0
1995,mclaren,87,Blundell,0.0
1995,sauber,49,Frentzen,0.0
1995,minardi,69,Badoer,0.0
1995,sauber,91,Wendlinger,0.0
1995,minardi,83,Lamy,0.0
1995,footwork,89,Inoue,0.0
1995,williams,71,Hill,0.0
1995,williams,14,Coulthard,0.0
1995,forti,64,Diniz,0.0
1995,ferrari,55,Alesi,0.0
1995,pacific,85,Montermini,0.0
1995,ferrari,77,Berger,0.0
1995,jordan,22,Barrichello,0.0
1995,tyrrell,79,Katayama,0.0
1995,pacific,92,Gachot,0.0
1995,forti,90,Moreno,0.0
1995,footwork,81,Morbidelli,0.0
1995,ligier,88,Suzuki,0.0
1995,williams,71,Hill,10.0
1995,ligier,44,Panis,6.0
1995,footwork,81,Morbidelli,4.0
1995,mclaren,87,Blundell,3.0
1995,tyrrell,63,Salo,2.0
1995,minardi,83,Lamy,1.0
1995,forti,64,Diniz,0.0
1995,pacific,92,Gachot,0.0
1995,tyrrell,79,Katayama,0.0
1995,benetton,65,Herbert,0.0
1995,jordan,56,Irvine,0.0
1995,sauber,49,Frentzen,0.0
1995,ferrari,77,Berger,0.0
1995,ligier,84,Brundle,0.0
1995,benetton,30,Schumacher,0.0
1995,ferrari,55,Alesi,0.0
1995,forti,90,Moreno,0.0
1995,jordan,22,Barrichello,0.0
1995,williams,14,Coulthard,0.0
1995,footwork,89,Inoue,0.0
1995,sauber,91,Wendlinger,0.0
1995,pacific,85,Montermini,0.0
1995,minardi,69,Badoer,0.0
1995,mclaren,57,Häkkinen,0.0
1994,benetton,30,Schumacher,10.0
1994,williams,71,Hill,6.0
1994,ferrari,55,Alesi,4.0
1994,jordan,22,Barrichello,3.0
1994,tyrrell,79,Katayama,2.0
1994,sauber,91,Wendlinger,1.0
1994,team_lotus,65,Herbert,0.0
1994,minardi,94,Martini,0.0
1994,larrousse,100,Comas,0.0
1994,team_lotus,83,Lamy,0.0
1994,ligier,44,Panis,0.0
1994,simtek,101,Brabham,0.0
1994,williams,102,Senna,0.0
1994,mclaren,84,Brundle,0.0
1994,jordan,56,Irvine,0.0
1994,benetton,50,Verstappen,0.0
1994,ligier,103,Bernard,0.0
1994,tyrrell,87,Blundell,0.0
1994,footwork,104,Fittipaldi,0.0
1994,sauber,49,Frentzen,0.0
1994,mclaren,57,Häkkinen,0.0
1994,minardi,105,Alboreto,0.0
1994,footwork,81,Morbidelli,0.0
1994,ferrari,77,Berger,0.0
1994,larrousse,106,Beretta,0.0
1994,pacific,92,Gachot,0.0
1994,simtek,107,Ratzenberger,0.0
1994,pacific,108,Belmondo,0.0
1994,benetton,30,Schumacher,10.0
1994,ferrari,77,Berger,6.0
1994,jordan,22,Barrichello,4.0
1994,footwork,104,Fittipaldi,3.0
1994,sauber,49,Frentzen,2.0
1994,larrousse,100,Comas,1.0
1994,team_lotus,65,Herbert,0.0
1994,team_lotus,83,Lamy,0.0
1994,ligier,44,Panis,0.0
1994,ligier,103,Bernard,0.0
1994,simtek,107,Ratzenberger,0.0
1994,footwork,81,Morbidelli,0.0
1994,sauber,91,Wendlinger,0.0
1994,minardi,105,Alboreto,0.0
1994,mclaren,84,Brundle,0.0
1994,minardi,94,Martini,0.0
1994,benetton,50,Verstappen,0.0
1994,williams,71,Hill,0.0
1994,jordan,88,Suzuki,0.0
1994,tyrrell,79,Katayama,0.0
1994,mclaren,57,Häkkinen,0.0
1994,larrousse,106,Beretta,0.0
1994,simtek,101,Brabham,0.0
1994,williams,102,Senna,0.0
1994,ferrari,78,Larini,0.0
1994,tyrrell,87,Blundell,0.0
1994,pacific,92,Gachot,0.0
1994,pacific,108,Belmondo,0.0
1994,benetton,30,Schumacher,10.0
1994,ferrari,78,Larini,6.0
1994,mclaren,57,Häkkinen,4.0
1994,sauber,91,Wendlinger,3.0
1994,tyrrell,79,Katayama,2.0
1994,williams,71,Hill,1.0
1994,sauber,49,Frentzen,0.0
1994,mclaren,84,Brundle,0.0
1994,tyrrell,87,Blundell,0.0
1994,team_lotus,65,Herbert,0.0
1994,ligier,44,Panis,0.0
1994,ligier,103,Bernard,0.0
1994,footwork,104,Fittipaldi,0.0
1994,jordan,110,de Cesaris,0.0
1994,minardi,105,Alboreto,0.0
1994,footwork,81,Morbidelli,0.0
1994,minardi,94,Martini,0.0
1994,simtek,101,Brabham,0.0
1994,pacific,92,Gachot,0.0
1994,larrousse,106,Beretta,0.0
1994,ferrari,77,Berger,0.0
1994,williams,102,Senna,0.0
1994,larrousse,100,Comas,0.0
1994,benetton,109,Järvilehto,0.0
1994,team_lotus,83,Lamy,0.0
1994,simtek,107,Ratzenberger,0.0
1994,jordan,22,Barrichello,0.0
1994,pacific,108,Belmondo,0.0
1994,benetton,30,Schumacher,10.0
1994,mclaren,84,Brundle,6.0
1994,ferrari,77,Berger,4.0
1994,jordan,110,de Cesaris,3.0
1994,ferrari,55,Alesi,2.0
1994,minardi,105,Alboreto,1.0
1994,benetton,109,Järvilehto,0.0
1994,larrousse,106,Beretta,0.0
1994,ligier,44,Panis,0.0
1994,larrousse,100,Comas,0.0
1994,team_lotus,83,Lamy,0.0
1994,team_lotus,65,Herbert,0.0
1994,pacific,108,Belmondo,0.0
1994,pacific,92,Gachot,0.0
1994,footwork,104,Fittipaldi,0.0
1994,simtek,101,Brabham,0.0
1994,tyrrell,87,Blundell,0.0
1994,tyrrell,79,Katayama,0.0
1994,ligier,103,Bernard,0.0
1994,jordan,22,Barrichello,0.0
1994,mclaren,57,Häkkinen,0.0
1994,williams,71,Hill,0.0
1994,footwork,81,Morbidelli,0.0
1994,minardi,94,Martini,0.0
1994,sauber,49,Frentzen,0.0
1994,sauber,91,Wendlinger,0.0
1994,williams,71,Hill,10.0
1994,benetton,30,Schumacher,6.0
1994,tyrrell,87,Blundell,4.0
1994,ferrari,55,Alesi,3.0
1994,minardi,94,Martini,2.0
1994,jordan,56,Irvine,1.0
1994,ligier,44,Panis,0.0
1994,ligier,103,Bernard,0.0
1994,team_lotus,70,Zanardi,0.0
1994,simtek,101,Brabham,0.0
1994,mclaren,84,Brundle,0.0
1994,benetton,109,Järvilehto,0.0
1994,mclaren,57,Häkkinen,0.0
1994,team_lotus,65,Herbert,0.0
1994,jordan,22,Barrichello,0.0
1994,footwork,104,Fittipaldi,0.0
1994,williams,14,Coulthard,0.0
1994,pacific,92,Gachot,0.0
1994,ferrari,77,Berger,0.0
1994,footwork,81,Morbidelli,0.0
1994,sauber,49,Frentzen,0.0
1994,larrousse,100,Comas,0.0
1994,tyrrell,79,Katayama,0.0
1994,minardi,105,Alboreto,0.0
1994,pacific,108,Belmondo,0.0
1994,larrousse,106,Beretta,0.0
1994,simtek,85,Montermini,0.0
1994,benetton,30,Schumacher,10.0
1994,williams,71,Hill,6.0
1994,ferrari,55,Alesi,4.0
1994,ferrari,77,Berger,3.0
1994,williams,14,Coulthard,2.0
1994,benetton,109,Järvilehto,1.0
1994,jordan,22,Barrichello,0.0
1994,team_lotus,65,Herbert,0.0
1994,minardi,94,Martini,0.0
1994,tyrrell,87,Blundell,0.0
1994,minardi,105,Alboreto,0.0
1994,ligier,44,Panis,0.0
1994,ligier,103,Bernard,0.0
1994,simtek,101,Brabham,0.0
1994,team_lotus,70,Zanardi,0.0
1994,footwork,104,Fittipaldi,0.0
1994,mclaren,57,Häkkinen,0.0
1994,larrousse,106,Beretta,0.0
1994,footwork,81,Morbidelli,0.0
1994,pacific,92,Gachot,0.0
1994,larrousse,100,Comas,0.0
1994,tyrrell,79,Katayama,0.0
1994,jordan,56,Irvine,0.0
1994,sauber,110,de Cesaris,0.0
1994,sauber,49,Frentzen,0.0
1994,mclaren,84,Brundle,0.0
1994,pacific,108,Belmondo,0.0
1994,benetton,30,Schumacher,10.0
1994,williams,71,Hill,6.0
1994,ferrari,77,Berger,4.0
1994,sauber,49,Frentzen,3.0
1994,minardi,94,Martini,2.0
1994,sauber,110,de Cesaris,1.0
1994,team_lotus,65,Herbert,0.0
1994,footwork,104,Fittipaldi,0.0
1994,simtek,111,Gounon,0.0
1994,tyrrell,87,Blundell,0.0
1994,larrousse,100,Comas,0.0
1994,tyrrell,79,Katayama,0.0
1994,mclaren,57,Häkkinen,0.0
1994,williams,95,Mansell,0.0
1994,ferrari,55,Alesi,0.0
1994,jordan,22,Barrichello,0.0
1994,ligier,103,Bernard,0.0
1994,larrousse,106,Beretta,0.0
1994,mclaren,84,Brundle,0.0
1994,footwork,81,Morbidelli,0.0
1994,ligier,44,Panis,0.0
1994,simtek,101,Brabham,0.0
1994,benetton,50,Verstappen,0.0
1994,jordan,56,Irvine,0.0
1994,minardi,105,Alboreto,0.0
1994,team_lotus,70,Zanardi,0.0
1994,pacific,108,Belmondo,0.0
1994,pacific,92,Gachot,0.0
1994,williams,71,Hill,10.0
1994,ferrari,55,Alesi,6.0
1994,mclaren,57,Häkkinen,4.0
1994,jordan,22,Barrichello,3.0
1994,williams,14,Coulthard,2.0
1994,tyrrell,79,Katayama,1.0
1994,sauber,49,Frentzen,0.0
1994,benetton,50,Verstappen,0.0
1994,footwork,104,Fittipaldi,0.0
1994,minardi,94,Martini,0.0
1994,team_lotus,65,Herbert,0.0
1994,ligier,44,Panis,0.0
1994,ligier,103,Bernard,0.0
1994,larrousse,106,Beretta,0.0
1994,simtek,101,Brabham,0.0
1994,simtek,111,Gounon,0.0
1994,benetton,30,Schumacher,0.0
1994,minardi,105,Alboreto,0.0
1994,ferrari,77,Berger,0.0
1994,tyrrell,87,Blundell,0.0
1994,larrousse,100,Comas,0.0
1994,sauber,110,de Cesaris,0.0
1994,footwork,81,Morbidelli,0.0
1994,team_lotus,70,Zanardi,0.0
1994,mclaren,84,Brundle,0.0
1994,jordan,56,Irvine,0.0
1994,pacific,92,Gachot,0.0
1994,pacific,108,Belmondo,0.0
1994,ferrari,77,Berger,10.0
1994,ligier,44,Panis,6.0
1994,ligier,103,Bernard,4.0
1994,footwork,104,Fittipaldi,3.0
1994,footwork,81,Morbidelli,2.0
1994,larrousse,100,Comas,1.0
1994,larrousse,106,Beretta,0.0
1994,williams,71,Hill,0.0
1994,simtek,111,Gounon,0.0
1994,simtek,101,Brabham,0.0
1994,benetton,30,Schumacher,0.0
1994,mclaren,84,Brundle,0.0
1994,williams,14,Coulthard,0.0
1994,benetton,50,Verstappen,0.0
1994,tyrrell,79,Katayama,0.0
1994,ferrari,55,Alesi,0.0
1994,tyrrell,87,Blundell,0.0
1994,mclaren,57,Häkkinen,0.0
1994,sauber,49,Frentzen,0.0
1994,jordan,56,Irvine,0.0
1994,jordan,22,Barrichello,0.0
1994,team_lotus,65,Herbert,0.0
1994,sauber,110,de Cesaris,0.0
1994,minardi,94,Martini,0.0
1994,team_lotus,70,Zanardi,0.0
1994,minardi,105,Alboreto,0.0
1994,pacific,92,Gachot,0.0
1994,pacific,108,Belmondo,0.0
1994,benetton,30,Schumacher,10.0
1994,williams,71,Hill,6.0
1994,benetton,50,Verstappen,4.0
1994,mclaren,84,Brundle,3.0
1994,tyrrell,87,Blundell,2.0
1994,ligier,44,Panis,1.0
1994,minardi,105,Alboreto,0.0
1994,larrousse,100,Comas,0.0
1994,larrousse,106,Beretta,0.0
1994,ligier,103,Bernard,0.0
1994,simtek,101,Brabham,0.0
1994,ferrari,77,Berger,0.0
1994,team_lotus,70,Zanardi,0.0
1994,footwork,104,Fittipaldi,0.0
1994,williams,14,Coulthard,0.0
1994,ferrari,55,Alesi,0.0
1994,minardi,94,Martini,0.0
1994,sauber,49,Frentzen,0.0
1994,team_lotus,65,Herbert,0.0
1994,sauber,110,de Cesaris,0.0
1994,footwork,81,Morbidelli,0.0
1994,mclaren,112,Alliot,0.0
1994,simtek,111,Gounon,0.0
1994,tyrrell,79,Katayama,0.0
1994,jordan,56,Irvine,0.0
1994,jordan,22,Barrichello,0.0
1994,pacific,92,Gachot,0.0
1994,pacific,108,Belmondo,0.0
1994,williams,71,Hill,10.0
1994,mclaren,57,Häkkinen,6.0
1994,benetton,50,Verstappen,4.0
1994,williams,14,Coulthard,3.0
1994,tyrrell,87,Blundell,2.0
1994,footwork,81,Morbidelli,1.0
1994,ligier,44,Panis,0.0
1994,minardi,94,Martini,0.0
1994,minardi,105,Alboreto,0.0
1994,ligier,103,Bernard,0.0
1994,simtek,111,Gounon,0.0
1994,team_lotus,65,Herbert,0.0
1994,jordan,56,Irvine,0.0
1994,benetton,30,Schumacher,0.0
1994,footwork,104,Fittipaldi,0.0
1994,simtek,101,Brabham,0.0
1994,sauber,110,de Cesaris,0.0
1994,mclaren,84,Brundle,0.0
1994,jordan,22,Barrichello,0.0
1994,tyrrell,79,Katayama,0.0
1994,team_lotus,113,Adams,0.0
1994,ferrari,77,Berger,0.0
1994,larrousse,112,Alliot,0.0
1994,sauber,49,Frentzen,0.0
1994,larrousse,100,Comas,0.0
1994,ferrari,55,Alesi,0.0
1994,pacific,92,Gachot,0.0
1994,pacific,108,Belmondo,0.0
1994,williams,71,Hill,10.0
1994,ferrari,77,Berger,6.0
1994,mclaren,57,Häkkinen,4.0
1994,jordan,22,Barrichello,3.0
1994,mclaren,84,Brundle,2.0
1994,williams,14,Coulthard,1.0
1994,ligier,103,Bernard,0.0
1994,larrousse,100,Comas,0.0
1994,benetton,109,Järvilehto,0.0
1994,ligier,44,Panis,0.0
1994,simtek,101,Brabham,0.0
1994,tyrrell,79,Katayama,0.0
1994,footwork,104,Fittipaldi,0.0
1994,jordan,56,Irvine,0.0
1994,tyrrell,87,Blundell,0.0
1994,minardi,94,Martini,0.0
1994,minardi,105,Alboreto,0.0
1994,sauber,49,Frentzen,0.0
1994,sauber,110,de Cesaris,0.0
1994,simtek,111,Gounon,0.0
1994,larrousse,114,Dalmas,0.0
1994,ferrari,55,Alesi,0.0
1994,team_lotus,65,Herbert,0.0
1994,benetton,50,Verstappen,0.0
1994,team_lotus,70,Zanardi,0.0
1994,footwork,81,Morbidelli,0.0
1994,pacific,92,Gachot,0.0
1994,pacific,108,Belmondo,0.0
1994,williams,71,Hill,10.0
1994,williams,14,Coulthard,6.0
1994,mclaren,57,Häkkinen,4.0
1994,jordan,22,Barrichello,3.0
1994,benetton,50,Verstappen,2.0
1994,mclaren,84,Brundle,1.0
1994,jordan,56,Irvine,0.0
1994,footwork,104,Fittipaldi,0.0
1994,footwork,81,Morbidelli,0.0
1994,ligier,103,Bernard,0.0
1994,team_lotus,65,Herbert,0.0
1994,minardi,94,Martini,0.0
1994,minardi,105,Alboreto,0.0
1994,larrousse,114,Dalmas,0.0
1994,simtek,111,Gounon,0.0
1994,team_lotus,113,Adams,0.0
1994,ligier,44,Panis,0.0
1994,tyrrell,87,Blundell,0.0
1994,benetton,109,Järvilehto,0.0
1994,sauber,110,de Cesaris,0.0
1994,ferrari,55,Alesi,0.0
1994,simtek,101,Brabham,0.0
1994,sauber,49,Frentzen,0.0
1994,larrousse,100,Comas,0.0
1994,tyrrell,79,Katayama,0.0
1994,ferrari,77,Berger,0.0
1994,pacific,92,Gachot,0.0
1994,pacific,108,Belmondo,0.0
1994,benetton,30,Schumacher,10.0
1994,williams,71,Hill,6.0
1994,mclaren,57,Häkkinen,4.0
1994,jordan,56,Irvine,3.0
1994,ferrari,77,Berger,2.0
1994,sauber,49,Frentzen,1.0
1994,tyrrell,79,Katayama,0.0
1994,ligier,65,Herbert,0.0
1994,ligier,44,Panis,0.0
1994,ferrari,55,Alesi,0.0
1994,footwork,81,Morbidelli,0.0
1994,jordan,22,Barrichello,0.0
1994,tyrrell,87,Blundell,0.0
1994,minardi,105,Alboreto,0.0
1994,minardi,94,Martini,0.0
1994,team_lotus,70,Zanardi,0.0
1994,footwork,104,Fittipaldi,0.0
1994,team_lotus,103,Bernard,0.0
1994,simtek,93,Schiattarella,0.0
1994,williams,95,Mansell,0.0
1994,simtek,101,Brabham,0.0
1994,sauber,110,de Cesaris,0.0
1994,larrousse,100,Comas,0.0
1994,benetton,50,Verstappen,0.0
1994,larrousse,115,Noda,0.0
1994,mclaren,84,Brundle,0.0
1994,pacific,92,Gachot,0.0
1994,pacific,108,Belmondo,0.0
1994,williams,71,Hill,10.0
1994,benetton,30,Schumacher,6.0
1994,ferrari,55,Alesi,4.0
1994,williams,95,Mansell,3.0
1994,jordan,56,Irvine,2.0
1994,sauber,49,Frentzen,1.0
1994,mclaren,57,Häkkinen,0.0
1994,footwork,104,Fittipaldi,0.0
1994,larrousse,100,Comas,0.0
1994,team_lotus,63,Salo,0.0
1994,ligier,44,Panis,0.0
1994,simtek,101,Brabham,0.0
1994,team_lotus,70,Zanardi,0.0
1994,tyrrell,87,Blundell,0.0
1994,jordan,22,Barrichello,0.0
1994,mclaren,84,Brundle,0.0
1994,footwork,81,Morbidelli,0.0
1994,ferrari,77,Berger,0.0
1994,ligier,116,Lagorce,0.0
1994,minardi,94,Martini,0.0
1994,minardi,105,Alboreto,0.0
1994,benetton,65,Herbert,0.0
1994,tyrrell,79,Katayama,0.0
1994,simtek,89,Inoue,0.0
1994,sauber,109,Järvilehto,0.0
1994,larrousse,115,Noda,0.0
1994,pacific,92,Gachot,0.0
1994,pacific,108,Belmondo,0.0
1994,williams,95,Mansell,10.0
1994,ferrari,77,Berger,6.0
1994,mclaren,84,Brundle,4.0
1994,jordan,22,Barrichello,3.0
1994,ligier,44,Panis,2.0
1994,ferrari,55,Alesi,1.0
1994,sauber,49,Frentzen,0.0
1994,footwork,104,Fittipaldi,0.0
1994,minardi,94,Martini,0.0
1994,sauber,109,Järvilehto,0.0
1994,ligier,116,Lagorce,0.0
1994,mclaren,57,Häkkinen,0.0
1994,minardi,105,Alboreto,0.0
1994,tyrrell,87,Blundell,0.0
1994,larrousse,98,Délétraz,0.0
1994,team_lotus,63,Salo,0.0
1994,simtek,101,Brabham,0.0
1994,team_lotus,70,Zanardi,0.0
1994,williams,71,Hill,0.0
1994,benetton,30,Schumacher,0.0
1994,simtek,93,Schiattarella,0.0
1994,tyrrell,79,Katayama,0.0
1994,larrousse,115,Noda,0.0
1994,footwork,81,Morbidelli,0.0
1994,jordan,56,Irvine,0.0
1994,benetton,65,Herbert,0.0
1994,pacific,92,Gachot,0.0
1994,pacific,108,Belmondo,0.0
1993,williams,117,Prost,10.0
1993,mclaren,102,Senna,6.0
1993,ligier,87,Blundell,4.0
1993,minardi,104,Fittipaldi,3.0
1993,sauber,109,Järvilehto,2.0
1993,ferrari,77,Berger,1.0
1993,footwork,118,Warwick,0.0
1993,ligier,84,Brundle,0.0
1993,lola,105,Alboreto,0.0
1993,larrousse,100,Comas,0.0
1993,benetton,119,Patrese,0.0
1993,benetton,30,Schumacher,0.0
1993,team_lotus,65,Herbert,0.0
1993,sauber,91,Wendlinger,0.0
1993,jordan,22,Barrichello,0.0
1993,ferrari,55,Alesi,0.0
1993,larrousse,112,Alliot,0.0
1993,minardi,120,Barbazza,0.0
1993,footwork,88,Suzuki,0.0
1993,lola,69,Badoer,0.0
1993,williams,71,Hill,0.0
1993,team_lotus,70,Zanardi,0.0
1993,mclaren,121,Andretti,0.0
1993,jordan,122,Capelli,0.0
1993,tyrrell,79,Katayama,0.0
1993,tyrrell,110,de Cesaris,0.0
1993,mclaren,102,Senna,10.0
1993,williams,71,Hill,6.0
1993,benetton,30,Schumacher,4.0
1993,team_lotus,65,Herbert,3.0
1993,ligier,87,Blundell,2.0
1993,team_lotus,70,Zanardi,1.0
1993,larrousse,112,Alliot,0.0
1993,ferrari,55,Alesi,0.0
1993,footwork,118,Warwick,0.0
1993,larrousse,100,Comas,0.0
1993,lola,105,Alboreto,0.0
1993,lola,69,Badoer,0.0
1993,sauber,91,Wendlinger,0.0
1993,sauber,109,Järvilehto,0.0
1993,tyrrell,110,de Cesaris,0.0
1993,williams,117,Prost,0.0
1993,minardi,104,Fittipaldi,0.0
1993,footwork,88,Suzuki,0.0
1993,tyrrell,79,Katayama,0.0
1993,jordan,22,Barrichello,0.0
1993,benetton,119,Patrese,0.0
1993,mclaren,121,Andretti,0.0
1993,ferrari,77,Berger,0.0
1993,ligier,84,Brundle,0.0
1993,minardi,120,Barbazza,0.0
1993,jordan,122,Capelli,0.0
1993,mclaren,102,Senna,10.0
1993,williams,71,Hill,6.0
1993,williams,117,Prost,4.0
1993,team_lotus,65,Herbert,3.0
1993,benetton,119,Patrese,2.0
1993,minardi,120,Barbazza,1.0
1993,minardi,104,Fittipaldi,0.0
1993,team_lotus,70,Zanardi,0.0
1993,larrousse,100,Comas,0.0
1993,jordan,22,Barrichello,0.0
1993,lola,105,Alboreto,0.0
1993,footwork,118,Warwick,0.0
1993,jordan,123,Boutsen,0.0
1993,tyrrell,110,de Cesaris,0.0
1993,ferrari,55,Alesi,0.0
1993,footwork,88,Suzuki,0.0
1993,larrousse,112,Alliot,0.0
1993,benetton,30,Schumacher,0.0
1993,ligier,87,Blundell,0.0
1993,ferrari,77,Berger,0.0
1993,sauber,109,Järvilehto,0.0
1993,tyrrell,79,Katayama,0.0
1993,ligier,84,Brundle,0.0
1993,sauber,91,Wendlinger,0.0
1993,mclaren,121,Andretti,0.0
1993,lola,69,Badoer,0.0
1993,williams,117,Prost,10.0
1993,benetton,30,Schumacher,6.0
1993,ligier,84,Brundle,4.0
1993,sauber,109,Järvilehto,3.0
1993,larrousse,112,Alliot,2.0
1993,minardi,120,Barbazza,1.0
1993,lola,69,Badoer,0.0
1993,team_lotus,65,Herbert,0.0
1993,footwork,88,Suzuki,0.0
1993,team_lotus,70,Zanardi,0.0
1993,sauber,91,Wendlinger,0.0
1993,mclaren,102,Senna,0.0
1993,ferrari,55,Alesi,0.0
1993,minardi,104,Fittipaldi,0.0
1993,mclaren,121,Andretti,0.0
1993,footwork,118,Warwick,0.0
1993,tyrrell,79,Katayama,0.0
1993,williams,71,Hill,0.0
1993,larrousse,100,Comas,0.0
1993,tyrrell,110,de Cesaris,0.0
1993,jordan,22,Barrichello,0.0
1993,ferrari,77,Berger,0.0
1993,jordan,123,Boutsen,0.0
1993,ligier,87,Blundell,0.0
1993,benetton,119,Patrese,0.0
1993,lola,105,Alboreto,0.0
1993,williams,117,Prost,10.0
1993,mclaren,102,Senna,6.0
1993,benetton,30,Schumacher,4.0
1993,benetton,119,Patrese,3.0
1993,mclaren,121,Andretti,2.0
1993,ferrari,77,Berger,1.0
1993,ligier,87,Blundell,0.0
1993,minardi,104,Fittipaldi,0.0
1993,larrousse,100,Comas,0.0
1993,footwork,88,Suzuki,0.0
1993,jordan,123,Boutsen,0.0
1993,jordan,22,Barrichello,0.0
1993,footwork,118,Warwick,0.0
1993,team_lotus,70,Zanardi,0.0
1993,sauber,109,Järvilehto,0.0
1993,lola,69,Badoer,0.0
1993,sauber,91,Wendlinger,0.0
1993,tyrrell,110,de Cesaris,0.0
1993,williams,71,Hill,0.0
1993,ferrari,55,Alesi,0.0
1993,minardi,120,Barbazza,0.0
1993,larrousse,112,Alliot,0.0
1993,ligier,84,Brundle,0.0
1993,tyrrell,79,Katayama,0.0
1993,team_lotus,65,Herbert,0.0
1993,lola,105,Alboreto,0.0
1993,mclaren,102,Senna,10.0
1993,williams,71,Hill,6.0
1993,ferrari,55,Alesi,4.0
1993,williams,117,Prost,3.0
1993,minardi,104,Fittipaldi,2.0
1993,ligier,84,Brundle,1.0
1993,team_lotus,70,Zanardi,0.0
1993,mclaren,121,Andretti,0.0
1993,jordan,22,Barrichello,0.0
1993,tyrrell,110,de Cesaris,0.0
1993,minardi,120,Barbazza,0.0
1993,larrousse,112,Alliot,0.0
1993,sauber,91,Wendlinger,0.0
1993,ferrari,77,Berger,0.0
1993,team_lotus,65,Herbert,0.0
1993,benetton,119,Patrese,0.0
1993,larrousse,100,Comas,0.0
1993,footwork,88,Suzuki,0.0
1993,footwork,118,Warwick,0.0
1993,benetton,30,Schumacher,0.0
1993,tyrrell,79,Katayama,0.0
1993,lola,105,Alboreto,0.0
1993,sauber,109,Järvilehto,0.0
1993,jordan,123,Boutsen,0.0
1993,ligier,87,Blundell,0.0
1993,lola,69,Badoer,0.0
1993,williams,117,Prost,10.0
1993,benetton,30,Schumacher,6.0
1993,williams,71,Hill,4.0
1993,ferrari,77,Berger,3.0
1993,ligier,84,Brundle,2.0
1993,sauber,91,Wendlinger,1.0
1993,sauber,109,Järvilehto,0.0
1993,larrousse,100,Comas,0.0
1993,minardi,104,Fittipaldi,0.0
1993,team_lotus,65,Herbert,0.0
1993,team_lotus,70,Zanardi,0.0
1993,jordan,123,Boutsen,0.0
1993,footwork,88,Suzuki,0.0
1993,mclaren,121,Andretti,0.0
1993,lola,69,Badoer,0.0
1993,footwork,118,Warwick,0.0
1993,tyrrell,79,Katayama,0.0
1993,mclaren,102,Senna,0.0
1993,benetton,119,Patrese,0.0
1993,tyrrell,110,de Cesaris,0.0
1993,minardi,120,Barbazza,0.0
1993,ferrari,55,Alesi,0.0
1993,ligier,87,Blundell,0.0
1993,jordan,22,Barrichello,0.0
1993,larrousse,112,Alliot,0.0
1993,lola,105,Alboreto,0.0
1993,williams,117,Prost,10.0
1993,williams,71,Hill,6.0
1993,benetton,30,Schumacher,4.0
1993,mclaren,102,Senna,3.0
1993,ligier,84,Brundle,2.0
1993,mclaren,121,Andretti,1.0
1993,jordan,22,Barrichello,0.0
1993,minardi,104,Fittipaldi,0.0
1993,larrousse,112,Alliot,0.0
1993,benetton,119,Patrese,0.0
1993,jordan,123,Boutsen,0.0
1993,footwork,88,Suzuki,0.0
1993,footwork,118,Warwick,0.0
1993,ferrari,77,Berger,0.0
1993,tyrrell,110,de Cesaris,0.0
1993,larrousse,100,Comas,0.0
1993,ferrari,55,Alesi,0.0
1993,lola,69,Badoer,0.0
1993,sauber,91,Wendlinger,0.0
1993,sauber,109,Järvilehto,0.0
1993,ligier,87,Blundell,0.0
1993,team_lotus,65,Herbert,0.0
1993,minardi,120,Barbazza,0.0
1993,tyrrell,79,Katayama,0.0
1993,team_lotus,70,Zanardi,0.0
1993,lola,105,Alboreto,0.0
1993,williams,117,Prost,10.0
1993,benetton,30,Schumacher,6.0
1993,benetton,119,Patrese,4.0
1993,team_lotus,65,Herbert,3.0
1993,mclaren,102,Senna,2.0
1993,footwork,118,Warwick,1.0
1993,ligier,87,Blundell,0.0
1993,sauber,109,Järvilehto,0.0
1993,ferrari,55,Alesi,0.0
1993,jordan,22,Barrichello,0.0
1993,larrousse,112,Alliot,0.0
1993,minardi,104,Fittipaldi,0.0
1993,tyrrell,79,Katayama,0.0
1993,ligier,84,Brundle,0.0
1993,tyrrell,110,de Cesaris,0.0
1993,williams,71,Hill,0.0
1993,team_lotus,70,Zanardi,0.0
1993,jordan,123,Boutsen,0.0
1993,lola,69,Badoer,0.0
1993,minardi,94,Martini,0.0
1993,sauber,91,Wendlinger,0.0
1993,ferrari,77,Berger,0.0
1993,footwork,88,Suzuki,0.0
1993,mclaren,121,Andretti,0.0
1993,larrousse,100,Comas,0.0
1993,lola,105,Alboreto,0.0
1993,williams,117,Prost,10.0
1993,benetton,30,Schumacher,6.0
1993,ligier,87,Blundell,4.0
1993,mclaren,102,Senna,3.0
1993,benetton,119,Patrese,2.0
1993,ferrari,77,Berger,1.0
1993,ferrari,55,Alesi,0.0
1993,ligier,84,Brundle,0.0
1993,sauber,91,Wendlinger,0.0
1993,team_lotus,65,Herbert,0.0
1993,minardi,104,Fittipaldi,0.0
1993,larrousse,112,Alliot,0.0
1993,jordan,123,Boutsen,0.0
1993,minardi,94,Martini,0.0
1993,williams,71,Hill,0.0
1993,lola,105,Alboreto,0.0
1993,footwork,118,Warwick,0.0
1993,jordan,22,Barrichello,0.0
1993,tyrrell,79,Katayama,0.0
1993,sauber,109,Järvilehto,0.0
1993,team_lotus,70,Zanardi,0.0
1993,footwork,88,Suzuki,0.0
1993,mclaren,121,Andretti,0.0
1993,lola,69,Badoer,0.0
1993,tyrrell,110,de Cesaris,0.0
1993,larrousse,100,Comas,0.0
1993,williams,71,Hill,10.0
1993,benetton,119,Patrese,6.0
1993,ferrari,77,Berger,4.0
1993,footwork,118,Warwick,3.0
1993,ligier,84,Brundle,2.0
1993,sauber,91,Wendlinger,1.0
1993,ligier,87,Blundell,0.0
1993,larrousse,112,Alliot,0.0
1993,jordan,123,Boutsen,0.0
1993,tyrrell,79,Katayama,0.0
1993,tyrrell,110,de Cesaris,0.0
1993,williams,117,Prost,0.0
1993,minardi,94,Martini,0.0
1993,larrousse,100,Comas,0.0
1993,team_lotus,70,Zanardi,0.0
1993,footwork,88,Suzuki,0.0
1993,lola,105,Alboreto,0.0
1993,team_lotus,65,Herbert,0.0
1993,lola,69,Badoer,0.0
1993,benetton,30,Schumacher,0.0
1993,minardi,104,Fittipaldi,0.0
1993,ferrari,55,Alesi,0.0
1993,sauber,109,Järvilehto,0.0
1993,mclaren,102,Senna,0.0
1993,mclaren,121,Andretti,0.0
1993,jordan,22,Barrichello,0.0
1993,williams,71,Hill,10.0
1993,benetton,30,Schumacher,6.0
1993,williams,117,Prost,4.0
1993,mclaren,102,Senna,3.0
1993,team_lotus,65,Herbert,2.0
1993,benetton,119,Patrese,1.0
1993,ligier,84,Brundle,0.0
1993,mclaren,121,Andretti,0.0
1993,sauber,109,Järvilehto,0.0
1993,ferrari,77,Berger,0.0
1993,ligier,87,Blundell,0.0
1993,larrousse,112,Alliot,0.0
1993,lola,69,Badoer,0.0
1993,lola,105,Alboreto,0.0
1993,tyrrell,79,Katayama,0.0
1993,larrousse,100,Comas,0.0
1993,footwork,118,Warwick,0.0
1993,sauber,91,Wendlinger,0.0
1993,tyrrell,110,de Cesaris,0.0
1993,minardi,104,Fittipaldi,0.0
1993,minardi,94,Martini,0.0
1993,footwork,88,Suzuki,0.0
1993,jordan,22,Barrichello,0.0
1993,ferrari,55,Alesi,0.0
1993,jordan,123,Boutsen,0.0
1993,team_lotus,70,Zanardi,0.0
1993,williams,71,Hill,10.0
1993,ferrari,55,Alesi,6.0
1993,mclaren,121,Andretti,4.0
1993,sauber,91,Wendlinger,3.0
1993,benetton,119,Patrese,2.0
1993,larrousse,100,Comas,1.0
1993,minardi,94,Martini,0.0
1993,minardi,104,Fittipaldi,0.0
1993,larrousse,112,Alliot,0.0
1993,lola,69,Badoer,0.0
1993,team_lotus,83,Lamy,0.0
1993,williams,117,Prost,0.0
1993,tyrrell,110,de Cesaris,0.0
1993,tyrrell,79,Katayama,0.0
1993,lola,105,Alboreto,0.0
1993,benetton,30,Schumacher,0.0
1993,ligier,87,Blundell,0.0
1993,ferrari,77,Berger,0.0
1993,team_lotus,65,Herbert,0.0
1993,ligier,84,Brundle,0.0
1993,mclaren,102,Senna,0.0
1993,footwork,88,Suzuki,0.0
1993,footwork,118,Warwick,0.0
1993,sauber,109,Järvilehto,0.0
1993,jordan,22,Barrichello,0.0
1993,jordan,124,Apicella,0.0
1993,benetton,30,Schumacher,10.0
1993,williams,117,Prost,6.0
1993,williams,71,Hill,4.0
1993,ferrari,55,Alesi,3.0
1993,sauber,91,Wendlinger,2.0
1993,ligier,84,Brundle,1.0
1993,sauber,109,Järvilehto,0.0
1993,minardi,94,Martini,0.0
1993,minardi,104,Fittipaldi,0.0
1993,larrousse,112,Alliot,0.0
1993,larrousse,100,Comas,0.0
1993,tyrrell,110,de Cesaris,0.0
1993,jordan,22,Barrichello,0.0
1993,lola,69,Badoer,0.0
1993,footwork,118,Warwick,0.0
1993,benetton,119,Patrese,0.0
1993,team_lotus,83,Lamy,0.0
1993,team_lotus,65,Herbert,0.0
1993,ligier,87,Blundell,0.0
1993,lola,105,Alboreto,0.0
1993,ferrari,77,Berger,0.0
1993,mclaren,57,Häkkinen,0.0
1993,footwork,88,Suzuki,0.0
1993,mclaren,102,Senna,0.0
1993,tyrrell,79,Katayama,0.0
1993,jordan,125,Naspetti,0.0
1993,mclaren,102,Senna,10.0
1993,williams,117,Prost,6.0
1993,mclaren,57,Häkkinen,4.0
1993,williams,71,Hill,3.0
1993,jordan,22,Barrichello,2.0
1993,jordan,56,Irvine,1.0
1993,ligier,87,Blundell,0.0
1993,sauber,109,Järvilehto,0.0
1993,ligier,84,Brundle,0.0
1993,minardi,94,Martini,0.0
1993,team_lotus,65,Herbert,0.0
1993,larrousse,126,Suzuki,0.0
1993,team_lotus,83,Lamy,0.0
1993,footwork,118,Warwick,0.0
1993,benetton,119,Patrese,0.0
1993,ferrari,77,Berger,0.0
1993,footwork,88,Suzuki,0.0
1993,minardi,111,Gounon,0.0
1993,tyrrell,79,Katayama,0.0
1993,sauber,91,Wendlinger,0.0
1993,larrousse,100,Comas,0.0
1993,benetton,30,Schumacher,0.0
1993,ferrari,55,Alesi,0.0
1993,tyrrell,110,de Cesaris,0.0
1993,mclaren,102,Senna,10.0
1993,williams,117,Prost,6.0
1993,williams,71,Hill,4.0
1993,ferrari,55,Alesi,3.0
1993,ferrari,77,Berger,2.0
1993,ligier,84,Brundle,1.0
1993,footwork,88,Suzuki,0.0
1993,benetton,119,Patrese,0.0
1993,ligier,87,Blundell,0.0
1993,footwork,118,Warwick,0.0
1993,jordan,22,Barrichello,0.0
1993,larrousse,100,Comas,0.0
1993,tyrrell,110,de Cesaris,0.0
1993,larrousse,126,Suzuki,0.0
1993,sauber,91,Wendlinger,0.0
1993,sauber,109,Järvilehto,0.0
1993,minardi,111,Gounon,0.0
1993,mclaren,57,Häkkinen,0.0
1993,benetton,30,Schumacher,0.0
1993,tyrrell,79,Katayama,0.0
1993,jordan,56,Irvine,0.0
1993,team_lotus,65,Herbert,0.0
1993,minardi,94,Martini,0.0
1993,team_lotus,83,Lamy,0.0
1992,williams,95,Mansell,10.0
1992,williams,119,Patrese,6.0
1992,mclaren,102,Senna,4.0
1992,benetton,30,Schumacher,3.0
1992,mclaren,77,Berger,2.0
1992,team_lotus,65,Herbert,1.0
1992,ligier,100,Comas,0.0
1992,footwork,88,Suzuki,0.0
1992,team_lotus,57,Häkkinen,0.0
1992,footwork,105,Alboreto,0.0
1992,jordan,127,Gugelmin,0.0
1992,larrousse,79,Katayama,0.0
1992,brabham,128,van de Poele,0.0
1992,tyrrell,129,Grouillard,0.0
1992,ligier,123,Boutsen,0.0
1992,dallara,94,Martini,0.0
1992,minardi,81,Morbidelli,0.0
1992,dallara,109,Järvilehto,0.0
1992,minardi,104,Fittipaldi,0.0
1992,tyrrell,110,de Cesaris,0.0
1992,ferrari,55,Alesi,0.0
1992,ferrari,122,Capelli,0.0
1992,fondmetal,99,Tarquini,0.0
1992,march,91,Wendlinger,0.0
1992,larrousse,92,Gachot,0.0
1992,benetton,84,Brundle,0.0
1992,march,108,Belmondo,0.0
1992,fondmetal,130,Chiesa,0.0
1992,jordan,131,Modena,0.0
1992,brabham,132,Amati,0.0
1992,williams,95,Mansell,10.0
1992,williams,119,Patrese,6.0
1992,benetton,30,Schumacher,4.0
1992,mclaren,77,Berger,3.0
1992,tyrrell,110,de Cesaris,2.0
1992,team_lotus,57,Häkkinen,1.0
1992,team_lotus,65,Herbert,0.0
1992,dallara,109,Järvilehto,0.0
1992,ligier,100,Comas,0.0
1992,ligier,123,Boutsen,0.0
1992,larrousse,92,Gachot,0.0
1992,larrousse,79,Katayama,0.0
1992,footwork,105,Alboreto,0.0
1992,benetton,84,Brundle,0.0
1992,fondmetal,99,Tarquini,0.0
1992,fondmetal,130,Chiesa,0.0
1992,dallara,94,Martini,0.0
1992,ferrari,55,Alesi,0.0
1992,minardi,81,Morbidelli,0.0
1992,jordan,131,Modena,0.0
1992,tyrrell,129,Grouillard,0.0
1992,mclaren,102,Senna,0.0
1992,minardi,104,Fittipaldi,0.0
1992,jordan,127,Gugelmin,0.0
1992,march,91,Wendlinger,0.0
1992,ferrari,122,Capelli,0.0
1992,footwork,88,Suzuki,0.0
1992,march,108,Belmondo,0.0
1992,brabham,128,van de Poele,0.0
1992,brabham,132,Amati,0.0
1992,williams,95,Mansell,10.0
1992,williams,119,Patrese,6.0
1992,benetton,30,Schumacher,4.0
1992,ferrari,55,Alesi,3.0
1992,ferrari,122,Capelli,2.0
1992,footwork,105,Alboreto,1.0
1992,minardi,81,Morbidelli,0.0
1992,dallara,109,Järvilehto,0.0
1992,larrousse,79,Katayama,0.0
1992,team_lotus,57,Häkkinen,0.0
1992,fondmetal,99,Tarquini,0.0
1992,march,91,Wendlinger,0.0
1992,minardi,104,Fittipaldi,0.0
1992,tyrrell,129,Grouillard,0.0
1992,ligier,100,Comas,0.0
1992,team_lotus,65,Herbert,0.0
1992,ligier,123,Boutsen,0.0
1992,jordan,127,Gugelmin,0.0
1992,benetton,84,Brundle,0.0
1992,dallara,94,Martini,0.0
1992,larrousse,92,Gachot,0.0
1992,tyrrell,110,de Cesaris,0.0
1992,mclaren,102,Senna,0.0
1992,mclaren,77,Berger,0.0
1992,footwork,88,Suzuki,0.0
1992,jordan,131,Modena,0.0
1992,fondmetal,130,Chiesa,0.0
1992,march,108,Belmondo,0.0
1992,brabham,128,van de Poele,0.0
1992,brabham,132,Amati,0.0
1992,williams,95,Mansell,10.0
1992,benetton,30,Schumacher,6.0
1992,ferrari,55,Alesi,4.0
1992,mclaren,77,Berger,3.0
1992,footwork,105,Alboreto,2.0
1992,dallara,94,Martini,1.0
1992,footwork,88,Suzuki,0.0
1992,march,91,Wendlinger,0.0
1992,mclaren,102,Senna,0.0
1992,ferrari,122,Capelli,0.0
1992,minardi,104,Fittipaldi,0.0
1992,march,108,Belmondo,0.0
1992,dallara,109,Järvilehto,0.0
1992,fondmetal,99,Tarquini,0.0
1992,team_lotus,57,Häkkinen,0.0
1992,ligier,100,Comas,0.0
1992,larrousse,92,Gachot,0.0
1992,tyrrell,129,Grouillard,0.0
1992,minardi,81,Morbidelli,0.0
1992,jordan,127,Gugelmin,0.0
1992,fondmetal,130,Chiesa,0.0
1992,williams,119,Patrese,0.0
1992,team_lotus,65,Herbert,0.0
1992,ligier,123,Boutsen,0.0
1992,benetton,84,Brundle,0.0
1992,tyrrell,110,de Cesaris,0.0
1992,larrousse,79,Katayama,0.0
1992,brabham,128,van de Poele,0.0
1992,jordan,131,Modena,0.0
1992,brabham,71,Hill,0.0
1992,moda,90,Moreno,0.0
1992,moda,135,McCarthy,0.0
1992,williams,95,Mansell,10.0
1992,williams,119,Patrese,6.0
1992,mclaren,102,Senna,4.0
1992,benetton,84,Brundle,3.0
1992,footwork,105,Alboreto,2.0
1992,dallara,94,Martini,1.0
1992,jordan,127,Gugelmin,0.0
1992,tyrrell,129,Grouillard,0.0
1992,ligier,100,Comas,0.0
1992,footwork,88,Suzuki,0.0
1992,dallara,109,Järvilehto,0.0
1992,march,91,Wendlinger,0.0
1992,march,108,Belmondo,0.0
1992,tyrrell,110,de Cesaris,0.0
1992,larrousse,79,Katayama,0.0
1992,ferrari,55,Alesi,0.0
1992,mclaren,77,Berger,0.0
1992,larrousse,92,Gachot,0.0
1992,ligier,123,Boutsen,0.0
1992,jordan,131,Modena,0.0
1992,minardi,81,Morbidelli,0.0
1992,fondmetal,99,Tarquini,0.0
1992,benetton,30,Schumacher,0.0
1992,ferrari,122,Capelli,0.0
1992,minardi,104,Fittipaldi,0.0
1992,team_lotus,65,Herbert,0.0
1992,team_lotus,57,Häkkinen,0.0
1992,fondmetal,130,Chiesa,0.0
1992,brabham,71,Hill,0.0
1992,brabham,128,van de Poele,0.0
1992,moda,90,Moreno,0.0
1992,moda,135,McCarthy,0.0
1992,mclaren,102,Senna,10.0
1992,williams,95,Mansell,6.0
1992,williams,119,Patrese,4.0
1992,benetton,30,Schumacher,3.0
1992,benetton,84,Brundle,2.0
1992,larrousse,92,Gachot,1.0
1992,footwork,105,Alboreto,0.0
1992,minardi,104,Fittipaldi,0.0
1992,dallara,109,Järvilehto,0.0
1992,ligier,100,Comas,0.0
1992,footwork,88,Suzuki,0.0
1992,ligier,123,Boutsen,0.0
1992,ferrari,122,Capelli,0.0
1992,mclaren,77,Berger,0.0
1992,team_lotus,57,Häkkinen,0.0
1992,ferrari,55,Alesi,0.0
1992,jordan,127,Gugelmin,0.0
1992,team_lotus,65,Herbert,0.0
1992,moda,90,Moreno,0.0
1992,tyrrell,110,de Cesaris,0.0
1992,fondmetal,99,Tarquini,0.0
1992,jordan,131,Modena,0.0
1992,tyrrell,129,Grouillard,0.0
1992,march,91,Wendlinger,0.0
1992,minardi,81,Morbidelli,0.0
1992,dallara,94,Martini,0.0
1992,brabham,128,van de Poele,0.0
1992,brabham,71,Hill,0.0
1992,fondmetal,130,Chiesa,0.0
1992,march,108,Belmondo,0.0
1992,larrousse,79,Katayama,0.0
1992,moda,135,McCarthy,0.0
1992,mclaren,77,Berger,10.0
1992,benetton,30,Schumacher,6.0
1992,ferrari,55,Alesi,4.0
1992,march,91,Wendlinger,3.0
1992,tyrrell,110,de Cesaris,2.0
1992,ligier,100,Comas,1.0
1992,footwork,105,Alboreto,0.0
1992,dallara,94,Martini,0.0
1992,dallara,109,Järvilehto,0.0
1992,ligier,123,Boutsen,0.0
1992,minardi,81,Morbidelli,0.0
1992,tyrrell,129,Grouillard,0.0
1992,minardi,104,Fittipaldi,0.0
1992,march,108,Belmondo,0.0
1992,larrousse,79,Katayama,0.0
1992,benetton,84,Brundle,0.0
1992,williams,119,Patrese,0.0
1992,mclaren,102,Senna,0.0
1992,jordan,131,Modena,0.0
1992,team_lotus,57,Häkkinen,0.0
1992,team_lotus,65,Herbert,0.0
1992,ferrari,122,Capelli,0.0
1992,williams,95,Mansell,0.0
1992,jordan,127,Gugelmin,0.0
1992,larrousse,92,Gachot,0.0
1992,fondmetal,99,Tarquini,0.0
1992,footwork,88,Suzuki,0.0
1992,brabham,128,van de Poele,0.0
1992,fondmetal,130,Chiesa,0.0
1992,brabham,71,Hill,0.0
1992,moda,90,Moreno,0.0
1992,williams,95,Mansell,10.0
1992,williams,119,Patrese,6.0
1992,benetton,84,Brundle,4.0
1992,team_lotus,57,Häkkinen,3.0
1992,ligier,100,Comas,2.0
1992,team_lotus,65,Herbert,1.0
1992,footwork,105,Alboreto,0.0
1992,minardi,81,Morbidelli,0.0
1992,dallara,109,Järvilehto,0.0
1992,dallara,94,Martini,0.0
1992,tyrrell,129,Grouillard,0.0
1992,ferrari,55,Alesi,0.0
1992,tyrrell,110,de Cesaris,0.0
1992,larrousse,79,Katayama,0.0
1992,ligier,123,Boutsen,0.0
1992,ferrari,122,Capelli,0.0
1992,march,91,Wendlinger,0.0
1992,jordan,131,Modena,0.0
1992,footwork,88,Suzuki,0.0
1992,benetton,30,Schumacher,0.0
1992,mclaren,77,Berger,0.0
1992,fondmetal,99,Tarquini,0.0
1992,mclaren,102,Senna,0.0
1992,larrousse,92,Gachot,0.0
1992,jordan,127,Gugelmin,0.0
1992,fondmetal,130,Chiesa,0.0
1992,march,108,Belmondo,0.0
1992,minardi,104,Fittipaldi,0.0
1992,brabham,128,van de Poele,0.0
1992,brabham,71,Hill,0.0
1992,williams,95,Mansell,10.0
1992,williams,119,Patrese,6.0
1992,benetton,84,Brundle,4.0
1992,benetton,30,Schumacher,3.0
1992,mclaren,77,Berger,2.0
1992,team_lotus,57,Häkkinen,1.0
1992,footwork,105,Alboreto,0.0
1992,ligier,100,Comas,0.0
1992,ferrari,122,Capelli,0.0
1992,ligier,123,Boutsen,0.0
1992,tyrrell,129,Grouillard,0.0
1992,footwork,88,Suzuki,0.0
1992,dallara,109,Järvilehto,0.0
1992,fondmetal,99,Tarquini,0.0
1992,dallara,94,Martini,0.0
1992,brabham,71,Hill,0.0
1992,minardi,81,Morbidelli,0.0
1992,mclaren,102,Senna,0.0
1992,tyrrell,110,de Cesaris,0.0
1992,ferrari,55,Alesi,0.0
1992,jordan,131,Modena,0.0
1992,jordan,127,Gugelmin,0.0
1992,larrousse,92,Gachot,0.0
1992,team_lotus,65,Herbert,0.0
1992,march,91,Wendlinger,0.0
1992,larrousse,79,Katayama,0.0
1992,minardi,70,Zanardi,0.0
1992,march,108,Belmondo,0.0
1992,fondmetal,130,Chiesa,0.0
1992,brabham,128,van de Poele,0.0
1992,moda,90,Moreno,0.0
1992,moda,135,McCarthy,0.0
1992,williams,95,Mansell,10.0
1992,mclaren,102,Senna,6.0
1992,benetton,30,Schumacher,4.0
1992,benetton,84,Brundle,3.0
1992,ferrari,55,Alesi,2.0
1992,ligier,100,Comas,1.0
1992,ligier,123,Boutsen,0.0
1992,williams,119,Patrese,0.0
1992,footwork,105,Alboreto,0.0
1992,dallara,109,Järvilehto,0.0
1992,dallara,94,Martini,0.0
1992,minardi,81,Morbidelli,0.0
1992,march,108,Belmondo,0.0
1992,larrousse,92,Gachot,0.0
1992,jordan,127,Gugelmin,0.0
1992,march,91,Wendlinger,0.0
1992,fondmetal,99,Tarquini,0.0
1992,tyrrell,110,de Cesaris,0.0
1992,team_lotus,65,Herbert,0.0
1992,ferrari,122,Capelli,0.0
1992,team_lotus,57,Häkkinen,0.0
1992,mclaren,77,Berger,0.0
1992,tyrrell,129,Grouillard,0.0
1992,larrousse,79,Katayama,0.0
1992,footwork,88,Suzuki,0.0
1992,minardi,70,Zanardi,0.0
1992,jordan,131,Modena,0.0
1992,brabham,128,van de Poele,0.0
1992,fondmetal,130,Chiesa,0.0
1992,brabham,71,Hill,0.0
1992,moda,90,Moreno,0.0
1992,moda,135,McCarthy,0.0
1992,mclaren,102,Senna,10.0
1992,williams,95,Mansell,6.0
1992,mclaren,77,Berger,4.0
1992,team_lotus,57,Häkkinen,3.0
1992,benetton,84,Brundle,2.0
1992,ferrari,122,Capelli,1.0
1992,footwork,105,Alboreto,0.0
1992,tyrrell,110,de Cesaris,0.0
1992,march,108,Belmondo,0.0
1992,jordan,127,Gugelmin,0.0
1992,brabham,71,Hill,0.0
1992,benetton,30,Schumacher,0.0
1992,williams,119,Patrese,0.0
1992,dallara,94,Martini,0.0
1992,larrousse,79,Katayama,0.0
1992,ferrari,55,Alesi,0.0
1992,larrousse,92,Gachot,0.0
1992,footwork,88,Suzuki,0.0
1992,tyrrell,129,Grouillard,0.0
1992,march,91,Wendlinger,0.0
1992,jordan,131,Modena,0.0
1992,fondmetal,128,van de Poele,0.0
1992,ligier,123,Boutsen,0.0
1992,ligier,100,Comas,0.0
1992,fondmetal,99,Tarquini,0.0
1992,team_lotus,65,Herbert,0.0
1992,minardi,81,Morbidelli,0.0
1992,dallara,109,Järvilehto,0.0
1992,minardi,70,Zanardi,0.0
1992,moda,90,Moreno,0.0
1992,moda,135,McCarthy,0.0
1992,benetton,30,Schumacher,10.0
1992,williams,95,Mansell,6.0
1992,williams,119,Patrese,4.0
1992,benetton,84,Brundle,3.0
1992,mclaren,102,Senna,2.0
1992,team_lotus,57,Häkkinen,1.0
1992,dallara,109,Järvilehto,0.0
1992,tyrrell,110,de Cesaris,0.0
1992,footwork,88,Suzuki,0.0
1992,fondmetal,128,van de Poele,0.0
1992,march,91,Wendlinger,0.0
1992,march,125,Naspetti,0.0
1992,team_lotus,65,Herbert,0.0
1992,jordan,127,Gugelmin,0.0
1992,jordan,131,Modena,0.0
1992,minardi,81,Morbidelli,0.0
1992,larrousse,79,Katayama,0.0
1992,larrousse,92,Gachot,0.0
1992,ligier,123,Boutsen,0.0
1992,ferrari,122,Capelli,0.0
1992,fondmetal,99,Tarquini,0.0
1992,footwork,105,Alboreto,0.0
1992,ferrari,55,Alesi,0.0
1992,tyrrell,129,Grouillard,0.0
1992,mclaren,77,Berger,0.0
1992,dallara,94,Martini,0.0
1992,minardi,104,Fittipaldi,0.0
1992,moda,90,Moreno,0.0
1992,moda,135,McCarthy,0.0
1992,ligier,100,Comas,0.0
1992,mclaren,102,Senna,10.0
1992,benetton,84,Brundle,6.0
1992,benetton,30,Schumacher,4.0
1992,mclaren,77,Berger,3.0
1992,williams,119,Patrese,2.0
1992,tyrrell,110,de Cesaris,1.0
1992,footwork,105,Alboreto,0.0
1992,dallara,94,Martini,0.0
1992,larrousse,79,Katayama,0.0
1992,march,91,Wendlinger,0.0
1992,dallara,109,Järvilehto,0.0
1992,jordan,127,Gugelmin,0.0
1992,williams,95,Mansell,0.0
1992,ligier,123,Boutsen,0.0
1992,ligier,100,Comas,0.0
1992,fondmetal,99,Tarquini,0.0
1992,tyrrell,129,Grouillard,0.0
1992,team_lotus,65,Herbert,0.0
1992,march,125,Naspetti,0.0
1992,ferrari,55,Alesi,0.0
1992,ferrari,122,Capelli,0.0
1992,minardi,81,Morbidelli,0.0
1992,larrousse,92,Gachot,0.0
1992,team_lotus,57,Häkkinen,0.0
1992,footwork,88,Suzuki,0.0
1992,fondmetal,128,van de Poele,0.0
1992,minardi,104,Fittipaldi,0.0
1992,jordan,131,Modena,0.0
1992,williams,95,Mansell,10.0
1992,mclaren,77,Berger,6.0
1992,mclaren,102,Senna,4.0
1992,benetton,84,Brundle,3.0
1992,team_lotus,57,Häkkinen,2.0
1992,footwork,105,Alboreto,1.0
1992,benetton,30,Schumacher,0.0
1992,ligier,123,Boutsen,0.0
1992,tyrrell,110,de Cesaris,0.0
1992,footwork,88,Suzuki,0.0
1992,march,125,Naspetti,0.0
1992,minardi,104,Fittipaldi,0.0
1992,jordan,131,Modena,0.0
1992,minardi,81,Morbidelli,0.0
1992,dallara,109,Järvilehto,0.0
1992,march,91,Wendlinger,0.0
1992,ligier,100,Comas,0.0
1992,larrousse,79,Katayama,0.0
1992,williams,119,Patrese,0.0
1992,dallara,94,Martini,0.0
1992,ferrari,122,Capelli,0.0
1992,tyrrell,129,Grouillard,0.0
1992,larrousse,92,Gachot,0.0
1992,jordan,127,Gugelmin,0.0
1992,ferrari,55,Alesi,0.0
1992,team_lotus,65,Herbert,0.0
1992,williams,119,Patrese,10.0
1992,mclaren,77,Berger,6.0
1992,benetton,84,Brundle,4.0
1992,tyrrell,110,de Cesaris,3.0
1992,ferrari,55,Alesi,2.0
1992,minardi,104,Fittipaldi,1.0
1992,jordan,131,Modena,0.0
1992,footwork,88,Suzuki,0.0
1992,dallara,109,Järvilehto,0.0
1992,dallara,94,Martini,0.0
1992,larrousse,79,Katayama,0.0
1992,ferrari,78,Larini,0.0
1992,march,125,Naspetti,0.0
1992,minardi,81,Morbidelli,0.0
1992,footwork,105,Alboreto,0.0
1992,williams,95,Mansell,0.0
1992,team_lotus,57,Häkkinen,0.0
1992,larrousse,92,Gachot,0.0
1992,ligier,100,Comas,0.0
1992,march,136,Lammers,0.0
1992,jordan,127,Gugelmin,0.0
1992,team_lotus,65,Herbert,0.0
1992,benetton,30,Schumacher,0.0
1992,tyrrell,129,Grouillard,0.0
1992,ligier,123,Boutsen,0.0
1992,mclaren,102,Senna,0.0
1992,mclaren,77,Berger,10.0
1992,benetton,30,Schumacher,6.0
1992,benetton,84,Brundle,4.0
1992,ferrari,55,Alesi,3.0
1992,ligier,123,Boutsen,2.0
1992,jordan,131,Modena,1.0
1992,team_lotus,57,Häkkinen,0.0
1992,footwork,88,Suzuki,0.0
1992,minardi,104,Fittipaldi,0.0
1992,minardi,81,Morbidelli,0.0
1992,ferrari,78,Larini,0.0
1992,march,136,Lammers,0.0
1992,team_lotus,65,Herbert,0.0
1992,dallara,109,Järvilehto,0.0
1992,march,125,Naspetti,0.0
1992,larrousse,92,Gachot,0.0
1992,williams,119,Patrese,0.0
1992,larrousse,79,Katayama,0.0
1992,tyrrell,110,de Cesaris,0.0
1992,williams,95,Mansell,0.0
1992,mclaren,102,Senna,0.0
1992,jordan,127,Gugelmin,0.0
1992,ligier,100,Comas,0.0
1992,footwork,105,Alboreto,0.0
1992,dallara,94,Martini,0.0
1992,tyrrell,129,Grouillard,0.0
1991,mclaren,102,Senna,10.0
1991,ferrari,117,Prost,6.0
1991,benetton,137,Piquet,4.0
1991,tyrrell,131,Modena,3.0
1991,tyrrell,138,Nakajima,2.0
1991,larrousse,88,Suzuki,1.0
1991,lambo,78,Larini,0.0
1991,ags,99,Tarquini,0.0
1991,minardi,94,Martini,0.0
1991,jordan,92,Gachot,0.0
1991,brabham,84,Brundle,0.0
1991,ferrari,55,Alesi,0.0
1991,team_lotus,57,Häkkinen,0.0
1991,williams,119,Patrese,0.0
1991,benetton,90,Moreno,0.0
1991,footwork,105,Alboreto,0.0
1991,leyton,122,Capelli,0.0
1991,ligier,123,Boutsen,0.0
1991,mclaren,77,Berger,0.0
1991,williams,95,Mansell,0.0
1991,leyton,127,Gugelmin,0.0
1991,brabham,87,Blundell,0.0
1991,dallara,139,Pirro,0.0
1991,minardi,81,Morbidelli,0.0
1991,dallara,109,Järvilehto,0.0
1991,larrousse,103,Bernard,0.0
1991,footwork,133,Caffi,0.0
1991,ags,140,Johansson,0.0
1991,ligier,100,Comas,0.0
1991,team_lotus,141,Bailey,0.0
1991,jordan,110,de Cesaris,0.0
1991,coloni,142,Chaves,0.0
1991,fondmetal,129,Grouillard,0.0
1991,lambo,128,van de Poele,0.0
1991,mclaren,102,Senna,10.0
1991,williams,119,Patrese,6.0
1991,mclaren,77,Berger,4.0
1991,ferrari,117,Prost,3.0
1991,benetton,137,Piquet,2.0
1991,ferrari,55,Alesi,1.0
1991,benetton,90,Moreno,0.0
1991,minardi,81,Morbidelli,0.0
1991,team_lotus,57,Häkkinen,0.0
1991,ligier,123,Boutsen,0.0
1991,dallara,139,Pirro,0.0
1991,brabham,84,Brundle,0.0
1991,jordan,92,Gachot,0.0
1991,williams,95,Mansell,0.0
1991,ligier,100,Comas,0.0
1991,minardi,94,Martini,0.0
1991,brabham,87,Blundell,0.0
1991,larrousse,103,Bernard,0.0
1991,dallara,109,Järvilehto,0.0
1991,jordan,110,de Cesaris,0.0
1991,tyrrell,131,Modena,0.0
1991,leyton,122,Capelli,0.0
1991,tyrrell,138,Nakajima,0.0
1991,leyton,127,Gugelmin,0.0
1991,ags,99,Tarquini,0.0
1991,larrousse,88,Suzuki,0.0
1991,footwork,133,Caffi,0.0
1991,ags,140,Johansson,0.0
1991,footwork,105,Alboreto,0.0
1991,team_lotus,141,Bailey,0.0
1991,fondmetal,129,Grouillard,0.0
1991,lambo,128,van de Poele,0.0
1991,lambo,78,Larini,0.0
1991,coloni,142,Chaves,0.0
1991,mclaren,102,Senna,10.0
1991,mclaren,77,Berger,6.0
1991,dallara,109,Järvilehto,4.0
1991,minardi,94,Martini,3.0
1991,team_lotus,57,Häkkinen,2.0
1991,team_lotus,141,Bailey,1.0
1991,ligier,123,Boutsen,0.0
1991,brabham,87,Blundell,0.0
1991,lambo,128,van de Poele,0.0
1991,ligier,100,Comas,0.0
1991,brabham,84,Brundle,0.0
1991,leyton,127,Gugelmin,0.0
1991,benetton,90,Moreno,0.0
1991,tyrrell,131,Modena,0.0
1991,jordan,110,de Cesaris,0.0
1991,jordan,92,Gachot,0.0
1991,leyton,122,Capelli,0.0
1991,lola,103,Bernard,0.0
1991,williams,119,Patrese,0.0
1991,tyrrell,138,Nakajima,0.0
1991,minardi,81,Morbidelli,0.0
1991,ferrari,55,Alesi,0.0
1991,lola,88,Suzuki,0.0
1991,benetton,137,Piquet,0.0
1991,williams,95,Mansell,0.0
1991,ferrari,117,Prost,0.0
1991,ags,99,Tarquini,0.0
1991,ags,120,Barbazza,0.0
1991,footwork,133,Caffi,0.0
1991,footwork,105,Alboreto,0.0
1991,dallara,139,Pirro,0.0
1991,fondmetal,129,Grouillard,0.0
1991,lambo,78,Larini,0.0
1991,coloni,142,Chaves,0.0
1991,mclaren,102,Senna,10.0
1991,williams,95,Mansell,6.0
1991,ferrari,55,Alesi,4.0
1991,benetton,90,Moreno,3.0
1991,ferrari,117,Prost,2.0
1991,dallara,139,Pirro,1.0
1991,ligier,123,Boutsen,0.0
1991,jordan,92,Gachot,0.0
1991,lola,103,Bernard,0.0
1991,ligier,100,Comas,0.0
1991,dallara,109,Järvilehto,0.0
1991,minardi,94,Martini,0.0
1991,team_lotus,57,Häkkinen,0.0
1991,minardi,81,Morbidelli,0.0
1991,leyton,127,Gugelmin,0.0
1991,tyrrell,131,Modena,0.0
1991,williams,119,Patrese,0.0
1991,brabham,87,Blundell,0.0
1991,footwork,105,Alboreto,0.0
1991,tyrrell,138,Nakajima,0.0
1991,lola,88,Suzuki,0.0
1991,jordan,110,de Cesaris,0.0
1991,leyton,122,Capelli,0.0
1991,ags,99,Tarquini,0.0
1991,mclaren,77,Berger,0.0
1991,benetton,137,Piquet,0.0
1991,team_lotus,141,Bailey,0.0
1991,ags,120,Barbazza,0.0
1991,footwork,133,Caffi,0.0
1991,brabham,84,Brundle,0.0
1991,lambo,78,Larini,0.0
1991,lambo,128,van de Poele,0.0
1991,coloni,142,Chaves,0.0
1991,fondmetal,129,Grouillard,0.0
1991,benetton,137,Piquet,10.0
1991,tyrrell,131,Modena,6.0
1991,williams,119,Patrese,4.0
1991,jordan,110,de Cesaris,3.0
1991,jordan,92,Gachot,2.0
1991,williams,95,Mansell,1.0
1991,minardi,94,Martini,0.0
1991,ligier,100,Comas,0.0
1991,dallara,139,Pirro,0.0
1991,tyrrell,138,Nakajima,0.0
1991,leyton,127,Gugelmin,0.0
1991,dallara,109,Järvilehto,0.0
1991,footwork,140,Johansson,0.0
1991,leyton,122,Capelli,0.0
1991,ferrari,55,Alesi,0.0
1991,lola,103,Bernard,0.0
1991,ferrari,117,Prost,0.0
1991,ligier,123,Boutsen,0.0
1991,mclaren,102,Senna,0.0
1991,team_lotus,57,Häkkinen,0.0
1991,brabham,84,Brundle,0.0
1991,minardi,81,Morbidelli,0.0
1991,benetton,90,Moreno,0.0
1991,mclaren,77,Berger,0.0
1991,lola,88,Suzuki,0.0
1991,footwork,105,Alboreto,0.0
1991,ags,120,Barbazza,0.0
1991,ags,99,Tarquini,0.0
1991,brabham,87,Blundell,0.0
1991,team_lotus,65,Herbert,0.0
1991,fondmetal,129,Grouillard,0.0
1991,lambo,78,Larini,0.0
1991,lambo,128,van de Poele,0.0
1991,coloni,142,Chaves,0.0
1991,williams,119,Patrese,10.0
1991,williams,95,Mansell,6.0
1991,mclaren,102,Senna,4.0
1991,jordan,110,de Cesaris,3.0
1991,benetton,90,Moreno,2.0
1991,lola,103,Bernard,1.0
1991,minardi,81,Morbidelli,0.0
1991,ligier,123,Boutsen,0.0
1991,team_lotus,57,Häkkinen,0.0
1991,team_lotus,65,Herbert,0.0
1991,tyrrell,131,Modena,0.0
1991,tyrrell,138,Nakajima,0.0
1991,brabham,87,Blundell,0.0
1991,jordan,92,Gachot,0.0
1991,lola,88,Suzuki,0.0
1991,benetton,137,Piquet,0.0
1991,ferrari,55,Alesi,0.0
1991,dallara,109,Järvilehto,0.0
1991,footwork,105,Alboreto,0.0
1991,brabham,84,Brundle,0.0
1991,leyton,122,Capelli,0.0
1991,ferrari,117,Prost,0.0
1991,leyton,127,Gugelmin,0.0
1991,fondmetal,129,Grouillard,0.0
1991,mclaren,77,Berger,0.0
1991,minardi,94,Martini,0.0
1991,ligier,100,Comas,0.0
1991,ags,99,Tarquini,0.0
1991,footwork,140,Johansson,0.0
1991,ags,120,Barbazza,0.0
1991,lambo,78,Larini,0.0
1991,lambo,128,van de Poele,0.0
1991,coloni,142,Chaves,0.0
1991,dallara,139,Pirro,0.0
1991,williams,95,Mansell,10.0
1991,ferrari,117,Prost,6.0
1991,mclaren,102,Senna,4.0
1991,ferrari,55,Alesi,3.0
1991,williams,119,Patrese,2.0
1991,jordan,110,de Cesaris,1.0
1991,leyton,127,Gugelmin,0.0
1991,benetton,137,Piquet,0.0
1991,minardi,94,Martini,0.0
1991,team_lotus,65,Herbert,0.0
1991,ligier,100,Comas,0.0
1991,ligier,123,Boutsen,0.0
1991,benetton,90,Moreno,0.0
1991,tyrrell,131,Modena,0.0
1991,fondmetal,129,Grouillard,0.0
1991,lola,103,Bernard,0.0
1991,dallara,109,Järvilehto,0.0
1991,brabham,87,Blundell,0.0
1991,lola,88,Suzuki,0.0
1991,footwork,105,Alboreto,0.0
1991,brabham,84,Brundle,0.0
1991,tyrrell,138,Nakajima,0.0
1991,minardi,81,Morbidelli,0.0
1991,leyton,122,Capelli,0.0
1991,mclaren,77,Berger,0.0
1991,jordan,92,Gachot,0.0
1991,team_lotus,57,Häkkinen,0.0
1991,ags,120,Barbazza,0.0
1991,ags,99,Tarquini,0.0
1991,footwork,140,Johansson,0.0
1991,dallara,139,Pirro,0.0
1991,lambo,78,Larini,0.0
1991,lambo,128,van de Poele,0.0
1991,coloni,142,Chaves,0.0
1991,williams,95,Mansell,10.0
1991,mclaren,77,Berger,6.0
1991,ferrari,117,Prost,4.0
1991,mclaren,102,Senna,3.0
1991,benetton,137,Piquet,2.0
1991,jordan,92,Gachot,1.0
1991,tyrrell,131,Modena,0.0
1991,tyrrell,138,Nakajima,0.0
1991,minardi,94,Martini,0.0
1991,dallara,139,Pirro,0.0
1991,minardi,81,Morbidelli,0.0
1991,team_lotus,57,Häkkinen,0.0
1991,dallara,109,Järvilehto,0.0
1991,team_lotus,65,Herbert,0.0
1991,brabham,87,Blundell,0.0
1991,jordan,110,de Cesaris,0.0
1991,ferrari,55,Alesi,0.0
1991,lola,88,Suzuki,0.0
1991,ligier,123,Boutsen,0.0
1991,brabham,84,Brundle,0.0
1991,footwork,105,Alboreto,0.0
1991,leyton,127,Gugelmin,0.0
1991,benetton,90,Moreno,0.0
1991,lola,103,Bernard,0.0
1991,leyton,122,Capelli,0.0
1991,williams,119,Patrese,0.0
1991,ligier,100,Comas,0.0
1991,footwork,140,Johansson,0.0
1991,ags,120,Barbazza,0.0
1991,ags,99,Tarquini,0.0
1991,fondmetal,129,Grouillard,0.0
1991,lambo,78,Larini,0.0
1991,lambo,128,van de Poele,0.0
1991,coloni,142,Chaves,0.0
1991,williams,95,Mansell,10.0
1991,williams,119,Patrese,6.0
1991,ferrari,55,Alesi,4.0
1991,mclaren,77,Berger,3.0
1991,jordan,110,de Cesaris,2.0
1991,jordan,92,Gachot,1.0
1991,mclaren,102,Senna,0.0
1991,benetton,90,Moreno,0.0
1991,ligier,123,Boutsen,0.0
1991,dallara,139,Pirro,0.0
1991,brabham,84,Brundle,0.0
1991,brabham,87,Blundell,0.0
1991,tyrrell,131,Modena,0.0
1991,ferrari,117,Prost,0.0
1991,leyton,122,Capelli,0.0
1991,dallara,109,Järvilehto,0.0
1991,benetton,137,Piquet,0.0
1991,tyrrell,138,Nakajima,0.0
1991,ligier,100,Comas,0.0
1991,leyton,127,Gugelmin,0.0
1991,team_lotus,57,Häkkinen,0.0
1991,lola,88,Suzuki,0.0
1991,minardi,81,Morbidelli,0.0
1991,minardi,94,Martini,0.0
1991,lola,103,Bernard,0.0
1991,lambo,78,Larini,0.0
1991,footwork,105,Alboreto,0.0
1991,team_lotus,143,Bartels,0.0
1991,ags,99,Tarquini,0.0
1991,lambo,128,van de Poele,0.0
1991,fondmetal,129,Grouillard,0.0
1991,footwork,133,Caffi,0.0
1991,ags,120,Barbazza,0.0
1991,coloni,142,Chaves,0.0
1991,mclaren,102,Senna,10.0
1991,williams,95,Mansell,6.0
1991,williams,119,Patrese,4.0
1991,mclaren,77,Berger,3.0
1991,ferrari,55,Alesi,2.0
1991,leyton,122,Capelli,1.0
1991,jordan,110,de Cesaris,0.0
1991,benetton,90,Moreno,0.0
1991,jordan,92,Gachot,0.0
1991,ligier,100,Comas,0.0
1991,leyton,127,Gugelmin,0.0
1991,tyrrell,131,Modena,0.0
1991,minardi,81,Morbidelli,0.0
1991,team_lotus,57,Häkkinen,0.0
1991,tyrrell,138,Nakajima,0.0
1991,lambo,78,Larini,0.0
1991,ligier,123,Boutsen,0.0
1991,minardi,94,Martini,0.0
1991,brabham,87,Blundell,0.0
1991,brabham,84,Brundle,0.0
1991,dallara,109,Järvilehto,0.0
1991,benetton,137,Piquet,0.0
1991,lola,103,Bernard,0.0
1991,lola,88,Suzuki,0.0
1991,dallara,139,Pirro,0.0
1991,ferrari,117,Prost,0.0
1991,fondmetal,129,Grouillard,0.0
1991,footwork,105,Alboreto,0.0
1991,lambo,128,van de Poele,0.0
1991,team_lotus,143,Bartels,0.0
1991,ags,99,Tarquini,0.0
1991,footwork,133,Caffi,0.0
1991,ags,120,Barbazza,0.0
1991,coloni,142,Chaves,0.0
1991,mclaren,102,Senna,10.0
1991,mclaren,77,Berger,6.0
1991,benetton,137,Piquet,4.0
1991,benetton,90,Moreno,3.0
1991,williams,119,Patrese,2.0
1991,brabham,87,Blundell,1.0
1991,team_lotus,65,Herbert,0.0
1991,dallara,139,Pirro,0.0
1991,brabham,84,Brundle,0.0
1991,fondmetal,129,Grouillard,0.0
1991,ligier,123,Boutsen,0.0
1991,minardi,94,Martini,0.0
1991,jordan,110,de Cesaris,0.0
1991,tyrrell,131,Modena,0.0
1991,dallara,109,Järvilehto,0.0
1991,ferrari,55,Alesi,0.0
1991,minardi,81,Morbidelli,0.0
1991,team_lotus,57,Häkkinen,0.0
1991,ligier,100,Comas,0.0
1991,williams,95,Mansell,0.0
1991,lola,103,Bernard,0.0
1991,leyton,122,Capelli,0.0
1991,tyrrell,138,Nakajima,0.0
1991,ferrari,117,Prost,0.0
1991,leyton,127,Gugelmin,0.0
1991,jordan,30,Schumacher,0.0
1991,lola,88,Suzuki,0.0
1991,lambo,78,Larini,0.0
1991,footwork,133,Caffi,0.0
1991,lambo,128,van de Poele,0.0
1991,footwork,105,Alboreto,0.0
1991,ags,99,Tarquini,0.0
1991,coloni,142,Chaves,0.0
1991,ags,120,Barbazza,0.0
1991,williams,95,Mansell,10.0
1991,mclaren,102,Senna,6.0
1991,ferrari,117,Prost,4.0
1991,mclaren,77,Berger,3.0
1991,benetton,30,Schumacher,2.0
1991,benetton,137,Piquet,1.0
1991,jordan,110,de Cesaris,0.0
1991,leyton,122,Capelli,0.0
1991,minardi,81,Morbidelli,0.0
1991,dallara,139,Pirro,0.0
1991,ligier,100,Comas,0.0
1991,brabham,87,Blundell,0.0
1991,brabham,84,Brundle,0.0
1991,team_lotus,57,Häkkinen,0.0
1991,leyton,127,Gugelmin,0.0
1991,lambo,78,Larini,0.0
1991,fondmetal,129,Grouillard,0.0
1991,dallara,109,Järvilehto,0.0
1991,tyrrell,131,Modena,0.0
1991,ferrari,55,Alesi,0.0
1991,williams,119,Patrese,0.0
1991,tyrrell,138,Nakajima,0.0
1991,lola,103,Bernard,0.0
1991,minardi,94,Martini,0.0
1991,jordan,90,Moreno,0.0
1991,ligier,123,Boutsen,0.0
1991,footwork,105,Alboreto,0.0
1991,team_lotus,143,Bartels,0.0
1991,lambo,128,van de Poele,0.0
1991,lola,88,Suzuki,0.0
1991,ags,120,Barbazza,0.0
1991,ags,99,Tarquini,0.0
1991,footwork,133,Caffi,0.0
1991,coloni,142,Chaves,0.0
1991,williams,119,Patrese,10.0
1991,mclaren,102,Senna,6.0
1991,ferrari,55,Alesi,4.0
1991,minardi,94,Martini,3.0
1991,benetton,137,Piquet,2.0
1991,benetton,30,Schumacher,1.0
1991,leyton,127,Gugelmin,0.0
1991,jordan,110,de Cesaris,0.0
1991,minardi,81,Morbidelli,0.0
1991,jordan,90,Moreno,0.0
1991,ligier,100,Comas,0.0
1991,brabham,84,Brundle,0.0
1991,tyrrell,138,Nakajima,0.0
1991,team_lotus,57,Häkkinen,0.0
1991,footwork,105,Alboreto,0.0
1991,ligier,123,Boutsen,0.0
1991,leyton,122,Capelli,0.0
1991,tyrrell,131,Modena,0.0
1991,williams,95,Mansell,0.0
1991,lola,88,Suzuki,0.0
1991,ferrari,117,Prost,0.0
1991,mclaren,77,Berger,0.0
1991,dallara,139,Pirro,0.0
1991,dallara,109,Järvilehto,0.0
1991,brabham,87,Blundell,0.0
1991,team_lotus,65,Herbert,0.0
1991,lola,103,Bernard,0.0
1991,ags,99,Tarquini,0.0
1991,lambo,78,Larini,0.0
1991,lambo,128,van de Poele,0.0
1991,ags,120,Barbazza,0.0
1991,fondmetal,129,Grouillard,0.0
1991,footwork,133,Caffi,0.0
1991,coloni,142,Chaves,0.0
1991,williams,95,Mansell,10.0
1991,ferrari,117,Prost,6.0
1991,williams,119,Patrese,4.0
1991,ferrari,55,Alesi,3.0
1991,mclaren,102,Senna,2.0
1991,benetton,30,Schumacher,1.0
1991,leyton,127,Gugelmin,0.0
1991,dallara,109,Järvilehto,0.0
1991,jordan,70,Zanardi,0.0
1991,brabham,84,Brundle,0.0
1991,benetton,137,Piquet,0.0
1991,fondmetal,99,Tarquini,0.0
1991,minardi,94,Martini,0.0
1991,minardi,81,Morbidelli,0.0
1991,dallara,139,Pirro,0.0
1991,tyrrell,131,Modena,0.0
1991,tyrrell,138,Nakajima,0.0
1991,brabham,87,Blundell,0.0
1991,ligier,100,Comas,0.0
1991,mclaren,77,Berger,0.0
1991,footwork,105,Alboreto,0.0
1991,jordan,110,de Cesaris,0.0
1991,team_lotus,57,Häkkinen,0.0
1991,leyton,122,Capelli,0.0
1991,lola,103,Bernard,0.0
1991,ligier,123,Boutsen,0.0
1991,lola,88,Suzuki,0.0
1991,lambo,78,Larini,0.0
1991,team_lotus,143,Bartels,0.0
1991,lambo,128,van de Poele,0.0
1991,footwork,133,Caffi,0.0
1991,ags,120,Barbazza,0.0
1991,ags,129,Grouillard,0.0
1991,mclaren,77,Berger,10.0
1991,mclaren,102,Senna,6.0
1991,williams,119,Patrese,4.0
1991,ferrari,117,Prost,3.0
1991,brabham,84,Brundle,2.0
1991,tyrrell,131,Modena,1.0
1991,benetton,137,Piquet,0.0
1991,leyton,127,Gugelmin,0.0
1991,ligier,123,Boutsen,0.0
1991,footwork,133,Caffi,0.0
1991,fondmetal,99,Tarquini,0.0
1991,ligier,100,Comas,0.0
1991,minardi,94,Martini,0.0
1991,benetton,30,Schumacher,0.0
1991,team_lotus,65,Herbert,0.0
1991,tyrrell,138,Nakajima,0.0
1991,lola,88,Suzuki,0.0
1991,minardi,81,Morbidelli,0.0
1991,williams,95,Mansell,0.0
1991,jordan,70,Zanardi,0.0
1991,team_lotus,57,Häkkinen,0.0
1991,jordan,110,de Cesaris,0.0
1991,dallara,109,Järvilehto,0.0
1991,dallara,139,Pirro,0.0
1991,leyton,91,Wendlinger,0.0
1991,ferrari,55,Alesi,0.0
1991,footwork,105,Alboreto,0.0
1991,lambo,78,Larini,0.0
1991,lambo,128,van de Poele,0.0
1991,lola,103,Bernard,0.0
1991,brabham,87,Blundell,0.0
1991,coloni,144,Hattori,0.0
1991,mclaren,102,Senna,5.0
1991,williams,95,Mansell,3.0
1991,mclaren,77,Berger,2.0
1991,benetton,137,Piquet,1.5
1991,williams,119,Patrese,1.0
1991,ferrari,81,Morbidelli,0.5
1991,dallara,139,Pirro,0.0
1991,jordan,110,de Cesaris,0.0
1991,jordan,70,Zanardi,0.0
1991,tyrrell,131,Modena,0.0
1991,team_lotus,65,Herbert,0.0
1991,dallara,109,Järvilehto,0.0
1991,footwork,105,Alboreto,0.0
1991,leyton,127,Gugelmin,0.0
1991,footwork,133,Caffi,0.0
1991,minardi,90,Moreno,0.0
1991,brabham,87,Blundell,0.0
1991,ligier,100,Comas,0.0
1991,team_lotus,57,Häkkinen,0.0
1991,leyton,91,Wendlinger,0.0
1991,minardi,94,Martini,0.0
1991,benetton,30,Schumacher,0.0
1991,ferrari,55,Alesi,0.0
1991,lambo,78,Larini,0.0
1991,ligier,123,Boutsen,0.0
1991,tyrrell,138,Nakajima,0.0
1991,larrousse,88,Suzuki,0.0
1991,brabham,84,Brundle,0.0
1991,lambo,128,van de Poele,0.0
1991,larrousse,92,Gachot,0.0
1991,fondmetal,99,Tarquini,0.0
1991,coloni,144,Hattori,0.0
1990,mclaren,102,Senna,9.0
1990,tyrrell,55,Alesi,6.0
1990,williams,123,Boutsen,4.0
1990,benetton,137,Piquet,3.0
1990,brabham,131,Modena,2.0
1990,tyrrell,138,Nakajima,1.0
1990,minardi,94,Martini,0.0
1990,larrousse,103,Bernard,0.0
1990,williams,119,Patrese,0.0
1990,arrows,105,Alboreto,0.0
1990,benetton,145,Nannini,0.0
1990,arrows,146,Schneider,0.0
1990,eurobrun,90,Moreno,0.0
1990,leyton,127,Gugelmin,0.0
1990,minardi,147,Barilla,0.0
1990,larrousse,88,Suzuki,0.0
1990,ferrari,95,Mansell,0.0
1990,mclaren,77,Berger,0.0
1990,brabham,148,Foitek,0.0
1990,osella,129,Grouillard,0.0
1990,dallara,110,de Cesaris,0.0
1990,ferrari,117,Prost,0.0
1990,leyton,122,Capelli,0.0
1990,team_lotus,118,Warwick,0.0
1990,ligier,78,Larini,0.0
1990,team_lotus,151,Donnelly,0.0
1990,ligier,112,Alliot,0.0
1990,onyx,140,Johansson,0.0
1990,dallara,81,Morbidelli,0.0
1990,onyx,109,Järvilehto,0.0
1990,ags,99,Tarquini,0.0
1990,ags,114,Dalmas,0.0
1990,eurobrun,149,Langes,0.0
1990,life,150,Brabham,0.0
1990,coloni,92,Gachot,0.0
1990,ferrari,117,Prost,9.0
1990,mclaren,77,Berger,6.0
1990,mclaren,102,Senna,4.0
1990,ferrari,95,Mansell,3.0
1990,williams,123,Boutsen,2.0
1990,benetton,137,Piquet,1.0
1990,tyrrell,55,Alesi,0.0
1990,tyrrell,138,Nakajima,0.0
1990,minardi,94,Martini,0.0
1990,benetton,145,Nannini,0.0
1990,ligier,78,Larini,0.0
1990,ligier,112,Alliot,0.0
1990,williams,119,Patrese,0.0
1990,dallara,81,Morbidelli,0.0
1990,arrows,133,Caffi,0.0
1990,team_lotus,151,Donnelly,0.0
1990,brabham,131,Modena,0.0
1990,minardi,147,Barilla,0.0
1990,ags,114,Dalmas,0.0
1990,team_lotus,118,Warwick,0.0
1990,larrousse,88,Suzuki,0.0
1990,arrows,105,Alboreto,0.0
1990,brabham,148,Foitek,0.0
1990,larrousse,103,Bernard,0.0
1990,osella,129,Grouillard,0.0
1990,dallara,110,de Cesaris,0.0
1990,onyx,140,Johansson,0.0
1990,onyx,109,Järvilehto,0.0
1990,leyton,122,Capelli,0.0
1990,leyton,127,Gugelmin,0.0
1990,ags,99,Tarquini,0.0
1990,eurobrun,90,Moreno,0.0
1990,coloni,92,Gachot,0.0
1990,eurobrun,149,Langes,0.0
1990,life,150,Brabham,0.0
1990,williams,119,Patrese,9.0
1990,mclaren,77,Berger,6.0
1990,benetton,145,Nannini,4.0
1990,ferrari,117,Prost,3.0
1990,benetton,137,Piquet,2.0
1990,tyrrell,55,Alesi,1.0
1990,team_lotus,118,Warwick,0.0
1990,team_lotus,151,Donnelly,0.0
1990,ligier,112,Alliot,0.0
1990,ligier,78,Larini,0.0
1990,minardi,147,Barilla,0.0
1990,onyx,109,Järvilehto,0.0
1990,larrousse,103,Bernard,0.0
1990,osella,129,Grouillard,0.0
1990,ferrari,95,Mansell,0.0
1990,onyx,148,Foitek,0.0
1990,brabham,131,Modena,0.0
1990,dallara,110,de Cesaris,0.0
1990,leyton,127,Gugelmin,0.0
1990,williams,123,Boutsen,0.0
1990,larrousse,88,Suzuki,0.0
1990,mclaren,102,Senna,0.0
1990,dallara,139,Pirro,0.0
1990,leyton,122,Capelli,0.0
1990,tyrrell,138,Nakajima,0.0
1990,eurobrun,90,Moreno,0.0
1990,minardi,94,Martini,0.0
1990,arrows,133,Caffi,0.0
1990,arrows,105,Alboreto,0.0
1990,brabham,101,Brabham,0.0
1990,coloni,92,Gachot,0.0
1990,eurobrun,149,Langes,0.0
1990,life,152,Giacomelli,0.0
1990,ags,99,Tarquini,0.0
1990,ags,114,Dalmas,0.0
1990,mclaren,102,Senna,9.0
1990,tyrrell,55,Alesi,6.0
1990,mclaren,77,Berger,4.0
1990,williams,123,Boutsen,3.0
1990,arrows,133,Caffi,2.0
1990,larrousse,103,Bernard,1.0
1990,onyx,148,Foitek,0.0
1990,team_lotus,118,Warwick,0.0
1990,ferrari,95,Mansell,0.0
1990,minardi,147,Barilla,0.0
1990,onyx,109,Järvilehto,0.0
1990,ligier,112,Alliot,0.0
1990,williams,119,Patrese,0.0
1990,dallara,110,de Cesaris,0.0
1990,tyrrell,138,Nakajima,0.0
1990,ferrari,117,Prost,0.0
1990,benetton,145,Nannini,0.0
1990,brabham,101,Brabham,0.0
1990,leyton,122,Capelli,0.0
1990,ligier,78,Larini,0.0
1990,larrousse,88,Suzuki,0.0
1990,minardi,94,Martini,0.0
1990,team_lotus,151,Donnelly,0.0
1990,brabham,131,Modena,0.0
1990,dallara,139,Pirro,0.0
1990,benetton,137,Piquet,0.0
1990,arrows,105,Alboreto,0.0
1990,osella,129,Grouillard,0.0
1990,leyton,127,Gugelmin,0.0
1990,eurobrun,90,Moreno,0.0
1990,ags,99,Tarquini,0.0
1990,ags,114,Dalmas,0.0
1990,eurobrun,149,Langes,0.0
1990,coloni,92,Gachot,0.0
1990,life,152,Giacomelli,0.0
1990,mclaren,102,Senna,9.0
1990,benetton,137,Piquet,6.0
1990,ferrari,95,Mansell,4.0
1990,mclaren,77,Berger,3.0
1990,ferrari,117,Prost,2.0
1990,team_lotus,118,Warwick,1.0
1990,brabham,131,Modena,0.0
1990,arrows,133,Caffi,0.0
1990,larrousse,103,Bernard,0.0
1990,leyton,122,Capelli,0.0
1990,tyrrell,138,Nakajima,0.0
1990,larrousse,88,Suzuki,0.0
1990,osella,129,Grouillard,0.0
1990,team_lotus,151,Donnelly,0.0
1990,onyx,148,Foitek,0.0
1990,dallara,110,de Cesaris,0.0
1990,onyx,109,Järvilehto,0.0
1990,williams,119,Patrese,0.0
1990,ligier,112,Alliot,0.0
1990,tyrrell,55,Alesi,0.0
1990,benetton,145,Nannini,0.0
1990,williams,123,Boutsen,0.0
1990,ligier,78,Larini,0.0
1990,dallara,139,Pirro,0.0
1990,arrows,105,Alboreto,0.0
1990,minardi,94,Martini,0.0
1990,eurobrun,90,Moreno,0.0
1990,leyton,127,Gugelmin,0.0
1990,minardi,147,Barilla,0.0
1990,brabham,101,Brabham,0.0
1990,ags,99,Tarquini,0.0
1990,ags,114,Dalmas,0.0
1990,coloni,92,Gachot,0.0
1990,eurobrun,149,Langes,0.0
1990,life,152,Giacomelli,0.0
1990,ferrari,117,Prost,9.0
1990,ferrari,95,Mansell,6.0
1990,mclaren,77,Berger,4.0
1990,benetton,145,Nannini,3.0
1990,williams,123,Boutsen,2.0
1990,benetton,137,Piquet,1.0
1990,tyrrell,55,Alesi,0.0
1990,team_lotus,151,Donnelly,0.0
1990,williams,119,Patrese,0.0
1990,team_lotus,118,Warwick,0.0
1990,brabham,131,Modena,0.0
1990,minardi,94,Martini,0.0
1990,dallara,110,de Cesaris,0.0
1990,minardi,147,Barilla,0.0
1990,onyx,148,Foitek,0.0
1990,ligier,78,Larini,0.0
1990,arrows,105,Alboreto,0.0
1990,ligier,112,Alliot,0.0
1990,osella,129,Grouillard,0.0
1990,mclaren,102,Senna,0.0
1990,onyx,109,Järvilehto,0.0
1990,larrousse,103,Bernard,0.0
1990,larrousse,88,Suzuki,0.0
1990,tyrrell,138,Nakajima,0.0
1990,brabham,101,Brabham,0.0
1990,dallara,139,Pirro,0.0
1990,eurobrun,90,Moreno,0.0
1990,leyton,122,Capelli,0.0
1990,leyton,127,Gugelmin,0.0
1990,arrows,133,Caffi,0.0
1990,ags,114,Dalmas,0.0
1990,ags,99,Tarquini,0.0
1990,coloni,92,Gachot,0.0
1990,eurobrun,149,Langes,0.0
1990,life,152,Giacomelli,0.0
1990,ferrari,117,Prost,9.0
1990,leyton,122,Capelli,6.0
1990,mclaren,102,Senna,4.0
1990,benetton,137,Piquet,3.0
1990,mclaren,77,Berger,2.0
1990,williams,119,Patrese,1.0
1990,larrousse,88,Suzuki,0.0
1990,larrousse,103,Bernard,0.0
1990,ligier,112,Alliot,0.0
1990,arrows,105,Alboreto,0.0
1990,team_lotus,118,Warwick,0.0
1990,team_lotus,151,Donnelly,0.0
1990,brabham,131,Modena,0.0
1990,ligier,78,Larini,0.0
1990,brabham,101,Brabham,0.0
1990,benetton,145,Nannini,0.0
1990,ags,114,Dalmas,0.0
1990,ferrari,95,Mansell,0.0
1990,dallara,110,de Cesaris,0.0
1990,tyrrell,138,Nakajima,0.0
1990,leyton,127,Gugelmin,0.0
1990,minardi,94,Martini,0.0
1990,tyrrell,55,Alesi,0.0
1990,arrows,133,Caffi,0.0
1990,williams,123,Boutsen,0.0
1990,dallara,139,Pirro,0.0
1990,minardi,147,Barilla,0.0
1990,ags,99,Tarquini,0.0
1990,onyx,148,Foitek,0.0
1990,onyx,109,Järvilehto,0.0
1990,osella,129,Grouillard,0.0
1990,eurobrun,90,Moreno,0.0
1990,eurobrun,149,Langes,0.0
1990,coloni,92,Gachot,0.0
1990,life,152,Giacomelli,0.0
1990,ferrari,117,Prost,9.0
1990,williams,123,Boutsen,6.0
1990,mclaren,102,Senna,4.0
1990,larrousse,103,Bernard,3.0
1990,benetton,137,Piquet,2.0
1990,larrousse,88,Suzuki,1.0
1990,arrows,133,Caffi,0.0
1990,tyrrell,55,Alesi,0.0
1990,brabham,131,Modena,0.0
1990,ligier,78,Larini,0.0
1990,dallara,139,Pirro,0.0
1990,minardi,147,Barilla,0.0
1990,ligier,112,Alliot,0.0
1990,mclaren,77,Berger,0.0
1990,ferrari,95,Mansell,0.0
1990,leyton,122,Capelli,0.0
1990,team_lotus,151,Donnelly,0.0
1990,team_lotus,118,Warwick,0.0
1990,ags,99,Tarquini,0.0
1990,arrows,105,Alboreto,0.0
1990,williams,119,Patrese,0.0
1990,tyrrell,138,Nakajima,0.0
1990,benetton,145,Nannini,0.0
1990,dallara,110,de Cesaris,0.0
1990,minardi,94,Martini,0.0
1990,leyton,127,Gugelmin,0.0
1990,osella,129,Grouillard,0.0
1990,brabham,101,Brabham,0.0
1990,onyx,109,Järvilehto,0.0
1990,onyx,148,Foitek,0.0
1990,eurobrun,90,Moreno,0.0
1990,ags,114,Dalmas,0.0
1990,eurobrun,149,Langes,0.0
1990,coloni,92,Gachot,0.0
1990,life,152,Giacomelli,0.0
1990,mclaren,102,Senna,9.0
1990,benetton,145,Nannini,6.0
1990,mclaren,77,Berger,4.0
1990,ferrari,117,Prost,3.0
1990,williams,119,Patrese,2.0
1990,williams,123,Boutsen,1.0
1990,leyton,122,Capelli,0.0
1990,team_lotus,118,Warwick,0.0
1990,arrows,133,Caffi,0.0
1990,ligier,78,Larini,0.0
1990,tyrrell,55,Alesi,0.0
1990,onyx,109,Järvilehto,0.0
1990,larrousse,103,Bernard,0.0
1990,larrousse,88,Suzuki,0.0
1990,tyrrell,138,Nakajima,0.0
1990,benetton,137,Piquet,0.0
1990,minardi,94,Martini,0.0
1990,onyx,148,Foitek,0.0
1990,ferrari,95,Mansell,0.0
1990,leyton,127,Gugelmin,0.0
1990,brabham,101,Brabham,0.0
1990,arrows,105,Alboreto,0.0
1990,team_lotus,151,Donnelly,0.0
1990,brabham,131,Modena,0.0
1990,dallara,139,Pirro,0.0
1990,ligier,112,Alliot,0.0
1990,osella,129,Grouillard,0.0
1990,minardi,147,Barilla,0.0
1990,ags,114,Dalmas,0.0
1990,dallara,110,de Cesaris,0.0
1990,ags,99,Tarquini,0.0
1990,eurobrun,90,Moreno,0.0
1990,coloni,92,Gachot,0.0
1990,eurobrun,149,Langes,0.0
1990,life,152,Giacomelli,0.0
1990,williams,123,Boutsen,9.0
1990,mclaren,102,Senna,6.0
1990,benetton,137,Piquet,4.0
1990,williams,119,Patrese,3.0
1990,team_lotus,118,Warwick,2.0
1990,larrousse,103,Bernard,1.0
1990,team_lotus,151,Donnelly,0.0
1990,leyton,127,Gugelmin,0.0
1990,arrows,133,Caffi,0.0
1990,dallara,139,Pirro,0.0
1990,ligier,78,Larini,0.0
1990,arrows,105,Alboreto,0.0
1990,ags,99,Tarquini,0.0
1990,ligier,112,Alliot,0.0
1990,minardi,147,Barilla,0.0
1990,mclaren,77,Berger,0.0
1990,ferrari,95,Mansell,0.0
1990,benetton,145,Nannini,0.0
1990,leyton,122,Capelli,0.0
1990,larrousse,88,Suzuki,0.0
1990,ferrari,117,Prost,0.0
1990,tyrrell,55,Alesi,0.0
1990,brabham,131,Modena,0.0
1990,minardi,94,Martini,0.0
1990,dallara,110,de Cesaris,0.0
1990,tyrrell,138,Nakajima,0.0
1990,ags,114,Dalmas,0.0
1990,brabham,101,Brabham,0.0
1990,onyx,109,Järvilehto,0.0
1990,onyx,148,Foitek,0.0
1990,osella,129,Grouillard,0.0
1990,coloni,92,Gachot,0.0
1990,eurobrun,90,Moreno,0.0
1990,eurobrun,149,Langes,0.0
1990,life,152,Giacomelli,0.0
1990,mclaren,102,Senna,9.0
1990,ferrari,117,Prost,6.0
1990,mclaren,77,Berger,4.0
1990,benetton,145,Nannini,3.0
1990,benetton,137,Piquet,2.0
1990,leyton,127,Gugelmin,1.0
1990,leyton,122,Capelli,0.0
1990,tyrrell,55,Alesi,0.0
1990,larrousse,103,Bernard,0.0
1990,arrows,133,Caffi,0.0
1990,team_lotus,118,Warwick,0.0
1990,team_lotus,151,Donnelly,0.0
1990,arrows,105,Alboreto,0.0
1990,ligier,78,Larini,0.0
1990,minardi,94,Martini,0.0
1990,osella,129,Grouillard,0.0
1990,brabham,131,Modena,0.0
1990,brabham,101,Brabham,0.0
1990,dallara,110,de Cesaris,0.0
1990,williams,123,Boutsen,0.0
1990,ferrari,95,Mansell,0.0
1990,williams,119,Patrese,0.0
1990,dallara,139,Pirro,0.0
1990,tyrrell,138,Nakajima,0.0
1990,larrousse,88,Suzuki,0.0
1990,minardi,147,Barilla,0.0
1990,ligier,112,Alliot,0.0
1990,ags,99,Tarquini,0.0
1990,ags,114,Dalmas,0.0
1990,coloni,92,Gachot,0.0
1990,eurobrun,90,Moreno,0.0
1990,eurobrun,149,Langes,0.0
1990,life,152,Giacomelli,0.0
1990,mclaren,102,Senna,9.0
1990,ferrari,117,Prost,6.0
1990,mclaren,77,Berger,4.0
1990,ferrari,95,Mansell,3.0
1990,williams,119,Patrese,2.0
1990,tyrrell,138,Nakajima,1.0
1990,benetton,137,Piquet,0.0
1990,benetton,145,Nannini,0.0
1990,arrows,133,Caffi,0.0
1990,dallara,110,de Cesaris,0.0
1990,ligier,78,Larini,0.0
1990,arrows,105,Alboreto,0.0
1990,ligier,112,Alliot,0.0
1990,ags,114,Dalmas,0.0
1990,leyton,122,Capelli,0.0
1990,larrousse,88,Suzuki,0.0
1990,osella,129,Grouillard,0.0
1990,leyton,127,Gugelmin,0.0
1990,brabham,131,Modena,0.0
1990,williams,123,Boutsen,0.0
1990,team_lotus,118,Warwick,0.0
1990,dallara,139,Pirro,0.0
1990,team_lotus,151,Donnelly,0.0
1990,larrousse,103,Bernard,0.0
1990,minardi,94,Martini,0.0
1990,tyrrell,55,Alesi,0.0
1990,ags,99,Tarquini,0.0
1990,minardi,147,Barilla,0.0
1990,brabham,101,Brabham,0.0
1990,coloni,92,Gachot,0.0
1990,eurobrun,90,Moreno,0.0
1990,eurobrun,149,Langes,0.0
1990,life,152,Giacomelli,0.0
1990,ferrari,95,Mansell,9.0
1990,mclaren,102,Senna,6.0
1990,ferrari,117,Prost,4.0
1990,mclaren,77,Berger,3.0
1990,benetton,137,Piquet,2.0
1990,benetton,145,Nannini,1.0
1990,williams,119,Patrese,0.0
1990,tyrrell,55,Alesi,0.0
1990,arrows,105,Alboreto,0.0
1990,ligier,78,Larini,0.0
1990,minardi,94,Martini,0.0
1990,leyton,127,Gugelmin,0.0
1990,arrows,133,Caffi,0.0
1990,larrousse,88,Suzuki,0.0
1990,dallara,139,Pirro,0.0
1990,ligier,112,Alliot,0.0
1990,brabham,101,Brabham,0.0
1990,leyton,122,Capelli,0.0
1990,williams,123,Boutsen,0.0
1990,larrousse,103,Bernard,0.0
1990,brabham,131,Modena,0.0
1990,team_lotus,151,Donnelly,0.0
1990,team_lotus,118,Warwick,0.0
1990,ags,114,Dalmas,0.0
1990,dallara,110,de Cesaris,0.0
1990,tyrrell,138,Nakajima,0.0
1990,osella,129,Grouillard,0.0
1990,minardi,147,Barilla,0.0
1990,ags,99,Tarquini,0.0
1990,coloni,92,Gachot,0.0
1990,eurobrun,90,Moreno,0.0
1990,eurobrun,149,Langes,0.0
1990,life,152,Giacomelli,0.0
1990,ferrari,117,Prost,9.0
1990,ferrari,95,Mansell,6.0
1990,benetton,145,Nannini,4.0
1990,williams,123,Boutsen,3.0
1990,williams,119,Patrese,2.0
1990,larrousse,88,Suzuki,1.0
1990,ligier,78,Larini,0.0
1990,leyton,127,Gugelmin,0.0
1990,ags,114,Dalmas,0.0
1990,arrows,105,Alboreto,0.0
1990,team_lotus,118,Warwick,0.0
1990,leyton,122,Capelli,0.0
1990,mclaren,77,Berger,0.0
1990,mclaren,102,Senna,0.0
1990,benetton,137,Piquet,0.0
1990,dallara,110,de Cesaris,0.0
1990,osella,129,Grouillard,0.0
1990,minardi,94,Martini,0.0
1990,ligier,112,Alliot,0.0
1990,larrousse,103,Bernard,0.0
1990,tyrrell,138,Nakajima,0.0
1990,ags,99,Tarquini,0.0
1990,brabham,131,Modena,0.0
1990,tyrrell,55,Alesi,0.0
1990,dallara,139,Pirro,0.0
1990,team_lotus,151,Donnelly,0.0
1990,brabham,101,Brabham,0.0
1990,minardi,147,Barilla,0.0
1990,arrows,146,Schneider,0.0
1990,coloni,92,Gachot,0.0
1990,eurobrun,90,Moreno,0.0
1990,eurobrun,149,Langes,0.0
1990,life,152,Giacomelli,0.0
1990,benetton,137,Piquet,9.0
1990,benetton,90,Moreno,6.0
1990,larrousse,88,Suzuki,4.0
1990,williams,119,Patrese,3.0
1990,williams,123,Boutsen,2.0
1990,tyrrell,138,Nakajima,1.0
1990,ligier,78,Larini,0.0
1990,minardi,94,Martini,0.0
1990,arrows,133,Caffi,0.0
1990,ligier,112,Alliot,0.0
1990,team_lotus,118,Warwick,0.0
1990,team_lotus,65,Herbert,0.0
1990,arrows,105,Alboreto,0.0
1990,ferrari,95,Mansell,0.0
1990,dallara,139,Pirro,0.0
1990,larrousse,103,Bernard,0.0
1990,minardi,81,Morbidelli,0.0
1990,leyton,122,Capelli,0.0
1990,dallara,110,de Cesaris,0.0
1990,leyton,127,Gugelmin,0.0
1990,brabham,101,Brabham,0.0
1990,mclaren,77,Berger,0.0
1990,mclaren,102,Senna,0.0
1990,ferrari,117,Prost,0.0
1990,brabham,131,Modena,0.0
1990,tyrrell,55,Alesi,0.0
1990,osella,129,Grouillard,0.0
1990,ags,99,Tarquini,0.0
1990,ags,114,Dalmas,0.0
1990,coloni,92,Gachot,0.0
1990,benetton,137,Piquet,9.0
1990,ferrari,95,Mansell,6.0
1990,ferrari,117,Prost,4.0
1990,mclaren,77,Berger,3.0
1990,williams,123,Boutsen,2.0
1990,williams,119,Patrese,1.0
1990,benetton,90,Moreno,0.0
1990,tyrrell,55,Alesi,0.0
1990,minardi,94,Martini,0.0
1990,ligier,78,Larini,0.0
1990,ligier,112,Alliot,0.0
1990,brabham,131,Modena,0.0
1990,osella,129,Grouillard,0.0
1990,dallara,139,Pirro,0.0
1990,mclaren,102,Senna,0.0
1990,ags,99,Tarquini,0.0
1990,team_lotus,65,Herbert,0.0
1990,tyrrell,138,Nakajima,0.0
1990,leyton,122,Capelli,0.0
1990,team_lotus,118,Warwick,0.0
1990,leyton,127,Gugelmin,0.0
1990,dallara,110,de Cesaris,0.0
1990,larrousse,103,Bernard,0.0
1990,minardi,81,Morbidelli,0.0
1990,brabham,101,Brabham,0.0
1990,larrousse,88,Suzuki,0.0
1990,arrows,105,Alboreto,0.0
1990,ags,114,Dalmas,0.0
1990,arrows,133,Caffi,0.0
1990,coloni,92,Gachot,0.0
2009,brawn,18,Button,10.0
2009,brawn,22,Barrichello,8.0
2009,toyota,15,Trulli,6.0
2009,toyota,10,Glock,5.0
2009,renault,4,Alonso,4.0
2009,williams,3,Rosberg,3.0
2009,toro_rosso,67,Buemi,2.0
2009,toro_rosso,7,Bourdais,1.0
2009,force_india,16,Sutil,0.0
2009,bmw_sauber,2,Heidfeld,0.0
2009,force_india,21,Fisichella,0.0
2009,red_bull,17,Webber,0.0
2009,red_bull,20,Vettel,0.0
2009,bmw_sauber,9,Kubica,0.0
2009,ferrari,8,Räikkönen,0.0
2009,ferrari,13,Massa,0.0
2009,renault,12,Piquet Jr.,0.0
2009,williams,6,Nakajima,0.0
2009,mclaren,5,Kovalainen,0.0
2009,mclaren,1,Hamilton,0.0
2009,brawn,18,Button,5.0
2009,bmw_sauber,2,Heidfeld,4.0
2009,toyota,10,Glock,3.0
2009,toyota,15,Trulli,2.5
2009,brawn,22,Barrichello,2.0
2009,red_bull,17,Webber,1.5
2009,mclaren,1,Hamilton,1.0
2009,williams,3,Rosberg,0.5
2009,ferrari,13,Massa,0.0
2009,toro_rosso,7,Bourdais,0.0
2009,renault,4,Alonso,0.0
2009,williams,6,Nakajima,0.0
2009,renault,12,Piquet Jr.,0.0
2009,ferrari,8,Räikkönen,0.0
2009,red_bull,20,Vettel,0.0
2009,toro_rosso,67,Buemi,0.0
2009,force_india,16,Sutil,0.0
2009,force_india,21,Fisichella,0.0
2009,bmw_sauber,9,Kubica,0.0
2009,mclaren,5,Kovalainen,0.0
2009,red_bull,20,Vettel,10.0
2009,red_bull,17,Webber,8.0
2009,brawn,18,Button,6.0
2009,brawn,22,Barrichello,5.0
2009,mclaren,5,Kovalainen,4.0
2009,mclaren,1,Hamilton,3.0
2009,toyota,10,Glock,2.0
2009,toro_rosso,67,Buemi,1.0
2009,renault,4,Alonso,0.0
2009,ferrari,8,Räikkönen,0.0
2009,toro_rosso,7,Bourdais,0.0
2009,bmw_sauber,2,Heidfeld,0.0
2009,bmw_sauber,9,Kubica,0.0
2009,force_india,21,Fisichella,0.0
2009,williams,3,Rosberg,0.0
2009,renault,12,Piquet Jr.,0.0
2009,force_india,16,Sutil,0.0
2009,williams,6,Nakajima,0.0
2009,ferrari,13,Massa,0.0
2009,toyota,15,Trulli,0.0
2009,brawn,18,Button,10.0
2009,red_bull,20,Vettel,8.0
2009,toyota,15,Trulli,6.0
2009,mclaren,1,Hamilton,5.0
2009,brawn,22,Barrichello,4.0
2009,ferrari,8,Räikkönen,3.0
2009,toyota,10,Glock,2.0
2009,renault,4,Alonso,1.0
2009,williams,3,Rosberg,0.0
2009,renault,12,Piquet Jr.,0.0
2009,red_bull,17,Webber,0.0
2009,mclaren,5,Kovalainen,0.0
2009,toro_rosso,7,Bourdais,0.0
2009,ferrari,13,Massa,0.0
2009,force_india,21,Fisichella,0.0
2009,force_india,16,Sutil,0.0
2009,toro_rosso,67,Buemi,0.0
2009,bmw_sauber,9,Kubica,0.0
2009,bmw_sauber,2,Heidfeld,0.0
2009,williams,6,Nakajima,0.0
2009,brawn,18,Button,10.0
2009,brawn,22,Barrichello,8.0
2009,red_bull,17,Webber,6.0
2009,red_bull,20,Vettel,5.0
2009,renault,4,Alonso,4.0
2009,ferrari,13,Massa,3.0
2009,bmw_sauber,2,Heidfeld,2.0
2009,williams,3,Rosberg,1.0
2009,mclaren,1,Hamilton,0.0
2009,toyota,10,Glock,0.0
2009,bmw_sauber,9,Kubica,0.0
2009,renault,12,Piquet Jr.,0.0
2009,williams,6,Nakajima,0.0
2009,force_india,21,Fisichella,0.0
2009,ferrari,8,Räikkönen,0.0
2009,mclaren,5,Kovalainen,0.0
2009,toyota,15,Trulli,0.0
2009,toro_rosso,67,Buemi,0.0
2009,toro_rosso,7,Bourdais,0.0
2009,force_india,16,Sutil,0.0
2009,brawn,18,Button,10.0
2009,brawn,22,Barrichello,8.0
2009,ferrari,8,Räikkönen,6.0
2009,ferrari,13,Massa,5.0
2009,red_bull,17,Webber,4.0
2009,williams,3,Rosberg,3.0
2009,renault,4,Alonso,2.0
2009,toro_rosso,7,Bourdais,1.0
2009,force_india,21,Fisichella,0.0
2009,toyota,10,Glock,0.0
2009,bmw_sauber,2,Heidfeld,0.0
2009,mclaren,1,Hamilton,0.0
2009,toyota,15,Trulli,0.0
2009,force_india,16,Sutil,0.0
2009,williams,6,Nakajima,0.0
2009,mclaren,5,Kovalainen,0.0
2009,bmw_sauber,9,Kubica,0.0
2009,red_bull,20,Vettel,0.0
2009,renault,12,Piquet Jr.,0.0
2009,toro_rosso,67,Buemi,0.0
2009,brawn,18,Button,10.0
2009,red_bull,17,Webber,8.0
2009,red_bull,20,Vettel,6.0
2009,toyota,15,Trulli,5.0
2009,williams,3,Rosberg,4.0
2009,ferrari,13,Massa,3.0
2009,bmw_sauber,9,Kubica,2.0
2009,toyota,10,Glock,1.0
2009,ferrari,8,Räikkönen,0.0
2009,renault,4,Alonso,0.0
2009,bmw_sauber,2,Heidfeld,0.0
2009,williams,6,Nakajima,0.0
2009,mclaren,1,Hamilton,0.0
2009,mclaren,5,Kovalainen,0.0
2009,toro_rosso,67,Buemi,0.0
2009,renault,12,Piquet Jr.,0.0
2009,force_india,16,Sutil,0.0
2009,toro_rosso,7,Bourdais,0.0
2009,brawn,22,Barrichello,0.0
2009,force_india,21,Fisichella,0.0
2009,red_bull,20,Vettel,10.0
2009,red_bull,17,Webber,8.0
2009,brawn,22,Barrichello,6.0
2009,ferrari,13,Massa,5.0
2009,williams,3,Rosberg,4.0
2009,brawn,18,Button,3.0
2009,toyota,15,Trulli,2.0
2009,ferrari,8,Räikkönen,1.0
2009,toyota,10,Glock,0.0
2009,force_india,21,Fisichella,0.0
2009,williams,6,Nakajima,0.0
2009,renault,12,Piquet Jr.,0.0
2009,bmw_sauber,9,Kubica,0.0
2009,renault,4,Alonso,0.0
2009,bmw_sauber,2,Heidfeld,0.0
2009,mclaren,1,Hamilton,0.0
2009,force_india,16,Sutil,0.0
2009,toro_rosso,67,Buemi,0.0
2009,toro_rosso,7,Bourdais,0.0
2009,mclaren,5,Kovalainen,0.0
2009,red_bull,17,Webber,10.0
2009,red_bull,20,Vettel,8.0
2009,ferrari,13,Massa,6.0
2009,williams,3,Rosberg,5.0
2009,brawn,18,Button,4.0
2009,brawn,22,Barrichello,3.0
2009,renault,4,Alonso,2.0
2009,mclaren,5,Kovalainen,1.0
2009,toyota,10,Glock,0.0
2009,bmw_sauber,2,Heidfeld,0.0
2009,force_india,21,Fisichella,0.0
2009,williams,6,Nakajima,0.0
2009,renault,12,Piquet Jr.,0.0
2009,bmw_sauber,9,Kubica,0.0
2009,force_india,16,Sutil,0.0
2009,toro_rosso,67,Buemi,0.0
2009,toyota,15,Trulli,0.0
2009,mclaren,1,Hamilton,0.0
2009,ferrari,8,Räikkönen,0.0
2009,toro_rosso,7,Bourdais,0.0
2009,mclaren,1,Hamilton,10.0
2009,ferrari,8,Räikkönen,8.0
2009,red_bull,17,Webber,6.0
2009,williams,3,Rosberg,5.0
2009,mclaren,5,Kovalainen,4.0
2009,toyota,10,Glock,3.0
2009,brawn,18,Button,2.0
2009,toyota,15,Trulli,1.0
2009,williams,6,Nakajima,0.0
2009,brawn,22,Barrichello,0.0
2009,bmw_sauber,2,Heidfeld,0.0
2009,renault,12,Piquet Jr.,0.0
2009,bmw_sauber,9,Kubica,0.0
2009,force_india,21,Fisichella,0.0
2009,toro_rosso,153,Alguersuari,0.0
2009,toro_rosso,67,Buemi,0.0
2009,red_bull,20,Vettel,0.0
2009,renault,4,Alonso,0.0
2009,force_india,16,Sutil,0.0
2009,ferrari,13,Massa,0.0
2009,brawn,22,Barrichello,10.0
2009,mclaren,1,Hamilton,8.0
2009,ferrari,8,Räikkönen,6.0
2009,mclaren,5,Kovalainen,5.0
2009,williams,3,Rosberg,4.0
2009,renault,4,Alonso,3.0
2009,brawn,18,Button,2.0
2009,bmw_sauber,9,Kubica,1.0
2009,red_bull,17,Webber,0.0
2009,force_india,16,Sutil,0.0
2009,bmw_sauber,2,Heidfeld,0.0
2009,force_india,21,Fisichella,0.0
2009,toyota,15,Trulli,0.0
2009,toyota,10,Glock,0.0
2009,renault,154,Grosjean,0.0
2009,toro_rosso,153,Alguersuari,0.0
2009,ferrari,69,Badoer,0.0
2009,williams,6,Nakajima,0.0
2009,toro_rosso,67,Buemi,0.0
2009,red_bull,20,Vettel,0.0
2009,ferrari,8,Räikkönen,10.0
2009,force_india,21,Fisichella,8.0
2009,red_bull,20,Vettel,6.0
2009,bmw_sauber,9,Kubica,5.0
2009,bmw_sauber,2,Heidfeld,4.0
2009,mclaren,5,Kovalainen,3.0
2009,brawn,22,Barrichello,2.0
2009,williams,3,Rosberg,1.0
2009,red_bull,17,Webber,0.0
2009,toyota,10,Glock,0.0
2009,force_india,16,Sutil,0.0
2009,toro_rosso,67,Buemi,0.0
2009,williams,6,Nakajima,0.0
2009,ferrari,69,Badoer,0.0
2009,renault,4,Alonso,0.0
2009,toyota,15,Trulli,0.0
2009,brawn,18,Button,0.0
2009,renault,154,Grosjean,0.0
2009,mclaren,1,Hamilton,0.0
2009,toro_rosso,153,Alguersuari,0.0
2009,brawn,22,Barrichello,10.0
2009,brawn,18,Button,8.0
2009,ferrari,8,Räikkönen,6.0
2009,force_india,16,Sutil,5.0
2009,renault,4,Alonso,4.0
2009,mclaren,5,Kovalainen,3.0
2009,bmw_sauber,2,Heidfeld,2.0
2009,red_bull,20,Vettel,1.0
2009,ferrari,21,Fisichella,0.0
2009,williams,6,Nakajima,0.0
2009,toyota,10,Glock,0.0
2009,mclaren,1,Hamilton,0.0
2009,toro_rosso,67,Buemi,0.0
2009,toyota,15,Trulli,0.0
2009,renault,154,Grosjean,0.0
2009,williams,3,Rosberg,0.0
2009,force_india,24,Liuzzi,0.0
2009,toro_rosso,153,Alguersuari,0.0
2009,bmw_sauber,9,Kubica,0.0
2009,red_bull,17,Webber,0.0
2009,mclaren,1,Hamilton,10.0
2009,toyota,10,Glock,8.0
2009,renault,4,Alonso,6.0
2009,red_bull,20,Vettel,5.0
2009,brawn,18,Button,4.0
2009,brawn,22,Barrichello,3.0
2009,mclaren,5,Kovalainen,2.0
2009,bmw_sauber,9,Kubica,1.0
2009,williams,6,Nakajima,0.0
2009,ferrari,8,Räikkönen,0.0
2009,williams,3,Rosberg,0.0
2009,toyota,15,Trulli,0.0
2009,ferrari,21,Fisichella,0.0
2009,force_india,24,Liuzzi,0.0
2009,toro_rosso,153,Alguersuari,0.0
2009,toro_rosso,67,Buemi,0.0
2009,red_bull,17,Webber,0.0
2009,force_india,16,Sutil,0.0
2009,bmw_sauber,2,Heidfeld,0.0
2009,renault,154,Grosjean,0.0
2009,red_bull,20,Vettel,10.0
2009,toyota,15,Trulli,8.0
2009,mclaren,1,Hamilton,6.0
2009,ferrari,8,Räikkönen,5.0
2009,williams,3,Rosberg,4.0
2009,bmw_sauber,2,Heidfeld,3.0
2009,brawn,22,Barrichello,2.0
2009,brawn,18,Button,1.0
2009,bmw_sauber,9,Kubica,0.0
2009,renault,4,Alonso,0.0
2009,mclaren,5,Kovalainen,0.0
2009,ferrari,21,Fisichella,0.0
2009,force_india,16,Sutil,0.0
2009,force_india,24,Liuzzi,0.0
2009,williams,6,Nakajima,0.0
2009,renault,154,Grosjean,0.0
2009,red_bull,17,Webber,0.0
2009,toro_rosso,153,Alguersuari,0.0
2009,toro_rosso,67,Buemi,0.0
2009,toyota,10,Glock,0.0
2009,red_bull,17,Webber,10.0
2009,bmw_sauber,9,Kubica,8.0
2009,mclaren,1,Hamilton,6.0
2009,red_bull,20,Vettel,5.0
2009,brawn,18,Button,4.0
2009,ferrari,8,Räikkönen,3.0
2009,toro_rosso,67,Buemi,2.0
2009,brawn,22,Barrichello,1.0
2009,mclaren,5,Kovalainen,0.0
2009,toyota,155,Kobayashi,0.0
2009,ferrari,21,Fisichella,0.0
2009,force_india,24,Liuzzi,0.0
2009,renault,154,Grosjean,0.0
2009,toro_rosso,153,Alguersuari,0.0
2009,williams,6,Nakajima,0.0
2009,williams,3,Rosberg,0.0
2009,bmw_sauber,2,Heidfeld,0.0
2009,force_india,16,Sutil,0.0
2009,toyota,15,Trulli,0.0
2009,renault,4,Alonso,0.0
1989,ferrari,95,Mansell,9.0
1989,mclaren,117,Prost,6.0
1989,march,127,Gugelmin,4.0
1989,benetton,65,Herbert,3.0
1989,arrows,118,Warwick,2.0
1989,benetton,145,Nannini,1.0
1989,tyrrell,156,Palmer,0.0
1989,team_lotus,138,Nakajima,0.0
1989,ligier,129,Grouillard,0.0
1989,tyrrell,105,Alboreto,0.0
1989,mclaren,102,Senna,0.0
1989,larrousse,112,Alliot,0.0
1989,dallara,110,de Cesaris,0.0
1989,rial,157,Danner,0.0
1989,williams,119,Patrese,0.0
1989,arrows,158,Cheever,0.0
1989,zakspeed,146,Schneider,0.0
1989,brabham,84,Brundle,0.0
1989,march,122,Capelli,0.0
1989,team_lotus,137,Piquet,0.0
1989,osella,78,Larini,0.0
1989,brabham,131,Modena,0.0
1989,williams,123,Boutsen,0.0
1989,minardi,94,Martini,0.0
1989,ferrari,77,Berger,0.0
1989,minardi,159,Pérez-Sala,0.0
1989,larrousse,114,Dalmas,0.0
1989,ligier,163,Arnoux,0.0
1989,eurobrun,148,Foitek,0.0
1989,coloni,90,Moreno,0.0
1989,dallara,133,Caffi,0.0
1989,osella,160,Ghinzani,0.0
1989,rial,161,Weidler,0.0
1989,coloni,162,Raphanel,0.0
1989,ags,164,Winkelhock,0.0
1989,zakspeed,88,Suzuki,0.0
1989,onyx,140,Johansson,0.0
1989,onyx,92,Gachot,0.0
1989,mclaren,102,Senna,9.0
1989,mclaren,117,Prost,6.0
1989,benetton,145,Nannini,4.0
1989,williams,123,Boutsen,3.0
1989,arrows,118,Warwick,2.0
1989,tyrrell,156,Palmer,1.0
1989,dallara,133,Caffi,0.0
1989,ags,99,Tarquini,0.0
1989,arrows,158,Cheever,0.0
1989,dallara,110,de Cesaris,0.0
1989,benetton,65,Herbert,0.0
1989,osella,78,Larini,0.0
1989,brabham,84,Brundle,0.0
1989,team_lotus,138,Nakajima,0.0
1989,minardi,159,Pérez-Sala,0.0
1989,march,127,Gugelmin,0.0
1989,team_lotus,137,Piquet,0.0
1989,ferrari,95,Mansell,0.0
1989,williams,119,Patrese,0.0
1989,brabham,131,Modena,0.0
1989,minardi,94,Martini,0.0
1989,ligier,129,Grouillard,0.0
1989,ferrari,77,Berger,0.0
1989,march,122,Capelli,0.0
1989,larrousse,112,Alliot,0.0
1989,larrousse,114,Dalmas,0.0
1989,tyrrell,105,Alboreto,0.0
1989,ligier,163,Arnoux,0.0
1989,rial,157,Danner,0.0
1989,coloni,90,Moreno,0.0
1989,onyx,92,Gachot,0.0
1989,eurobrun,148,Foitek,0.0
1989,osella,160,Ghinzani,0.0
1989,onyx,140,Johansson,0.0
1989,ags,164,Winkelhock,0.0
1989,coloni,162,Raphanel,0.0
1989,zakspeed,88,Suzuki,0.0
1989,zakspeed,146,Schneider,0.0
1989,rial,161,Weidler,0.0
1989,mclaren,102,Senna,9.0
1989,mclaren,117,Prost,6.0
1989,brabham,131,Modena,4.0
1989,dallara,133,Caffi,3.0
1989,tyrrell,105,Alboreto,2.0
1989,brabham,84,Brundle,1.0
1989,arrows,158,Cheever,0.0
1989,benetton,145,Nannini,0.0
1989,tyrrell,156,Palmer,0.0
1989,williams,123,Boutsen,0.0
1989,march,122,Capelli,0.0
1989,ligier,163,Arnoux,0.0
1989,dallara,110,de Cesaris,0.0
1989,benetton,65,Herbert,0.0
1989,williams,119,Patrese,0.0
1989,minardi,159,Pérez-Sala,0.0
1989,ags,99,Tarquini,0.0
1989,coloni,90,Moreno,0.0
1989,larrousse,112,Alliot,0.0
1989,march,127,Gugelmin,0.0
1989,team_lotus,137,Piquet,0.0
1989,ferrari,95,Mansell,0.0
1989,coloni,162,Raphanel,0.0
1989,ligier,129,Grouillard,0.0
1989,minardi,94,Martini,0.0
1989,arrows,118,Warwick,0.0
1989,rial,157,Danner,0.0
1989,larrousse,114,Dalmas,0.0
1989,team_lotus,138,Nakajima,0.0
1989,osella,160,Ghinzani,0.0
1989,onyx,140,Johansson,0.0
1989,osella,78,Larini,0.0
1989,zakspeed,146,Schneider,0.0
1989,onyx,92,Gachot,0.0
1989,eurobrun,148,Foitek,0.0
1989,rial,161,Weidler,0.0
1989,zakspeed,88,Suzuki,0.0
1989,ags,164,Winkelhock,0.0
1989,mclaren,102,Senna,9.0
1989,williams,119,Patrese,6.0
1989,tyrrell,105,Alboreto,4.0
1989,benetton,145,Nannini,3.0
1989,mclaren,117,Prost,2.0
1989,ags,99,Tarquini,1.0
1989,arrows,158,Cheever,0.0
1989,ligier,129,Grouillard,0.0
1989,brabham,84,Brundle,0.0
1989,brabham,131,Modena,0.0
1989,team_lotus,137,Piquet,0.0
1989,rial,157,Danner,0.0
1989,dallara,133,Caffi,0.0
1989,ligier,163,Arnoux,0.0
1989,benetton,65,Herbert,0.0
1989,minardi,94,Martini,0.0
1989,ferrari,95,Mansell,0.0
1989,arrows,118,Warwick,0.0
1989,team_lotus,138,Nakajima,0.0
1989,larrousse,112,Alliot,0.0
1989,dallara,110,de Cesaris,0.0
1989,ferrari,77,Berger,0.0
1989,onyx,140,Johansson,0.0
1989,williams,123,Boutsen,0.0
1989,tyrrell,156,Palmer,0.0
1989,march,122,Capelli,0.0
1989,minardi,159,Pérez-Sala,0.0
1989,march,127,Gugelmin,0.0
1989,larrousse,114,Dalmas,0.0
1989,coloni,90,Moreno,0.0
1989,onyx,92,Gachot,0.0
1989,eurobrun,148,Foitek,0.0
1989,osella,78,Larini,0.0
1989,rial,161,Weidler,0.0
1989,zakspeed,146,Schneider,0.0
1989,zakspeed,88,Suzuki,0.0
1989,osella,160,Ghinzani,0.0
1989,ags,164,Winkelhock,0.0
1989,coloni,162,Raphanel,0.0
1989,mclaren,117,Prost,9.0
1989,williams,119,Patrese,6.0
1989,arrows,158,Cheever,4.0
1989,rial,157,Danner,3.0
1989,benetton,65,Herbert,2.0
1989,williams,123,Boutsen,1.0
1989,ags,99,Tarquini,0.0
1989,dallara,110,de Cesaris,0.0
1989,tyrrell,156,Palmer,0.0
1989,ferrari,77,Berger,0.0
1989,dallara,133,Caffi,0.0
1989,team_lotus,137,Piquet,0.0
1989,onyx,140,Johansson,0.0
1989,minardi,159,Pérez-Sala,0.0
1989,mclaren,102,Senna,0.0
1989,brabham,84,Brundle,0.0
1989,brabham,131,Modena,0.0
1989,ferrari,95,Mansell,0.0
1989,minardi,94,Martini,0.0
1989,team_lotus,138,Nakajima,0.0
1989,march,122,Capelli,0.0
1989,march,127,Gugelmin,0.0
1989,tyrrell,105,Alboreto,0.0
1989,benetton,145,Nannini,0.0
1989,arrows,118,Warwick,0.0
1989,larrousse,112,Alliot,0.0
1989,ligier,129,Grouillard,0.0
1989,coloni,90,Moreno,0.0
1989,ligier,163,Arnoux,0.0
1989,larrousse,114,Dalmas,0.0
1989,osella,160,Ghinzani,0.0
1989,coloni,162,Raphanel,0.0
1989,eurobrun,148,Foitek,0.0
1989,osella,78,Larini,0.0
1989,ags,164,Winkelhock,0.0
1989,rial,161,Weidler,0.0
1989,zakspeed,88,Suzuki,0.0
1989,zakspeed,146,Schneider,0.0
1989,onyx,92,Gachot,0.0
1989,williams,123,Boutsen,9.0
1989,williams,119,Patrese,6.0
1989,dallara,110,de Cesaris,4.0
1989,team_lotus,137,Piquet,3.0
1989,ligier,163,Arnoux,2.0
1989,dallara,133,Caffi,1.0
1989,mclaren,102,Senna,0.0
1989,rial,157,Danner,0.0
1989,coloni,90,Moreno,0.0
1989,arrows,118,Warwick,0.0
1989,tyrrell,156,Palmer,0.0
1989,osella,78,Larini,0.0
1989,march,122,Capelli,0.0
1989,larrousse,112,Alliot,0.0
1989,onyx,140,Johansson,0.0
1989,minardi,159,Pérez-Sala,0.0
1989,march,127,Gugelmin,0.0
1989,ferrari,77,Berger,0.0
1989,ags,99,Tarquini,0.0
1989,arrows,158,Cheever,0.0
1989,mclaren,117,Prost,0.0
1989,ferrari,95,Mansell,0.0
1989,brabham,131,Modena,0.0
1989,minardi,94,Martini,0.0
1989,benetton,145,Nannini,0.0
1989,tyrrell,105,Alboreto,0.0
1989,team_lotus,138,Nakajima,0.0
1989,larrousse,114,Dalmas,0.0
1989,benetton,65,Herbert,0.0
1989,ligier,129,Grouillard,0.0
1989,brabham,84,Brundle,0.0
1989,onyx,92,Gachot,0.0
1989,eurobrun,148,Foitek,0.0
1989,osella,160,Ghinzani,0.0
1989,zakspeed,146,Schneider,0.0
1989,ags,164,Winkelhock,0.0
1989,rial,161,Weidler,0.0
1989,zakspeed,88,Suzuki,0.0
1989,coloni,162,Raphanel,0.0
1989,mclaren,117,Prost,9.0
1989,ferrari,95,Mansell,6.0
1989,williams,119,Patrese,4.0
1989,tyrrell,55,Alesi,3.0
1989,onyx,140,Johansson,2.0
1989,ligier,129,Grouillard,1.0
1989,arrows,158,Cheever,0.0
1989,team_lotus,137,Piquet,0.0
1989,benetton,139,Pirro,0.0
1989,tyrrell,156,Palmer,0.0
1989,larrousse,103,Bernard,0.0
1989,arrows,151,Donnelly,0.0
1989,onyx,92,Gachot,0.0
1989,march,127,Gugelmin,0.0
1989,brabham,131,Modena,0.0
1989,williams,123,Boutsen,0.0
1989,team_lotus,138,Nakajima,0.0
1989,march,122,Capelli,0.0
1989,benetton,145,Nannini,0.0
1989,minardi,94,Martini,0.0
1989,larrousse,112,Alliot,0.0
1989,ags,99,Tarquini,0.0
1989,ferrari,77,Berger,0.0
1989,dallara,133,Caffi,0.0
1989,ligier,163,Arnoux,0.0
1989,mclaren,102,Senna,0.0
1989,dallara,110,de Cesaris,0.0
1989,minardi,159,Pérez-Sala,0.0
1989,rial,157,Danner,0.0
1989,coloni,90,Moreno,0.0
1989,osella,78,Larini,0.0
1989,brabham,84,Brundle,0.0
1989,rial,161,Weidler,0.0
1989,zakspeed,146,Schneider,0.0
1989,osella,160,Ghinzani,0.0
1989,coloni,162,Raphanel,0.0
1989,zakspeed,88,Suzuki,0.0
1989,eurobrun,148,Foitek,0.0
1989,ags,164,Winkelhock,0.0
1989,mclaren,117,Prost,9.0
1989,ferrari,95,Mansell,6.0
1989,benetton,145,Nannini,4.0
1989,team_lotus,137,Piquet,3.0
1989,minardi,94,Martini,2.0
1989,minardi,159,Pérez-Sala,1.0
1989,ligier,129,Grouillard,0.0
1989,team_lotus,138,Nakajima,0.0
1989,arrows,118,Warwick,0.0
1989,williams,123,Boutsen,0.0
1989,benetton,139,Pirro,0.0
1989,onyx,92,Gachot,0.0
1989,march,127,Gugelmin,0.0
1989,brabham,84,Brundle,0.0
1989,ferrari,77,Berger,0.0
1989,larrousse,103,Bernard,0.0
1989,larrousse,112,Alliot,0.0
1989,tyrrell,156,Palmer,0.0
1989,brabham,131,Modena,0.0
1989,tyrrell,55,Alesi,0.0
1989,osella,78,Larini,0.0
1989,williams,119,Patrese,0.0
1989,march,122,Capelli,0.0
1989,dallara,110,de Cesaris,0.0
1989,mclaren,102,Senna,0.0
1989,coloni,90,Moreno,0.0
1989,ligier,163,Arnoux,0.0
1989,arrows,158,Cheever,0.0
1989,ags,99,Tarquini,0.0
1989,rial,157,Danner,0.0
1989,onyx,140,Johansson,0.0
1989,dallara,133,Caffi,0.0
1989,eurobrun,148,Foitek,0.0
1989,osella,160,Ghinzani,0.0
1989,ags,114,Dalmas,0.0
1989,zakspeed,146,Schneider,0.0
1989,coloni,162,Raphanel,0.0
1989,zakspeed,88,Suzuki,0.0
1989,rial,161,Weidler,0.0
1989,mclaren,102,Senna,9.0
1989,mclaren,117,Prost,6.0
1989,ferrari,95,Mansell,4.0
1989,williams,119,Patrese,3.0
1989,team_lotus,137,Piquet,2.0
1989,arrows,118,Warwick,1.0
1989,dallara,110,de Cesaris,0.0
1989,brabham,84,Brundle,0.0
1989,minardi,94,Martini,0.0
1989,tyrrell,55,Alesi,0.0
1989,ligier,163,Arnoux,0.0
1989,arrows,158,Cheever,0.0
1989,brabham,131,Modena,0.0
1989,team_lotus,138,Nakajima,0.0
1989,march,122,Capelli,0.0
1989,march,127,Gugelmin,0.0
1989,benetton,139,Pirro,0.0
1989,larrousse,112,Alliot,0.0
1989,tyrrell,156,Palmer,0.0
1989,ferrari,77,Berger,0.0
1989,onyx,140,Johansson,0.0
1989,benetton,145,Nannini,0.0
1989,williams,123,Boutsen,0.0
1989,dallara,133,Caffi,0.0
1989,larrousse,105,Alboreto,0.0
1989,ligier,129,Grouillard,0.0
1989,minardi,159,Pérez-Sala,0.0
1989,onyx,92,Gachot,0.0
1989,rial,157,Danner,0.0
1989,rial,161,Weidler,0.0
1989,ags,114,Dalmas,0.0
1989,osella,78,Larini,0.0
1989,ags,99,Tarquini,0.0
1989,osella,160,Ghinzani,0.0
1989,coloni,90,Moreno,0.0
1989,coloni,162,Raphanel,0.0
1989,eurobrun,148,Foitek,0.0
1989,zakspeed,88,Suzuki,0.0
1989,ferrari,95,Mansell,9.0
1989,mclaren,102,Senna,6.0
1989,williams,123,Boutsen,4.0
1989,mclaren,117,Prost,3.0
1989,arrows,158,Cheever,2.0
1989,team_lotus,137,Piquet,1.0
1989,dallara,133,Caffi,0.0
1989,benetton,139,Pirro,0.0
1989,tyrrell,55,Alesi,0.0
1989,arrows,118,Warwick,0.0
1989,brabham,131,Modena,0.0
1989,brabham,84,Brundle,0.0
1989,tyrrell,156,Palmer,0.0
1989,minardi,159,Pérez-Sala,0.0
1989,ferrari,77,Berger,0.0
1989,williams,119,Patrese,0.0
1989,onyx,140,Johansson,0.0
1989,benetton,145,Nannini,0.0
1989,onyx,92,Gachot,0.0
1989,team_lotus,138,Nakajima,0.0
1989,march,127,Gugelmin,0.0
1989,march,122,Capelli,0.0
1989,larrousse,105,Alboreto,0.0
1989,osella,160,Ghinzani,0.0
1989,minardi,94,Martini,0.0
1989,dallara,110,de Cesaris,0.0
1989,ligier,163,Arnoux,0.0
1989,ligier,129,Grouillard,0.0
1989,rial,157,Danner,0.0
1989,rial,161,Weidler,0.0
1989,osella,78,Larini,0.0
1989,larrousse,112,Alliot,0.0
1989,ags,114,Dalmas,0.0
1989,zakspeed,146,Schneider,0.0
1989,ags,99,Tarquini,0.0
1989,coloni,90,Moreno,0.0
1989,eurobrun,148,Foitek,0.0
1989,zakspeed,88,Suzuki,0.0
1989,coloni,162,Raphanel,0.0
1989,mclaren,102,Senna,9.0
1989,mclaren,117,Prost,6.0
1989,ferrari,95,Mansell,4.0
1989,williams,123,Boutsen,3.0
1989,benetton,145,Nannini,2.0
1989,arrows,118,Warwick,1.0
1989,march,127,Gugelmin,0.0
1989,onyx,140,Johansson,0.0
1989,minardi,94,Martini,0.0
1989,benetton,139,Pirro,0.0
1989,dallara,110,de Cesaris,0.0
1989,march,122,Capelli,0.0
1989,ligier,129,Grouillard,0.0
1989,tyrrell,156,Palmer,0.0
1989,minardi,159,Pérez-Sala,0.0
1989,larrousse,112,Alliot,0.0
1989,arrows,158,Cheever,0.0
1989,onyx,92,Gachot,0.0
1989,williams,119,Patrese,0.0
1989,larrousse,105,Alboreto,0.0
1989,dallara,133,Caffi,0.0
1989,brabham,84,Brundle,0.0
1989,ferrari,77,Berger,0.0
1989,brabham,131,Modena,0.0
1989,ligier,163,Arnoux,0.0
1989,tyrrell,65,Herbert,0.0
1989,team_lotus,138,Nakajima,0.0
1989,team_lotus,137,Piquet,0.0
1989,rial,157,Danner,0.0
1989,rial,162,Raphanel,0.0
1989,osella,78,Larini,0.0
1989,osella,160,Ghinzani,0.0
1989,coloni,90,Moreno,0.0
1989,ags,99,Tarquini,0.0
1989,zakspeed,146,Schneider,0.0
1989,zakspeed,88,Suzuki,0.0
1989,ags,114,Dalmas,0.0
1989,eurobrun,148,Foitek,0.0
1989,coloni,134,Bertaggia,0.0
1989,mclaren,117,Prost,9.0
1989,ferrari,77,Berger,6.0
1989,williams,123,Boutsen,4.0
1989,williams,119,Patrese,3.0
1989,tyrrell,55,Alesi,2.0
1989,brabham,84,Brundle,1.0
1989,minardi,94,Martini,0.0
1989,minardi,159,Pérez-Sala,0.0
1989,ligier,163,Arnoux,0.0
1989,team_lotus,138,Nakajima,0.0
1989,dallara,133,Caffi,0.0
1989,dallara,110,de Cesaris,0.0
1989,mclaren,102,Senna,0.0
1989,ferrari,95,Mansell,0.0
1989,onyx,92,Gachot,0.0
1989,benetton,145,Nannini,0.0
1989,march,122,Capelli,0.0
1989,ligier,129,Grouillard,0.0
1989,team_lotus,137,Piquet,0.0
1989,tyrrell,156,Palmer,0.0
1989,arrows,118,Warwick,0.0
1989,osella,78,Larini,0.0
1989,larrousse,105,Alboreto,0.0
1989,march,127,Gugelmin,0.0
1989,larrousse,112,Alliot,0.0
1989,benetton,139,Pirro,0.0
1989,brabham,131,Modena,0.0
1989,arrows,158,Cheever,0.0
1989,rial,157,Danner,0.0
1989,rial,162,Raphanel,0.0
1989,onyx,140,Johansson,0.0
1989,ags,99,Tarquini,0.0
1989,coloni,90,Moreno,0.0
1989,osella,160,Ghinzani,0.0
1989,zakspeed,146,Schneider,0.0
1989,zakspeed,88,Suzuki,0.0
1989,eurobrun,165,Larrauri,0.0
1989,ags,114,Dalmas,0.0
1989,coloni,134,Bertaggia,0.0
1989,ferrari,77,Berger,9.0
1989,mclaren,117,Prost,6.0
1989,onyx,140,Johansson,4.0
1989,benetton,145,Nannini,3.0
1989,minardi,94,Martini,2.0
1989,tyrrell,156,Palmer,1.0
1989,team_lotus,138,Nakajima,0.0
1989,brabham,84,Brundle,0.0
1989,larrousse,112,Alliot,0.0
1989,march,127,Gugelmin,0.0
1989,larrousse,105,Alboreto,0.0
1989,minardi,159,Pérez-Sala,0.0
1989,ligier,163,Arnoux,0.0
1989,brabham,131,Modena,0.0
1989,williams,119,Patrese,0.0
1989,williams,123,Boutsen,0.0
1989,mclaren,102,Senna,0.0
1989,ferrari,95,Mansell,0.0
1989,arrows,118,Warwick,0.0
1989,team_lotus,137,Piquet,0.0
1989,dallara,133,Caffi,0.0
1989,benetton,139,Pirro,0.0
1989,march,122,Capelli,0.0
1989,arrows,158,Cheever,0.0
1989,dallara,110,de Cesaris,0.0
1989,coloni,90,Moreno,0.0
1989,tyrrell,65,Herbert,0.0
1989,ligier,129,Grouillard,0.0
1989,rial,162,Raphanel,0.0
1989,rial,157,Danner,0.0
1989,ags,114,Dalmas,0.0
1989,onyx,109,Järvilehto,0.0
1989,osella,160,Ghinzani,0.0
1989,eurobrun,165,Larrauri,0.0
1989,ags,99,Tarquini,0.0
1989,osella,78,Larini,0.0
1989,zakspeed,88,Suzuki,0.0
1989,zakspeed,146,Schneider,0.0
1989,coloni,134,Bertaggia,0.0
1989,mclaren,102,Senna,9.0
1989,ferrari,77,Berger,6.0
1989,mclaren,117,Prost,4.0
1989,tyrrell,55,Alesi,3.0
1989,williams,119,Patrese,2.0
1989,larrousse,112,Alliot,1.0
1989,dallara,110,de Cesaris,0.0
1989,team_lotus,137,Piquet,0.0
1989,arrows,118,Warwick,0.0
1989,tyrrell,156,Palmer,0.0
1989,arrows,158,Cheever,0.0
1989,benetton,139,Pirro,0.0
1989,dallara,133,Caffi,0.0
1989,brabham,84,Brundle,0.0
1989,march,127,Gugelmin,0.0
1989,minardi,159,Pérez-Sala,0.0
1989,williams,123,Boutsen,0.0
1989,ligier,129,Grouillard,0.0
1989,minardi,94,Martini,0.0
1989,march,122,Capelli,0.0
1989,onyx,109,Järvilehto,0.0
1989,osella,160,Ghinzani,0.0
1989,benetton,145,Nannini,0.0
1989,brabham,131,Modena,0.0
1989,osella,78,Larini,0.0
1989,team_lotus,138,Nakajima,0.0
1989,ligier,163,Arnoux,0.0
1989,rial,162,Raphanel,0.0
1989,rial,148,Foitek,0.0
1989,ags,99,Tarquini,0.0
1989,onyx,140,Johansson,0.0
1989,coloni,90,Moreno,0.0
1989,larrousse,105,Alboreto,0.0
1989,zakspeed,88,Suzuki,0.0
1989,ags,114,Dalmas,0.0
1989,zakspeed,146,Schneider,0.0
1989,eurobrun,165,Larrauri,0.0
1989,coloni,134,Bertaggia,0.0
1989,benetton,145,Nannini,9.0
1989,williams,119,Patrese,6.0
1989,williams,123,Boutsen,4.0
1989,team_lotus,137,Piquet,3.0
1989,brabham,84,Brundle,2.0
1989,arrows,118,Warwick,1.0
1989,march,127,Gugelmin,0.0
1989,arrows,158,Cheever,0.0
1989,dallara,133,Caffi,0.0
1989,dallara,110,de Cesaris,0.0
1989,mclaren,102,Senna,0.0
1989,mclaren,117,Prost,0.0
1989,brabham,131,Modena,0.0
1989,ferrari,95,Mansell,0.0
1989,team_lotus,138,Nakajima,0.0
1989,tyrrell,55,Alesi,0.0
1989,larrousse,112,Alliot,0.0
1989,ferrari,77,Berger,0.0
1989,benetton,139,Pirro,0.0
1989,ligier,129,Grouillard,0.0
1989,march,122,Capelli,0.0
1989,osella,78,Larini,0.0
1989,tyrrell,156,Palmer,0.0
1989,zakspeed,146,Schneider,0.0
1989,minardi,159,Pérez-Sala,0.0
1989,minardi,147,Barilla,0.0
1989,ligier,163,Arnoux,0.0
1989,larrousse,105,Alboreto,0.0
1989,rial,162,Raphanel,0.0
1989,rial,92,Gachot,0.0
1989,osella,160,Ghinzani,0.0
1989,coloni,90,Moreno,0.0
1989,onyx,140,Johansson,0.0
1989,zakspeed,88,Suzuki,0.0
1989,eurobrun,165,Larrauri,0.0
1989,onyx,109,Järvilehto,0.0
1989,ags,99,Tarquini,0.0
1989,ags,114,Dalmas,0.0
1989,coloni,134,Bertaggia,0.0
1989,williams,123,Boutsen,9.0
1989,benetton,145,Nannini,6.0
1989,williams,119,Patrese,4.0
1989,team_lotus,138,Nakajima,3.0
1989,benetton,139,Pirro,2.0
1989,minardi,94,Martini,1.0
1989,march,127,Gugelmin,0.0
1989,brabham,131,Modena,0.0
1989,arrows,158,Cheever,0.0
1989,onyx,109,Järvilehto,0.0
1989,ligier,129,Grouillard,0.0
1989,team_lotus,137,Piquet,0.0
1989,osella,160,Ghinzani,0.0
1989,ferrari,95,Mansell,0.0
1989,mclaren,102,Senna,0.0
1989,dallara,133,Caffi,0.0
1989,march,122,Capelli,0.0
1989,dallara,110,de Cesaris,0.0
1989,brabham,84,Brundle,0.0
1989,arrows,118,Warwick,0.0
1989,larrousse,112,Alliot,0.0
1989,ferrari,77,Berger,0.0
1989,tyrrell,55,Alesi,0.0
1989,ligier,163,Arnoux,0.0
1989,mclaren,117,Prost,0.0
1989,osella,78,Larini,0.0
1989,tyrrell,156,Palmer,0.0
1989,minardi,159,Pérez-Sala,0.0
1989,rial,92,Gachot,0.0
1989,rial,162,Raphanel,0.0
1989,onyx,140,Johansson,0.0
1989,larrousse,105,Alboreto,0.0
1989,zakspeed,146,Schneider,0.0
1989,coloni,90,Moreno,0.0
1989,eurobrun,165,Larrauri,0.0
1989,zakspeed,88,Suzuki,0.0
1989,ags,114,Dalmas,0.0
1989,ags,99,Tarquini,0.0
1989,coloni,134,Bertaggia,0.0
1988,mclaren,117,Prost,9.0
1988,ferrari,77,Berger,6.0
1988,team_lotus,137,Piquet,4.0
1988,arrows,118,Warwick,3.0
1988,ferrari,105,Alboreto,2.0
1988,team_lotus,138,Nakajima,1.0
1988,benetton,123,Boutsen,0.0
1988,arrows,158,Cheever,0.0
1988,ligier,140,Johansson,0.0
1988,rial,110,de Cesaris,0.0
1988,tyrrell,156,Palmer,0.0
1988,minardi,159,Pérez-Sala,0.0
1988,larrousse,112,Alliot,0.0
1988,coloni,99,Tarquini,0.0
1988,ags,166,Streiff,0.0
1988,larrousse,114,Dalmas,0.0
1988,mclaren,102,Senna,0.0
1988,ligier,163,Arnoux,0.0
1988,eurobrun,131,Modena,0.0
1988,williams,95,Mansell,0.0
1988,benetton,145,Nannini,0.0
1988,williams,119,Patrese,0.0
1988,march,122,Capelli,0.0
1988,minardi,167,Campos,0.0
1988,march,127,Gugelmin,0.0
1988,eurobrun,165,Larrauri,0.0
1988,tyrrell,141,Bailey,0.0
1988,zakspeed,160,Ghinzani,0.0
1988,osella,78,Larini,0.0
1988,zakspeed,146,Schneider,0.0
1988,dallara,133,Caffi,0.0
1988,mclaren,102,Senna,9.0
1988,mclaren,117,Prost,6.0
1988,team_lotus,137,Piquet,4.0
1988,benetton,123,Boutsen,3.0
1988,ferrari,77,Berger,2.0
1988,benetton,145,Nannini,1.0
1988,arrows,158,Cheever,0.0
1988,team_lotus,138,Nakajima,0.0
1988,arrows,118,Warwick,0.0
1988,ags,166,Streiff,0.0
1988,minardi,159,Pérez-Sala,0.0
1988,larrousse,114,Dalmas,0.0
1988,williams,119,Patrese,0.0
1988,tyrrell,156,Palmer,0.0
1988,march,127,Gugelmin,0.0
1988,minardi,167,Campos,0.0
1988,larrousse,112,Alliot,0.0
1988,ferrari,105,Alboreto,0.0
1988,eurobrun,131,Modena,0.0
1988,tyrrell,141,Bailey,0.0
1988,williams,95,Mansell,0.0
1988,coloni,99,Tarquini,0.0
1988,dallara,133,Caffi,0.0
1988,zakspeed,160,Ghinzani,0.0
1988,march,122,Capelli,0.0
1988,rial,110,de Cesaris,0.0
1988,osella,78,Larini,0.0
1988,eurobrun,165,Larrauri,0.0
1988,ligier,140,Johansson,0.0
1988,ligier,163,Arnoux,0.0
1988,mclaren,117,Prost,9.0
1988,ferrari,77,Berger,6.0
1988,ferrari,105,Alboreto,4.0
1988,arrows,118,Warwick,3.0
1988,tyrrell,156,Palmer,2.0
1988,williams,119,Patrese,1.0
1988,larrousse,114,Dalmas,0.0
1988,benetton,123,Boutsen,0.0
1988,osella,78,Larini,0.0
1988,march,122,Capelli,0.0
1988,mclaren,102,Senna,0.0
1988,larrousse,112,Alliot,0.0
1988,march,127,Gugelmin,0.0
1988,zakspeed,160,Ghinzani,0.0
1988,benetton,145,Nannini,0.0
1988,minardi,159,Pérez-Sala,0.0
1988,williams,95,Mansell,0.0
1988,rial,110,de Cesaris,0.0
1988,ligier,163,Arnoux,0.0
1988,eurobrun,165,Larrauri,0.0
1988,arrows,158,Cheever,0.0
1988,ligier,140,Johansson,0.0
1988,coloni,99,Tarquini,0.0
1988,team_lotus,137,Piquet,0.0
1988,dallara,133,Caffi,0.0
1988,ags,166,Streiff,0.0
1988,team_lotus,138,Nakajima,0.0
1988,zakspeed,146,Schneider,0.0
1988,minardi,167,Campos,0.0
1988,tyrrell,141,Bailey,0.0
1988,eurobrun,131,Modena,0.0
1988,mclaren,117,Prost,9.0
1988,mclaren,102,Senna,6.0
1988,ferrari,77,Berger,4.0
1988,ferrari,105,Alboreto,3.0
1988,arrows,118,Warwick,2.0
1988,arrows,158,Cheever,1.0
1988,benetton,145,Nannini,0.0
1988,benetton,123,Boutsen,0.0
1988,larrousse,114,Dalmas,0.0
1988,ligier,140,Johansson,0.0
1988,minardi,159,Pérez-Sala,0.0
1988,ags,166,Streiff,0.0
1988,eurobrun,165,Larrauri,0.0
1988,coloni,99,Tarquini,0.0
1988,zakspeed,160,Ghinzani,0.0
1988,march,122,Capelli,0.0
1988,team_lotus,137,Piquet,0.0
1988,rial,110,de Cesaris,0.0
1988,team_lotus,138,Nakajima,0.0
1988,williams,95,Mansell,0.0
1988,zakspeed,146,Schneider,0.0
1988,williams,119,Patrese,0.0
1988,ligier,163,Arnoux,0.0
1988,dallara,133,Caffi,0.0
1988,march,127,Gugelmin,0.0
1988,larrousse,112,Alliot,0.0
1988,minardi,167,Campos,0.0
1988,tyrrell,156,Palmer,0.0
1988,osella,78,Larini,0.0
1988,tyrrell,141,Bailey,0.0
1988,eurobrun,131,Modena,0.0
1988,mclaren,102,Senna,9.0
1988,mclaren,117,Prost,6.0
1988,benetton,123,Boutsen,4.0
1988,team_lotus,137,Piquet,3.0
1988,march,122,Capelli,2.0
1988,tyrrell,156,Palmer,1.0
1988,arrows,118,Warwick,0.0
1988,coloni,99,Tarquini,0.0
1988,rial,110,de Cesaris,0.0
1988,larrousse,112,Alliot,0.0
1988,team_lotus,138,Nakajima,0.0
1988,eurobrun,131,Modena,0.0
1988,minardi,159,Pérez-Sala,0.0
1988,zakspeed,160,Ghinzani,0.0
1988,march,127,Gugelmin,0.0
1988,ags,166,Streiff,0.0
1988,ligier,163,Arnoux,0.0
1988,ferrari,105,Alboreto,0.0
1988,williams,119,Patrese,0.0
1988,arrows,158,Cheever,0.0
1988,williams,95,Mansell,0.0
1988,ligier,140,Johansson,0.0
1988,ferrari,77,Berger,0.0
1988,benetton,145,Nannini,0.0
1988,eurobrun,165,Larrauri,0.0
1988,tyrrell,141,Bailey,0.0
1988,minardi,167,Campos,0.0
1988,osella,78,Larini,0.0
1988,larrousse,114,Dalmas,0.0
1988,zakspeed,146,Schneider,0.0
1988,dallara,133,Caffi,0.0
1988,mclaren,102,Senna,9.0
1988,mclaren,117,Prost,6.0
1988,benetton,123,Boutsen,4.0
1988,rial,110,de Cesaris,3.0
1988,tyrrell,156,Palmer,2.0
1988,minardi,94,Martini,1.0
1988,larrousse,114,Dalmas,0.0
1988,dallara,133,Caffi,0.0
1988,tyrrell,141,Bailey,0.0
1988,minardi,159,Pérez-Sala,0.0
1988,larrousse,112,Alliot,0.0
1988,eurobrun,131,Modena,0.0
1988,ferrari,105,Alboreto,0.0
1988,ligier,163,Arnoux,0.0
1988,march,127,Gugelmin,0.0
1988,williams,119,Patrese,0.0
1988,team_lotus,137,Piquet,0.0
1988,eurobrun,165,Larrauri,0.0
1988,arrows,118,Warwick,0.0
1988,williams,95,Mansell,0.0
1988,ags,166,Streiff,0.0
1988,benetton,145,Nannini,0.0
1988,arrows,158,Cheever,0.0
1988,osella,78,Larini,0.0
1988,ferrari,77,Berger,0.0
1988,ligier,140,Johansson,0.0
1988,march,122,Capelli,0.0
1988,team_lotus,138,Nakajima,0.0
1988,zakspeed,146,Schneider,0.0
1988,zakspeed,160,Ghinzani,0.0
1988,coloni,99,Tarquini,0.0
1988,mclaren,117,Prost,9.0
1988,mclaren,102,Senna,6.0
1988,ferrari,105,Alboreto,4.0
1988,ferrari,77,Berger,3.0
1988,team_lotus,137,Piquet,2.0
1988,benetton,145,Nannini,1.0
1988,team_lotus,138,Nakajima,0.0
1988,march,127,Gugelmin,0.0
1988,march,122,Capelli,0.0
1988,rial,110,de Cesaris,0.0
1988,arrows,158,Cheever,0.0
1988,dallara,133,Caffi,0.0
1988,larrousse,114,Dalmas,0.0
1988,eurobrun,131,Modena,0.0
1988,minardi,94,Martini,0.0
1988,minardi,159,Pérez-Sala,0.0
1988,eurobrun,165,Larrauri,0.0
1988,osella,78,Larini,0.0
1988,zakspeed,146,Schneider,0.0
1988,williams,95,Mansell,0.0
1988,larrousse,112,Alliot,0.0
1988,tyrrell,156,Palmer,0.0
1988,williams,119,Patrese,0.0
1988,benetton,123,Boutsen,0.0
1988,ags,166,Streiff,0.0
1988,arrows,118,Warwick,0.0
1988,ligier,163,Arnoux,0.0
1988,tyrrell,141,Bailey,0.0
1988,ligier,140,Johansson,0.0
1988,coloni,99,Tarquini,0.0
1988,zakspeed,160,Ghinzani,0.0
1988,mclaren,102,Senna,9.0
1988,williams,95,Mansell,6.0
1988,benetton,145,Nannini,4.0
1988,march,127,Gugelmin,3.0
1988,team_lotus,137,Piquet,2.0
1988,arrows,118,Warwick,1.0
1988,arrows,158,Cheever,0.0
1988,williams,119,Patrese,0.0
1988,ferrari,77,Berger,0.0
1988,team_lotus,138,Nakajima,0.0
1988,dallara,133,Caffi,0.0
1988,eurobrun,131,Modena,0.0
1988,larrousse,114,Dalmas,0.0
1988,larrousse,112,Alliot,0.0
1988,minardi,94,Martini,0.0
1988,tyrrell,141,Bailey,0.0
1988,ferrari,105,Alboreto,0.0
1988,ligier,163,Arnoux,0.0
1988,osella,78,Larini,0.0
1988,benetton,123,Boutsen,0.0
1988,march,122,Capelli,0.0
1988,mclaren,117,Prost,0.0
1988,tyrrell,156,Palmer,0.0
1988,rial,110,de Cesaris,0.0
1988,ags,166,Streiff,0.0
1988,minardi,159,Pérez-Sala,0.0
1988,eurobrun,165,Larrauri,0.0
1988,zakspeed,160,Ghinzani,0.0
1988,ligier,140,Johansson,0.0
1988,zakspeed,146,Schneider,0.0
1988,coloni,99,Tarquini,0.0
1988,mclaren,102,Senna,9.0
1988,mclaren,117,Prost,6.0
1988,ferrari,77,Berger,4.0
1988,ferrari,105,Alboreto,3.0
1988,march,122,Capelli,2.0
1988,benetton,123,Boutsen,1.0
1988,arrows,118,Warwick,0.0
1988,march,127,Gugelmin,0.0
1988,team_lotus,138,Nakajima,0.0
1988,arrows,158,Cheever,0.0
1988,tyrrell,156,Palmer,0.0
1988,zakspeed,146,Schneider,0.0
1988,rial,110,de Cesaris,0.0
1988,zakspeed,160,Ghinzani,0.0
1988,dallara,133,Caffi,0.0
1988,eurobrun,165,Larrauri,0.0
1988,ligier,163,Arnoux,0.0
1988,benetton,145,Nannini,0.0
1988,larrousse,114,Dalmas,0.0
1988,ags,166,Streiff,0.0
1988,williams,119,Patrese,0.0
1988,osella,78,Larini,0.0
1988,williams,95,Mansell,0.0
1988,eurobrun,131,Modena,0.0
1988,larrousse,112,Alliot,0.0
1988,team_lotus,137,Piquet,0.0
1988,minardi,159,Pérez-Sala,0.0
1988,ligier,140,Johansson,0.0
1988,tyrrell,141,Bailey,0.0
1988,minardi,94,Martini,0.0
1988,coloni,99,Tarquini,0.0
1988,mclaren,102,Senna,9.0
1988,mclaren,117,Prost,6.0
1988,benetton,123,Boutsen,4.0
1988,ferrari,77,Berger,3.0
1988,march,127,Gugelmin,2.0
1988,williams,119,Patrese,1.0
1988,team_lotus,138,Nakajima,0.0
1988,team_lotus,137,Piquet,0.0
1988,larrousse,114,Dalmas,0.0
1988,minardi,159,Pérez-Sala,0.0
1988,eurobrun,131,Modena,0.0
1988,larrousse,112,Alliot,0.0
1988,coloni,99,Tarquini,0.0
1988,arrows,118,Warwick,0.0
1988,williams,95,Mansell,0.0
1988,arrows,158,Cheever,0.0
1988,ferrari,105,Alboreto,0.0
1988,ligier,163,Arnoux,0.0
1988,rial,110,de Cesaris,0.0
1988,benetton,145,Nannini,0.0
1988,dallara,133,Caffi,0.0
1988,ligier,140,Johansson,0.0
1988,minardi,94,Martini,0.0
1988,ags,166,Streiff,0.0
1988,march,122,Capelli,0.0
1988,tyrrell,156,Palmer,0.0
1988,eurobrun,165,Larrauri,0.0
1988,zakspeed,146,Schneider,0.0
1988,tyrrell,141,Bailey,0.0
1988,zakspeed,160,Ghinzani,0.0
1988,osella,78,Larini,0.0
1988,mclaren,102,Senna,9.0
1988,mclaren,117,Prost,6.0
1988,march,122,Capelli,4.0
1988,team_lotus,137,Piquet,3.0
1988,arrows,118,Warwick,2.0
1988,arrows,158,Cheever,1.0
1988,williams,84,Brundle,0.0
1988,dallara,133,Caffi,0.0
1988,larrousse,112,Alliot,0.0
1988,ags,166,Streiff,0.0
1988,ligier,140,Johansson,0.0
1988,tyrrell,156,Palmer,0.0
1988,zakspeed,146,Schneider,0.0
1988,benetton,123,Boutsen,0.0
1988,benetton,145,Nannini,0.0
1988,coloni,99,Tarquini,0.0
1988,ferrari,105,Alboreto,0.0
1988,williams,119,Patrese,0.0
1988,march,127,Gugelmin,0.0
1988,zakspeed,160,Ghinzani,0.0
1988,team_lotus,138,Nakajima,0.0
1988,osella,78,Larini,0.0
1988,ferrari,77,Berger,0.0
1988,larrousse,114,Dalmas,0.0
1988,rial,110,de Cesaris,0.0
1988,ligier,163,Arnoux,0.0
1988,minardi,159,Pérez-Sala,0.0
1988,minardi,94,Martini,0.0
1988,eurobrun,131,Modena,0.0
1988,tyrrell,141,Bailey,0.0
1988,eurobrun,165,Larrauri,0.0
1988,ferrari,77,Berger,9.0
1988,ferrari,105,Alboreto,6.0
1988,arrows,158,Cheever,4.0
1988,arrows,118,Warwick,3.0
1988,march,122,Capelli,2.0
1988,benetton,123,Boutsen,1.0
1988,williams,119,Patrese,0.0
1988,march,127,Gugelmin,0.0
1988,benetton,145,Nannini,0.0
1988,mclaren,102,Senna,0.0
1988,williams,168,Schlesser,0.0
1988,tyrrell,141,Bailey,0.0
1988,ligier,163,Arnoux,0.0
1988,mclaren,117,Prost,0.0
1988,larrousse,112,Alliot,0.0
1988,ags,166,Streiff,0.0
1988,zakspeed,146,Schneider,0.0
1988,rial,110,de Cesaris,0.0
1988,zakspeed,160,Ghinzani,0.0
1988,dallara,133,Caffi,0.0
1988,larrousse,114,Dalmas,0.0
1988,minardi,94,Martini,0.0
1988,team_lotus,138,Nakajima,0.0
1988,minardi,159,Pérez-Sala,0.0
1988,team_lotus,137,Piquet,0.0
1988,osella,78,Larini,0.0
1988,tyrrell,156,Palmer,0.0
1988,ligier,140,Johansson,0.0
1988,coloni,99,Tarquini,0.0
1988,eurobrun,131,Modena,0.0
1988,eurobrun,165,Larrauri,0.0
1988,mclaren,117,Prost,9.0
1988,march,122,Capelli,6.0
1988,benetton,123,Boutsen,4.0
1988,arrows,118,Warwick,3.0
1988,ferrari,105,Alboreto,2.0
1988,mclaren,102,Senna,1.0
1988,dallara,133,Caffi,0.0
1988,minardi,159,Pérez-Sala,0.0
1988,ags,166,Streiff,0.0
1988,ligier,163,Arnoux,0.0
1988,coloni,99,Tarquini,0.0
1988,osella,78,Larini,0.0
1988,march,127,Gugelmin,0.0
1988,williams,95,Mansell,0.0
1988,tyrrell,156,Palmer,0.0
1988,benetton,145,Nannini,0.0
1988,ferrari,77,Berger,0.0
1988,team_lotus,137,Piquet,0.0
1988,williams,119,Patrese,0.0
1988,minardi,94,Martini,0.0
1988,larrousse,114,Dalmas,0.0
1988,team_lotus,138,Nakajima,0.0
1988,rial,110,de Cesaris,0.0
1988,arrows,158,Cheever,0.0
1988,larrousse,112,Alliot,0.0
1988,ligier,140,Johansson,0.0
1988,tyrrell,141,Bailey,0.0
1988,zakspeed,160,Ghinzani,0.0
1988,eurobrun,131,Modena,0.0
1988,zakspeed,146,Schneider,0.0
1988,eurobrun,165,Larrauri,0.0
1988,mclaren,117,Prost,9.0
1988,williams,95,Mansell,6.0
1988,benetton,145,Nannini,4.0
1988,mclaren,102,Senna,3.0
1988,williams,119,Patrese,2.0
1988,ferrari,77,Berger,1.0
1988,march,127,Gugelmin,0.0
1988,team_lotus,137,Piquet,0.0
1988,benetton,123,Boutsen,0.0
1988,dallara,133,Caffi,0.0
1988,larrousse,114,Dalmas,0.0
1988,minardi,159,Pérez-Sala,0.0
1988,eurobrun,131,Modena,0.0
1988,larrousse,112,Alliot,0.0
1988,ligier,140,Johansson,0.0
1988,arrows,158,Cheever,0.0
1988,march,122,Capelli,0.0
1988,arrows,118,Warwick,0.0
1988,rial,110,de Cesaris,0.0
1988,ags,166,Streiff,0.0
1988,ferrari,105,Alboreto,0.0
1988,minardi,94,Martini,0.0
1988,team_lotus,138,Nakajima,0.0
1988,osella,78,Larini,0.0
1988,tyrrell,156,Palmer,0.0
1988,ligier,163,Arnoux,0.0
1988,zakspeed,146,Schneider,0.0
1988,eurobrun,165,Larrauri,0.0
1988,tyrrell,141,Bailey,0.0
1988,zakspeed,160,Ghinzani,0.0
1988,coloni,99,Tarquini,0.0
1988,mclaren,102,Senna,9.0
1988,mclaren,117,Prost,6.0
1988,benetton,123,Boutsen,4.0
1988,ferrari,77,Berger,3.0
1988,benetton,145,Nannini,2.0
1988,williams,119,Patrese,1.0
1988,team_lotus,138,Nakajima,0.0
1988,ags,166,Streiff,0.0
1988,larrousse,112,Alliot,0.0
1988,march,127,Gugelmin,0.0
1988,ferrari,105,Alboreto,0.0
1988,tyrrell,156,Palmer,0.0
1988,minardi,94,Martini,0.0
1988,tyrrell,141,Bailey,0.0
1988,minardi,159,Pérez-Sala,0.0
1988,larrousse,88,Suzuki,0.0
1988,ligier,163,Arnoux,0.0
1988,rial,110,de Cesaris,0.0
1988,arrows,158,Cheever,0.0
1988,osella,78,Larini,0.0
1988,team_lotus,137,Piquet,0.0
1988,williams,95,Mansell,0.0
1988,dallara,133,Caffi,0.0
1988,march,122,Capelli,0.0
1988,arrows,118,Warwick,0.0
1988,zakspeed,146,Schneider,0.0
1988,ligier,140,Johansson,0.0
1988,eurobrun,165,Larrauri,0.0
1988,zakspeed,160,Ghinzani,0.0
1988,eurobrun,131,Modena,0.0
1988,coloni,99,Tarquini,0.0
1988,mclaren,117,Prost,9.0
1988,mclaren,102,Senna,6.0
1988,team_lotus,137,Piquet,4.0
1988,williams,119,Patrese,3.0
1988,benetton,123,Boutsen,2.0
1988,march,122,Capelli,1.0
1988,minardi,94,Martini,0.0
1988,rial,110,de Cesaris,0.0
1988,ligier,140,Johansson,0.0
1988,larrousse,112,Alliot,0.0
1988,ags,166,Streiff,0.0
1988,zakspeed,160,Ghinzani,0.0
1988,williams,95,Mansell,0.0
1988,benetton,145,Nannini,0.0
1988,eurobrun,131,Modena,0.0
1988,arrows,118,Warwick,0.0
1988,arrows,158,Cheever,0.0
1988,march,127,Gugelmin,0.0
1988,team_lotus,138,Nakajima,0.0
1988,minardi,159,Pérez-Sala,0.0
1988,dallara,133,Caffi,0.0
1988,ferrari,77,Berger,0.0
1988,ligier,163,Arnoux,0.0
1988,tyrrell,156,Palmer,0.0
1988,eurobrun,165,Larrauri,0.0
1988,ferrari,105,Alboreto,0.0
1988,coloni,99,Tarquini,0.0
1988,tyrrell,141,Bailey,0.0
1988,larrousse,162,Raphanel,0.0
1988,zakspeed,146,Schneider,0.0
1988,osella,78,Larini,0.0
1987,mclaren,117,Prost,9.0
1987,williams,137,Piquet,6.0
1987,mclaren,140,Johansson,4.0
1987,ferrari,77,Berger,3.0
1987,benetton,123,Boutsen,2.0
1987,williams,95,Mansell,1.0
1987,team_lotus,138,Nakajima,0.0
1987,ferrari,105,Alboreto,0.0
1987,zakspeed,157,Danner,0.0
1987,tyrrell,156,Palmer,0.0
1987,tyrrell,166,Streiff,0.0
1987,ags,169,Fabre,0.0
1987,arrows,158,Cheever,0.0
1987,team_lotus,102,Senna,0.0
1987,brabham,119,Patrese,0.0
1987,brabham,110,de Cesaris,0.0
1987,arrows,118,Warwick,0.0
1987,osella,133,Caffi,0.0
1987,minardi,145,Nannini,0.0
1987,zakspeed,84,Brundle,0.0
1987,benetton,170,Fabi,0.0
1987,minardi,167,Campos,0.0
1987,march,122,Capelli,0.0
1987,williams,95,Mansell,9.0
1987,team_lotus,102,Senna,6.0
1987,ferrari,105,Alboreto,4.0
1987,mclaren,140,Johansson,3.0
1987,zakspeed,84,Brundle,2.0
1987,team_lotus,138,Nakajima,1.0
1987,zakspeed,157,Danner,0.0
1987,tyrrell,166,Streiff,0.0
1987,brabham,119,Patrese,0.0
1987,larrousse,112,Alliot,0.0
1987,arrows,118,Warwick,0.0
1987,osella,133,Caffi,0.0
1987,ags,169,Fabre,0.0
1987,benetton,170,Fabi,0.0
1987,benetton,123,Boutsen,0.0
1987,arrows,158,Cheever,0.0
1987,tyrrell,156,Palmer,0.0
1987,brabham,110,de Cesaris,0.0
1987,minardi,167,Campos,0.0
1987,osella,99,Tarquini,0.0
1987,minardi,145,Nannini,0.0
1987,march,122,Capelli,0.0
1987,ferrari,77,Berger,0.0
1987,mclaren,117,Prost,0.0
1987,ligier,160,Ghinzani,0.0
1987,williams,137,Piquet,0.0
1987,ligier,163,Arnoux,0.0
1987,mclaren,117,Prost,9.0
1987,mclaren,140,Johansson,6.0
1987,brabham,110,de Cesaris,4.0
1987,arrows,158,Cheever,3.0
1987,team_lotus,138,Nakajima,2.0
1987,ligier,163,Arnoux,1.0
1987,ligier,160,Ghinzani,0.0
1987,larrousse,112,Alliot,0.0
1987,tyrrell,166,Streiff,0.0
1987,ags,169,Fabre,0.0
1987,benetton,170,Fabi,0.0
1987,zakspeed,84,Brundle,0.0
1987,benetton,123,Boutsen,0.0
1987,williams,95,Mansell,0.0
1987,team_lotus,102,Senna,0.0
1987,march,122,Capelli,0.0
1987,williams,137,Piquet,0.0
1987,osella,133,Caffi,0.0
1987,ferrari,105,Alboreto,0.0
1987,zakspeed,157,Danner,0.0
1987,arrows,118,Warwick,0.0
1987,brabham,119,Patrese,0.0
1987,ferrari,77,Berger,0.0
1987,minardi,145,Nannini,0.0
1987,minardi,167,Campos,0.0
1987,tyrrell,156,Palmer,0.0
1987,team_lotus,102,Senna,9.0
1987,williams,137,Piquet,6.0
1987,ferrari,105,Alboreto,4.0
1987,ferrari,77,Berger,3.0
1987,tyrrell,156,Palmer,2.0
1987,march,122,Capelli,1.0
1987,zakspeed,84,Brundle,0.0
1987,benetton,170,Fabi,0.0
1987,mclaren,117,Prost,0.0
1987,team_lotus,138,Nakajima,0.0
1987,ligier,163,Arnoux,0.0
1987,ligier,160,Ghinzani,0.0
1987,ags,169,Fabre,0.0
1987,arrows,158,Cheever,0.0
1987,arrows,118,Warwick,0.0
1987,mclaren,140,Johansson,0.0
1987,larrousse,112,Alliot,0.0
1987,brabham,119,Patrese,0.0
1987,osella,133,Caffi,0.0
1987,brabham,110,de Cesaris,0.0
1987,williams,95,Mansell,0.0
1987,minardi,145,Nannini,0.0
1987,tyrrell,166,Streiff,0.0
1987,benetton,123,Boutsen,0.0
1987,minardi,167,Campos,0.0
1987,zakspeed,157,Danner,0.0
1987,team_lotus,102,Senna,9.0
1987,williams,137,Piquet,6.0
1987,mclaren,117,Prost,4.0
1987,ferrari,77,Berger,3.0
1987,williams,95,Mansell,2.0
1987,arrows,158,Cheever,1.0
1987,mclaren,140,Johansson,0.0
1987,zakspeed,157,Danner,0.0
1987,brabham,119,Patrese,0.0
1987,ligier,163,Arnoux,0.0
1987,tyrrell,156,Palmer,0.0
1987,ags,169,Fabre,0.0
1987,benetton,123,Boutsen,0.0
1987,ligier,160,Ghinzani,0.0
1987,tyrrell,166,Streiff,0.0
1987,larrousse,112,Alliot,0.0
1987,ferrari,105,Alboreto,0.0
1987,minardi,145,Nannini,0.0
1987,zakspeed,84,Brundle,0.0
1987,arrows,118,Warwick,0.0
1987,march,122,Capelli,0.0
1987,benetton,170,Fabi,0.0
1987,osella,133,Caffi,0.0
1987,brabham,110,de Cesaris,0.0
1987,minardi,167,Campos,0.0
1987,team_lotus,138,Nakajima,0.0
1987,williams,95,Mansell,9.0
1987,williams,137,Piquet,6.0
1987,mclaren,117,Prost,4.0
1987,team_lotus,102,Senna,3.0
1987,benetton,170,Fabi,2.0
1987,tyrrell,166,Streiff,1.0
1987,tyrrell,156,Palmer,0.0
1987,mclaren,140,Johansson,0.0
1987,ags,169,Fabre,0.0
1987,ferrari,77,Berger,0.0
1987,team_lotus,138,Nakajima,0.0
1987,ferrari,105,Alboreto,0.0
1987,arrows,118,Warwick,0.0
1987,larrousse,112,Alliot,0.0
1987,march,122,Capelli,0.0
1987,minardi,167,Campos,0.0
1987,ligier,163,Arnoux,0.0
1987,benetton,123,Boutsen,0.0
1987,zakspeed,157,Danner,0.0
1987,ligier,160,Ghinzani,0.0
1987,minardi,145,Nannini,0.0
1987,brabham,119,Patrese,0.0
1987,zakspeed,84,Brundle,0.0
1987,osella,133,Caffi,0.0
1987,brabham,110,de Cesaris,0.0
1987,arrows,158,Cheever,0.0
1987,williams,95,Mansell,9.0
1987,williams,137,Piquet,6.0
1987,team_lotus,102,Senna,4.0
1987,team_lotus,138,Nakajima,3.0
1987,arrows,118,Warwick,2.0
1987,benetton,170,Fabi,1.0
1987,benetton,123,Boutsen,0.0
1987,tyrrell,156,Palmer,0.0
1987,ags,169,Fabre,0.0
1987,tyrrell,166,Streiff,0.0
1987,zakspeed,84,Brundle,0.0
1987,mclaren,117,Prost,0.0
1987,ferrari,105,Alboreto,0.0
1987,arrows,158,Cheever,0.0
1987,minardi,167,Campos,0.0
1987,osella,133,Caffi,0.0
1987,zakspeed,157,Danner,0.0
1987,brabham,119,Patrese,0.0
1987,mclaren,140,Johansson,0.0
1987,minardi,145,Nannini,0.0
1987,brabham,110,de Cesaris,0.0
1987,ferrari,77,Berger,0.0
1987,larrousse,112,Alliot,0.0
1987,ligier,163,Arnoux,0.0
1987,march,122,Capelli,0.0
1987,ligier,160,Ghinzani,0.0
1987,williams,137,Piquet,9.0
1987,mclaren,140,Johansson,6.0
1987,team_lotus,102,Senna,4.0
1987,tyrrell,166,Streiff,3.0
1987,tyrrell,156,Palmer,2.0
1987,larrousse,112,Alliot,1.0
1987,mclaren,117,Prost,0.0
1987,zakspeed,84,Brundle,0.0
1987,ligier,160,Ghinzani,0.0
1987,minardi,167,Campos,0.0
1987,benetton,123,Boutsen,0.0
1987,williams,95,Mansell,0.0
1987,minardi,145,Nannini,0.0
1987,arrows,118,Warwick,0.0
1987,zakspeed,157,Danner,0.0
1987,ferrari,77,Berger,0.0
1987,benetton,170,Fabi,0.0
1987,osella,133,Caffi,0.0
1987,brabham,110,de Cesaris,0.0
1987,ferrari,105,Alboreto,0.0
1987,ags,169,Fabre,0.0
1987,arrows,158,Cheever,0.0
1987,team_lotus,138,Nakajima,0.0
1987,march,122,Capelli,0.0
1987,ligier,163,Arnoux,0.0
1987,brabham,119,Patrese,0.0
1987,williams,137,Piquet,9.0
1987,team_lotus,102,Senna,6.0
1987,mclaren,117,Prost,4.0
1987,benetton,123,Boutsen,3.0
1987,brabham,119,Patrese,2.0
1987,arrows,118,Warwick,1.0
1987,tyrrell,156,Palmer,0.0
1987,arrows,158,Cheever,0.0
1987,tyrrell,166,Streiff,0.0
1987,march,122,Capelli,0.0
1987,minardi,145,Nannini,0.0
1987,ligier,160,Ghinzani,0.0
1987,ags,169,Fabre,0.0
1987,williams,95,Mansell,0.0
1987,osella,133,Caffi,0.0
1987,ligier,163,Arnoux,0.0
1987,larrousse,112,Alliot,0.0
1987,zakspeed,84,Brundle,0.0
1987,ferrari,105,Alboreto,0.0
1987,brabham,110,de Cesaris,0.0
1987,mclaren,140,Johansson,0.0
1987,benetton,170,Fabi,0.0
1987,minardi,167,Campos,0.0
1987,ferrari,77,Berger,0.0
1987,zakspeed,157,Danner,0.0
1987,team_lotus,138,Nakajima,0.0
1987,williams,95,Mansell,9.0
1987,williams,137,Piquet,6.0
1987,benetton,170,Fabi,4.0
1987,benetton,123,Boutsen,3.0
1987,team_lotus,102,Senna,2.0
1987,mclaren,117,Prost,1.0
1987,mclaren,140,Johansson,0.0
1987,ligier,160,Ghinzani,0.0
1987,zakspeed,157,Danner,0.0
1987,ligier,163,Arnoux,0.0
1987,march,122,Capelli,0.0
1987,larrousse,112,Alliot,0.0
1987,team_lotus,138,Nakajima,0.0
1987,tyrrell,156,Palmer,0.0
1987,zakspeed,84,Brundle,0.0
1987,ags,169,Fabre,0.0
1987,brabham,119,Patrese,0.0
1987,ferrari,105,Alboreto,0.0
1987,brabham,110,de Cesaris,0.0
1987,arrows,118,Warwick,0.0
1987,arrows,158,Cheever,0.0
1987,ferrari,77,Berger,0.0
1987,minardi,167,Campos,0.0
1987,minardi,145,Nannini,0.0
1987,osella,133,Caffi,0.0
1987,tyrrell,166,Streiff,0.0
1987,williams,137,Piquet,9.0
1987,team_lotus,102,Senna,6.0
1987,williams,95,Mansell,4.0
1987,ferrari,77,Berger,3.0
1987,benetton,123,Boutsen,2.0
1987,mclaren,140,Johansson,1.0
1987,benetton,170,Fabi,0.0
1987,ligier,160,Ghinzani,0.0
1987,zakspeed,157,Danner,0.0
1987,ligier,163,Arnoux,0.0
1987,team_lotus,138,Nakajima,0.0
1987,tyrrell,166,Streiff,0.0
1987,march,122,Capelli,0.0
1987,tyrrell,156,Palmer,0.0
1987,mclaren,117,Prost,0.0
1987,minardi,145,Nannini,0.0
1987,zakspeed,84,Brundle,0.0
1987,larrousse,112,Alliot,0.0
1987,minardi,167,Campos,0.0
1987,arrows,158,Cheever,0.0
1987,osella,171,Forini,0.0
1987,osella,133,Caffi,0.0
1987,ferrari,105,Alboreto,0.0
1987,arrows,118,Warwick,0.0
1987,brabham,110,de Cesaris,0.0
1987,brabham,119,Patrese,0.0
1987,coloni,78,Larini,0.0
1987,ags,169,Fabre,0.0
1987,mclaren,117,Prost,9.0
1987,ferrari,77,Berger,6.0
1987,williams,137,Piquet,4.0
1987,benetton,170,Fabi,3.0
1987,mclaren,140,Johansson,2.0
1987,arrows,158,Cheever,1.0
1987,team_lotus,102,Senna,0.0
1987,team_lotus,138,Nakajima,0.0
1987,march,122,Capelli,0.0
1987,tyrrell,156,Palmer,0.0
1987,minardi,145,Nannini,0.0
1987,tyrrell,166,Streiff,0.0
1987,arrows,118,Warwick,0.0
1987,benetton,123,Boutsen,0.0
1987,brabham,110,de Cesaris,0.0
1987,ferrari,105,Alboreto,0.0
1987,zakspeed,84,Brundle,0.0
1987,osella,171,Forini,0.0
1987,larrousse,112,Alliot,0.0
1987,ligier,163,Arnoux,0.0
1987,osella,133,Caffi,0.0
1987,ligier,160,Ghinzani,0.0
1987,minardi,167,Campos,0.0
1987,williams,95,Mansell,0.0
1987,brabham,119,Patrese,0.0
1987,zakspeed,157,Danner,0.0
1987,williams,95,Mansell,9.0
1987,mclaren,117,Prost,6.0
1987,mclaren,140,Johansson,4.0
1987,williams,137,Piquet,3.0
1987,team_lotus,102,Senna,2.0
1987,larrousse,112,Alliot,1.0
1987,tyrrell,166,Streiff,0.0
1987,arrows,158,Cheever,0.0
1987,team_lotus,138,Nakajima,0.0
1987,arrows,118,Warwick,0.0
1987,zakspeed,84,Brundle,0.0
1987,march,122,Capelli,0.0
1987,brabham,119,Patrese,0.0
1987,minardi,167,Campos,0.0
1987,ferrari,105,Alboreto,0.0
1987,benetton,123,Boutsen,0.0
1987,ferrari,77,Berger,0.0
1987,tyrrell,156,Palmer,0.0
1987,ligier,163,Arnoux,0.0
1987,zakspeed,157,Danner,0.0
1987,minardi,145,Nannini,0.0
1987,benetton,170,Fabi,0.0
1987,brabham,110,de Cesaris,0.0
1987,ligier,160,Ghinzani,0.0
1987,ags,169,Fabre,0.0
1987,coloni,78,Larini,0.0
1987,osella,133,Caffi,0.0
1987,williams,95,Mansell,9.0
1987,williams,137,Piquet,6.0
1987,brabham,119,Patrese,4.0
1987,arrows,158,Cheever,3.0
1987,benetton,170,Fabi,2.0
1987,larrousse,112,Alliot,1.0
1987,tyrrell,156,Palmer,0.0
1987,tyrrell,166,Streiff,0.0
1987,larrousse,114,Dalmas,0.0
1987,team_lotus,102,Senna,0.0
1987,march,122,Capelli,0.0
1987,osella,133,Caffi,0.0
1987,ligier,160,Ghinzani,0.0
1987,minardi,167,Campos,0.0
1987,ligier,163,Arnoux,0.0
1987,arrows,118,Warwick,0.0
1987,brabham,110,de Cesaris,0.0
1987,ferrari,77,Berger,0.0
1987,benetton,123,Boutsen,0.0
1987,minardi,145,Nannini,0.0
1987,ferrari,105,Alboreto,0.0
1987,zakspeed,84,Brundle,0.0
1987,mclaren,140,Johansson,0.0
1987,team_lotus,138,Nakajima,0.0
1987,zakspeed,157,Danner,0.0
1987,mclaren,117,Prost,0.0
1987,ferrari,77,Berger,9.0
1987,team_lotus,102,Senna,6.0
1987,mclaren,140,Johansson,4.0
1987,ferrari,105,Alboreto,3.0
1987,benetton,123,Boutsen,2.0
1987,team_lotus,138,Nakajima,1.0
1987,mclaren,117,Prost,0.0
1987,tyrrell,156,Palmer,0.0
1987,arrows,158,Cheever,0.0
1987,arrows,118,Warwick,0.0
1987,brabham,119,Patrese,0.0
1987,tyrrell,166,Streiff,0.0
1987,ligier,160,Ghinzani,0.0
1987,larrousse,114,Dalmas,0.0
1987,williams,137,Piquet,0.0
1987,ligier,163,Arnoux,0.0
1987,osella,133,Caffi,0.0
1987,ags,90,Moreno,0.0
1987,minardi,145,Nannini,0.0
1987,zakspeed,84,Brundle,0.0
1987,brabham,110,de Cesaris,0.0
1987,benetton,170,Fabi,0.0
1987,zakspeed,157,Danner,0.0
1987,march,122,Capelli,0.0
1987,minardi,167,Campos,0.0
1987,larrousse,112,Alliot,0.0
1987,williams,95,Mansell,0.0
1987,ferrari,77,Berger,9.0
1987,ferrari,105,Alboreto,6.0
1987,benetton,123,Boutsen,4.0
1987,tyrrell,156,Palmer,3.0
1987,larrousse,114,Dalmas,0.0
1987,ags,90,Moreno,1.0
1987,zakspeed,157,Danner,0.0
1987,brabham,110,de Cesaris,0.0
1987,williams,119,Patrese,0.0
1987,team_lotus,102,Senna,0.0
1987,williams,137,Piquet,0.0
1987,march,122,Capelli,0.0
1987,mclaren,117,Prost,0.0
1987,arrows,158,Cheever,0.0
1987,mclaren,140,Johansson,0.0
1987,benetton,170,Fabi,0.0
1987,minardi,167,Campos,0.0
1987,larrousse,112,Alliot,0.0
1987,ligier,163,Arnoux,0.0
1987,brabham,131,Modena,0.0
1987,ligier,160,Ghinzani,0.0
1987,team_lotus,138,Nakajima,0.0
1987,arrows,118,Warwick,0.0
1987,zakspeed,84,Brundle,0.0
1987,tyrrell,166,Streiff,0.0
1987,minardi,145,Nannini,0.0
1987,osella,133,Caffi,0.0
1986,williams,137,Piquet,9.0
1986,team_lotus,102,Senna,6.0
1986,ligier,172,Laffite,4.0
1986,ligier,163,Arnoux,3.0
1986,tyrrell,84,Brundle,2.0
1986,benetton,77,Berger,1.0
1986,tyrrell,166,Streiff,0.0
1986,brabham,173,de Angelis,0.0
1986,team_lotus,174,Dumfries,0.0
1986,benetton,170,Fabi,0.0
1986,arrows,123,Boutsen,0.0
1986,ferrari,105,Alboreto,0.0
1986,mclaren,117,Prost,0.0
1986,osella,157,Danner,0.0
1986,ferrari,140,Johansson,0.0
1986,lola,175,Tambay,0.0
1986,brabham,119,Patrese,0.0
1986,zakspeed,156,Palmer,0.0
1986,arrows,176,Surer,0.0
1986,minardi,145,Nannini,0.0
1986,minardi,110,de Cesaris,0.0
1986,osella,160,Ghinzani,0.0
1986,mclaren,177,Rosberg,0.0
1986,lola,178,Jones,0.0
1986,williams,95,Mansell,0.0
1986,team_lotus,102,Senna,9.0
1986,williams,95,Mansell,6.0
1986,mclaren,117,Prost,4.0
1986,mclaren,177,Rosberg,3.0
1986,benetton,170,Fabi,2.0
1986,benetton,77,Berger,1.0
1986,arrows,123,Boutsen,0.0
1986,lola,175,Tambay,0.0
1986,team_lotus,174,Dumfries,0.0
1986,tyrrell,84,Brundle,0.0
1986,ligier,172,Laffite,0.0
1986,arrows,176,Surer,0.0
1986,williams,137,Piquet,0.0
1986,brabham,173,de Angelis,0.0
1986,ligier,163,Arnoux,0.0
1986,ferrari,105,Alboreto,0.0
1986,tyrrell,166,Streiff,0.0
1986,osella,157,Danner,0.0
1986,ferrari,140,Johansson,0.0
1986,osella,160,Ghinzani,0.0
1986,brabham,119,Patrese,0.0
1986,minardi,110,de Cesaris,0.0
1986,zakspeed,156,Palmer,0.0
1986,lola,178,Jones,0.0
1986,minardi,145,Nannini,0.0
1986,mclaren,117,Prost,9.0
1986,williams,137,Piquet,6.0
1986,benetton,77,Berger,4.0
1986,ferrari,140,Johansson,3.0
1986,mclaren,177,Rosberg,2.0
1986,brabham,119,Patrese,1.0
1986,arrows,123,Boutsen,0.0
1986,tyrrell,84,Brundle,0.0
1986,arrows,176,Surer,0.0
1986,ferrari,105,Alboreto,0.0
1986,osella,160,Ghinzani,0.0
1986,ligier,163,Arnoux,0.0
1986,tyrrell,166,Streiff,0.0
1986,benetton,170,Fabi,0.0
1986,zakspeed,156,Palmer,0.0
1986,osella,157,Danner,0.0
1986,lola,178,Jones,0.0
1986,minardi,110,de Cesaris,0.0
1986,brabham,173,de Angelis,0.0
1986,ligier,172,Laffite,0.0
1986,team_lotus,102,Senna,0.0
1986,williams,95,Mansell,0.0
1986,team_lotus,174,Dumfries,0.0
1986,zakspeed,179,Rothengatter,0.0
1986,lola,175,Tambay,0.0
1986,minardi,145,Nannini,0.0
1986,mclaren,117,Prost,9.0
1986,mclaren,177,Rosberg,6.0
1986,team_lotus,102,Senna,4.0
1986,williams,95,Mansell,3.0
1986,ligier,163,Arnoux,2.0
1986,ligier,172,Laffite,1.0
1986,williams,137,Piquet,0.0
1986,arrows,123,Boutsen,0.0
1986,arrows,176,Surer,0.0
1986,ferrari,140,Johansson,0.0
1986,tyrrell,166,Streiff,0.0
1986,zakspeed,156,Palmer,0.0
1986,tyrrell,84,Brundle,0.0
1986,lola,175,Tambay,0.0
1986,benetton,77,Berger,0.0
1986,brabham,119,Patrese,0.0
1986,ferrari,105,Alboreto,0.0
1986,brabham,173,de Angelis,0.0
1986,benetton,170,Fabi,0.0
1986,lola,178,Jones,0.0
1986,osella,160,Ghinzani,0.0
1986,team_lotus,174,Dumfries,0.0
1986,zakspeed,179,Rothengatter,0.0
1986,osella,157,Danner,0.0
1986,minardi,110,de Cesaris,0.0
1986,williams,95,Mansell,9.0
1986,team_lotus,102,Senna,6.0
1986,ferrari,140,Johansson,4.0
1986,ferrari,105,Alboreto,3.0
1986,ligier,172,Laffite,2.0
1986,mclaren,117,Prost,1.0
1986,benetton,170,Fabi,0.0
1986,brabham,119,Patrese,0.0
1986,arrows,176,Surer,0.0
1986,benetton,77,Berger,0.0
1986,lola,178,Jones,0.0
1986,tyrrell,166,Streiff,0.0
1986,zakspeed,156,Palmer,0.0
1986,minardi,110,de Cesaris,0.0
1986,zakspeed,179,Rothengatter,0.0
1986,tyrrell,84,Brundle,0.0
1986,minardi,145,Nannini,0.0
1986,ligier,163,Arnoux,0.0
1986,williams,137,Piquet,0.0
1986,arrows,123,Boutsen,0.0
1986,team_lotus,174,Dumfries,0.0
1986,mclaren,177,Rosberg,0.0
1986,osella,160,Ghinzani,0.0
1986,osella,157,Danner,0.0
1986,lola,175,Tambay,0.0
1986,williams,95,Mansell,9.0
1986,mclaren,117,Prost,6.0
1986,williams,137,Piquet,4.0
1986,mclaren,177,Rosberg,3.0
1986,team_lotus,102,Senna,2.0
1986,ligier,163,Arnoux,1.0
1986,ligier,172,Laffite,0.0
1986,ferrari,105,Alboreto,0.0
1986,tyrrell,84,Brundle,0.0
1986,lola,178,Jones,0.0
1986,tyrrell,166,Streiff,0.0
1986,zakspeed,179,Rothengatter,0.0
1986,brabham,119,Patrese,0.0
1986,osella,160,Ghinzani,0.0
1986,minardi,110,de Cesaris,0.0
1986,arrows,123,Boutsen,0.0
1986,benetton,77,Berger,0.0
1986,ferrari,140,Johansson,0.0
1986,team_lotus,174,Dumfries,0.0
1986,zakspeed,156,Palmer,0.0
1986,brabham,118,Warwick,0.0
1986,minardi,145,Nannini,0.0
1986,benetton,170,Fabi,0.0
1986,osella,157,Danner,0.0
1986,lola,175,Tambay,0.0
1986,team_lotus,102,Senna,9.0
1986,ligier,172,Laffite,6.0
1986,mclaren,117,Prost,4.0
1986,ferrari,105,Alboreto,3.0
1986,williams,95,Mansell,2.0
1986,brabham,119,Patrese,1.0
1986,team_lotus,174,Dumfries,0.0
1986,zakspeed,156,Palmer,0.0
1986,tyrrell,166,Streiff,0.0
1986,brabham,118,Warwick,0.0
1986,arrows,157,Danner,0.0
1986,ligier,163,Arnoux,0.0
1986,arrows,123,Boutsen,0.0
1986,minardi,110,de Cesaris,0.0
1986,williams,137,Piquet,0.0
1986,ferrari,140,Johansson,0.0
1986,benetton,170,Fabi,0.0
1986,lola,158,Cheever,0.0
1986,lola,178,Jones,0.0
1986,osella,180,Berg,0.0
1986,tyrrell,84,Brundle,0.0
1986,osella,160,Ghinzani,0.0
1986,mclaren,177,Rosberg,0.0
1986,benetton,77,Berger,0.0
1986,minardi,145,Nannini,0.0
1986,zakspeed,179,Rothengatter,0.0
1986,williams,95,Mansell,9.0
1986,mclaren,117,Prost,6.0
1986,williams,137,Piquet,4.0
1986,mclaren,177,Rosberg,3.0
1986,ligier,163,Arnoux,2.0
1986,ligier,172,Laffite,1.0
1986,brabham,119,Patrese,0.0
1986,ferrari,105,Alboreto,0.0
1986,brabham,118,Warwick,0.0
1986,tyrrell,84,Brundle,0.0
1986,arrows,157,Danner,0.0
1986,arrows,123,Boutsen,0.0
1986,lola,175,Tambay,0.0
1986,team_lotus,174,Dumfries,0.0
1986,zakspeed,156,Palmer,0.0
1986,tyrrell,166,Streiff,0.0
1986,zakspeed,179,Rothengatter,0.0
1986,osella,180,Berg,0.0
1986,benetton,77,Berger,0.0
1986,benetton,170,Fabi,0.0
1986,ferrari,140,Johansson,0.0
1986,team_lotus,102,Senna,0.0
1986,osella,160,Ghinzani,0.0
1986,minardi,145,Nannini,0.0
1986,minardi,110,de Cesaris,0.0
1986,lola,178,Jones,0.0
1986,williams,95,Mansell,9.0
1986,williams,137,Piquet,6.0
1986,mclaren,117,Prost,4.0
1986,ligier,163,Arnoux,3.0
1986,tyrrell,84,Brundle,2.0
1986,tyrrell,166,Streiff,1.0
1986,team_lotus,174,Dumfries,0.0
1986,brabham,118,Warwick,0.0
1986,zakspeed,156,Palmer,0.0
1986,arrows,123,Boutsen,0.0
1986,lola,175,Tambay,0.0
1986,ferrari,105,Alboreto,0.0
1986,minardi,145,Nannini,0.0
1986,benetton,170,Fabi,0.0
1986,brabham,119,Patrese,0.0
1986,team_lotus,102,Senna,0.0
1986,zakspeed,179,Rothengatter,0.0
1986,minardi,110,de Cesaris,0.0
1986,benetton,77,Berger,0.0
1986,lola,178,Jones,0.0
1986,ferrari,140,Johansson,0.0
1986,mclaren,177,Rosberg,0.0
1986,ligier,172,Laffite,0.0
1986,arrows,157,Danner,0.0
1986,osella,160,Ghinzani,0.0
1986,osella,180,Berg,0.0
1986,williams,137,Piquet,9.0
1986,team_lotus,102,Senna,6.0
1986,williams,95,Mansell,4.0
1986,ligier,163,Arnoux,3.0
1986,mclaren,177,Rosberg,2.0
1986,mclaren,117,Prost,1.0
1986,brabham,118,Warwick,0.0
1986,lola,175,Tambay,0.0
1986,lola,178,Jones,0.0
1986,benetton,77,Berger,0.0
1986,ferrari,140,Johansson,0.0
1986,osella,180,Berg,0.0
1986,arrows,157,Danner,0.0
1986,zakspeed,179,Rothengatter,0.0
1986,zakspeed,156,Palmer,0.0
1986,tyrrell,84,Brundle,0.0
1986,brabham,119,Patrese,0.0
1986,minardi,110,de Cesaris,0.0
1986,minardi,145,Nannini,0.0
1986,team_lotus,174,Dumfries,0.0
1986,arrows,123,Boutsen,0.0
1986,ligier,112,Alliot,0.0
1986,osella,160,Ghinzani,0.0
1986,tyrrell,166,Streiff,0.0
1986,ferrari,105,Alboreto,0.0
1986,benetton,170,Fabi,0.0
1986,williams,137,Piquet,9.0
1986,team_lotus,102,Senna,6.0
1986,williams,95,Mansell,4.0
1986,ferrari,140,Johansson,3.0
1986,team_lotus,174,Dumfries,2.0
1986,tyrrell,84,Brundle,1.0
1986,lola,175,Tambay,0.0
1986,tyrrell,166,Streiff,0.0
1986,ligier,112,Alliot,0.0
1986,zakspeed,156,Palmer,0.0
1986,ligier,163,Arnoux,0.0
1986,lola,178,Jones,0.0
1986,benetton,77,Berger,0.0
1986,arrows,123,Boutsen,0.0
1986,mclaren,177,Rosberg,0.0
1986,benetton,170,Fabi,0.0
1986,minardi,145,Nannini,0.0
1986,ferrari,105,Alboreto,0.0
1986,brabham,118,Warwick,0.0
1986,mclaren,117,Prost,0.0
1986,osella,160,Ghinzani,0.0
1986,arrows,157,Danner,0.0
1986,brabham,119,Patrese,0.0
1986,minardi,110,de Cesaris,0.0
1986,zakspeed,179,Rothengatter,0.0
1986,osella,180,Berg,0.0
1986,mclaren,117,Prost,9.0
1986,ferrari,105,Alboreto,6.0
1986,ferrari,140,Johansson,4.0
1986,lola,178,Jones,3.0
1986,lola,175,Tambay,2.0
1986,arrows,157,Danner,1.0
1986,benetton,77,Berger,0.0
1986,zakspeed,179,Rothengatter,0.0
1986,mclaren,177,Rosberg,0.0
1986,ligier,163,Arnoux,0.0
1986,osella,160,Ghinzani,0.0
1986,williams,95,Mansell,0.0
1986,williams,137,Piquet,0.0
1986,arrows,123,Boutsen,0.0
1986,benetton,170,Fabi,0.0
1986,ligier,112,Alliot,0.0
1986,minardi,145,Nannini,0.0
1986,minardi,110,de Cesaris,0.0
1986,team_lotus,102,Senna,0.0
1986,tyrrell,84,Brundle,0.0
1986,tyrrell,166,Streiff,0.0
1986,team_lotus,174,Dumfries,0.0
1986,zakspeed,156,Palmer,0.0
1986,osella,180,Berg,0.0
1986,brabham,119,Patrese,0.0
1986,brabham,118,Warwick,0.0
1986,williams,137,Piquet,9.0
1986,williams,95,Mansell,6.0
1986,ferrari,140,Johansson,4.0
1986,mclaren,177,Rosberg,3.0
1986,benetton,77,Berger,2.0
1986,lola,178,Jones,1.0
1986,arrows,123,Boutsen,0.0
1986,arrows,157,Danner,0.0
1986,tyrrell,166,Streiff,0.0
1986,tyrrell,84,Brundle,0.0
1986,osella,133,Caffi,0.0
1986,benetton,170,Fabi,0.0
1986,ferrari,105,Alboreto,0.0
1986,minardi,110,de Cesaris,0.0
1986,ags,122,Capelli,0.0
1986,ligier,163,Arnoux,0.0
1986,zakspeed,156,Palmer,0.0
1986,mclaren,117,Prost,0.0
1986,ligier,112,Alliot,0.0
1986,team_lotus,174,Dumfries,0.0
1986,brabham,118,Warwick,0.0
1986,minardi,145,Nannini,0.0
1986,osella,160,Ghinzani,0.0
1986,lola,175,Tambay,0.0
1986,brabham,119,Patrese,0.0
1986,zakspeed,179,Rothengatter,0.0
1986,team_lotus,102,Senna,0.0
1986,williams,95,Mansell,9.0
1986,mclaren,117,Prost,6.0
1986,williams,137,Piquet,4.0
1986,team_lotus,102,Senna,3.0
1986,ferrari,105,Alboreto,2.0
1986,ferrari,140,Johansson,1.0
1986,ligier,163,Arnoux,0.0
1986,benetton,170,Fabi,0.0
1986,team_lotus,174,Dumfries,0.0
1986,arrows,123,Boutsen,0.0
1986,arrows,157,Danner,0.0
1986,zakspeed,156,Palmer,0.0
1986,osella,180,Berg,0.0
1986,brabham,119,Patrese,0.0
1986,lola,175,Tambay,0.0
1986,minardi,145,Nannini,0.0
1986,benetton,77,Berger,0.0
1986,minardi,110,de Cesaris,0.0
1986,mclaren,177,Rosberg,0.0
1986,brabham,118,Warwick,0.0
1986,ligier,112,Alliot,0.0
1986,tyrrell,166,Streiff,0.0
1986,tyrrell,84,Brundle,0.0
1986,lola,178,Jones,0.0
1986,zakspeed,179,Rothengatter,0.0
1986,osella,160,Ghinzani,0.0
1986,ags,122,Capelli,0.0
1986,benetton,77,Berger,9.0
1986,mclaren,117,Prost,6.0
1986,team_lotus,102,Senna,4.0
1986,williams,137,Piquet,3.0
1986,williams,95,Mansell,2.0
1986,ligier,112,Alliot,1.0
1986,arrows,123,Boutsen,0.0
1986,minardi,110,de Cesaris,0.0
1986,arrows,157,Danner,0.0
1986,zakspeed,156,Palmer,0.0
1986,tyrrell,84,Brundle,0.0
1986,ferrari,140,Johansson,0.0
1986,brabham,119,Patrese,0.0
1986,minardi,145,Nannini,0.0
1986,ligier,163,Arnoux,0.0
1986,osella,180,Berg,0.0
1986,team_lotus,174,Dumfries,0.0
1986,brabham,118,Warwick,0.0
1986,lola,178,Jones,0.0
1986,mclaren,177,Rosberg,0.0
1986,ferrari,105,Alboreto,0.0
1986,osella,160,Ghinzani,0.0
1986,tyrrell,166,Streiff,0.0
1986,benetton,170,Fabi,0.0
1986,lola,175,Tambay,0.0
1986,mclaren,117,Prost,9.0
1986,williams,137,Piquet,6.0
1986,ferrari,140,Johansson,4.0
1986,tyrrell,84,Brundle,3.0
1986,tyrrell,166,Streiff,2.0
1986,team_lotus,174,Dumfries,1.0
1986,ligier,163,Arnoux,0.0
1986,ligier,112,Alliot,0.0
1986,zakspeed,156,Palmer,0.0
1986,benetton,170,Fabi,0.0
1986,lola,175,Tambay,0.0
1986,williams,95,Mansell,0.0
1986,brabham,119,Patrese,0.0
1986,mclaren,177,Rosberg,0.0
1986,osella,180,Berg,0.0
1986,brabham,118,Warwick,0.0
1986,arrows,157,Danner,0.0
1986,arrows,123,Boutsen,0.0
1986,team_lotus,102,Senna,0.0
1986,minardi,110,de Cesaris,0.0
1986,benetton,77,Berger,0.0
1986,zakspeed,179,Rothengatter,0.0
1986,lola,178,Jones,0.0
1986,minardi,145,Nannini,0.0
1986,osella,160,Ghinzani,0.0
1986,ferrari,105,Alboreto,0.0
1985,mclaren,117,Prost,9.0
1985,ferrari,105,Alboreto,6.0
1985,team_lotus,173,de Angelis,4.0
1985,ferrari,163,Arnoux,3.0
1985,renault,175,Tambay,2.0
1985,ligier,172,Laffite,1.0
1985,tyrrell,140,Johansson,0.0
1985,tyrrell,84,Brundle,0.0
1985,ram,112,Alliot,0.0
1985,renault,118,Warwick,0.0
1985,arrows,123,Boutsen,0.0
1985,osella,160,Ghinzani,0.0
1985,ram,181,Winkelhock,0.0
1985,arrows,77,Berger,0.0
1985,team_lotus,102,Senna,0.0
1985,alfa,158,Cheever,0.0
1985,minardi,94,Martini,0.0
1985,mclaren,182,Lauda,0.0
1985,ligier,110,de Cesaris,0.0
1985,alfa,119,Patrese,0.0
1985,williams,177,Rosberg,0.0
1985,brabham,183,Hesnault,0.0
1985,williams,95,Mansell,0.0
1985,spirit,184,Baldi,0.0
1985,brabham,137,Piquet,0.0
1985,team_lotus,102,Senna,9.0
1985,ferrari,105,Alboreto,6.0
1985,renault,175,Tambay,4.0
1985,team_lotus,173,de Angelis,3.0
1985,williams,95,Mansell,2.0
1985,tyrrell,185,Bellof,1.0
1985,renault,118,Warwick,0.0
1985,ferrari,140,Johansson,0.0
1985,osella,160,Ghinzani,0.0
1985,ram,181,Winkelhock,0.0
1985,mclaren,182,Lauda,0.0
1985,alfa,158,Cheever,0.0
1985,mclaren,117,Prost,0.0
1985,ligier,110,de Cesaris,0.0
1985,brabham,137,Piquet,0.0
1985,arrows,123,Boutsen,0.0
1985,tyrrell,84,Brundle,0.0
1985,spirit,184,Baldi,0.0
1985,williams,177,Rosberg,0.0
1985,ligier,172,Laffite,0.0
1985,arrows,77,Berger,0.0
1985,minardi,94,Martini,0.0
1985,alfa,119,Patrese,0.0
1985,ram,112,Alliot,0.0
1985,brabham,183,Hesnault,0.0
1985,zakspeed,156,Palmer,0.0
1985,team_lotus,173,de Angelis,9.0
1985,arrows,123,Boutsen,6.0
1985,renault,175,Tambay,4.0
1985,mclaren,182,Lauda,3.0
1985,williams,95,Mansell,2.0
1985,ferrari,140,Johansson,1.0
1985,team_lotus,102,Senna,0.0
1985,brabham,137,Piquet,0.0
1985,tyrrell,84,Brundle,0.0
1985,renault,118,Warwick,0.0
1985,mclaren,117,Prost,0.0
1985,alfa,158,Cheever,0.0
1985,osella,160,Ghinzani,0.0
1985,ferrari,105,Alboreto,0.0
1985,ram,181,Winkelhock,0.0
1985,ram,112,Alliot,0.0
1985,williams,177,Rosberg,0.0
1985,ligier,172,Laffite,0.0
1985,minardi,94,Martini,0.0
1985,ligier,110,de Cesaris,0.0
1985,spirit,184,Baldi,0.0
1985,brabham,183,Hesnault,0.0
1985,tyrrell,185,Bellof,0.0
1985,arrows,77,Berger,0.0
1985,alfa,119,Patrese,0.0
1985,zakspeed,156,Palmer,0.0
1985,mclaren,117,Prost,9.0
1985,ferrari,105,Alboreto,6.0
1985,team_lotus,173,de Angelis,4.0
1985,ligier,110,de Cesaris,3.0
1985,renault,118,Warwick,2.0
1985,ligier,172,Laffite,1.0
1985,williams,95,Mansell,0.0
1985,williams,177,Rosberg,0.0
1985,arrows,123,Boutsen,0.0
1985,tyrrell,84,Brundle,0.0
1985,zakspeed,156,Palmer,0.0
1985,mclaren,182,Lauda,0.0
1985,alfa,119,Patrese,0.0
1985,brabham,137,Piquet,0.0
1985,toleman,170,Fabi,0.0
1985,team_lotus,102,Senna,0.0
1985,alfa,158,Cheever,0.0
1985,ferrari,140,Johansson,0.0
1985,arrows,77,Berger,0.0
1985,renault,175,Tambay,0.0
1985,osella,160,Ghinzani,0.0
1985,tyrrell,185,Bellof,0.0
1985,ram,112,Alliot,0.0
1985,ram,181,Winkelhock,0.0
1985,brabham,183,Hesnault,0.0
1985,ferrari,105,Alboreto,9.0
1985,ferrari,140,Johansson,6.0
1985,mclaren,117,Prost,4.0
1985,williams,177,Rosberg,3.0
1985,team_lotus,173,de Angelis,2.0
1985,williams,95,Mansell,1.0
1985,renault,175,Tambay,0.0
1985,ligier,172,Laffite,0.0
1985,arrows,123,Boutsen,0.0
1985,alfa,119,Patrese,0.0
1985,tyrrell,185,Bellof,0.0
1985,tyrrell,84,Brundle,0.0
1985,arrows,77,Berger,0.0
1985,ligier,110,de Cesaris,0.0
1985,brabham,176,Surer,0.0
1985,team_lotus,102,Senna,0.0
1985,alfa,158,Cheever,0.0
1985,minardi,94,Martini,0.0
1985,mclaren,182,Lauda,0.0
1985,osella,160,Ghinzani,0.0
1985,ram,112,Alliot,0.0
1985,renault,118,Warwick,0.0
1985,ram,181,Winkelhock,0.0
1985,toleman,170,Fabi,0.0
1985,brabham,137,Piquet,0.0
1985,williams,177,Rosberg,9.0
1985,ferrari,140,Johansson,6.0
1985,ferrari,105,Alboreto,4.0
1985,tyrrell,185,Bellof,3.0
1985,team_lotus,173,de Angelis,2.0
1985,brabham,137,Piquet,1.0
1985,arrows,123,Boutsen,0.0
1985,brabham,176,Surer,0.0
1985,alfa,158,Cheever,0.0
1985,ligier,110,de Cesaris,0.0
1985,arrows,77,Berger,0.0
1985,ligier,172,Laffite,0.0
1985,team_lotus,102,Senna,0.0
1985,tyrrell,84,Brundle,0.0
1985,ram,112,Alliot,0.0
1985,williams,95,Mansell,0.0
1985,mclaren,117,Prost,0.0
1985,alfa,119,Patrese,0.0
1985,renault,118,Warwick,0.0
1985,renault,175,Tambay,0.0
1985,minardi,94,Martini,0.0
1985,mclaren,182,Lauda,0.0
1985,toleman,170,Fabi,0.0
1985,ram,181,Winkelhock,0.0
1985,osella,160,Ghinzani,0.0
1985,brabham,137,Piquet,9.0
1985,williams,177,Rosberg,6.0
1985,mclaren,117,Prost,4.0
1985,ferrari,140,Johansson,3.0
1985,team_lotus,173,de Angelis,2.0
1985,renault,175,Tambay,1.0
1985,renault,118,Warwick,0.0
1985,brabham,176,Surer,0.0
1985,arrows,123,Boutsen,0.0
1985,alfa,158,Cheever,0.0
1985,alfa,119,Patrese,0.0
1985,ram,181,Winkelhock,0.0
1985,tyrrell,185,Bellof,0.0
1985,toleman,170,Fabi,0.0
1985,osella,160,Ghinzani,0.0
1985,tyrrell,84,Brundle,0.0
1985,mclaren,182,Lauda,0.0
1985,team_lotus,102,Senna,0.0
1985,arrows,77,Berger,0.0
1985,minardi,94,Martini,0.0
1985,ram,112,Alliot,0.0
1985,zakspeed,156,Palmer,0.0
1985,ferrari,105,Alboreto,0.0
1985,ligier,110,de Cesaris,0.0
1985,ligier,172,Laffite,0.0
1985,williams,95,Mansell,0.0
1985,mclaren,117,Prost,9.0
1985,ferrari,105,Alboreto,6.0
1985,ligier,172,Laffite,4.0
1985,brabham,137,Piquet,3.0
1985,renault,118,Warwick,2.0
1985,brabham,176,Surer,1.0
1985,tyrrell,84,Brundle,0.0
1985,arrows,77,Berger,0.0
1985,alfa,119,Patrese,0.0
1985,team_lotus,102,Senna,0.0
1985,tyrrell,185,Bellof,0.0
1985,mclaren,182,Lauda,0.0
1985,arrows,123,Boutsen,0.0
1985,ligier,110,de Cesaris,0.0
1985,minardi,94,Martini,0.0
1985,team_lotus,173,de Angelis,0.0
1985,ram,181,Winkelhock,0.0
1985,williams,177,Rosberg,0.0
1985,williams,95,Mansell,0.0
1985,alfa,158,Cheever,0.0
1985,zakspeed,156,Palmer,0.0
1985,toleman,170,Fabi,0.0
1985,ferrari,140,Johansson,0.0
1985,renault,175,Tambay,0.0
1985,ram,112,Alliot,0.0
1985,osella,160,Ghinzani,0.0
1985,ferrari,105,Alboreto,9.0
1985,mclaren,117,Prost,6.0
1985,ligier,172,Laffite,4.0
1985,arrows,123,Boutsen,3.0
1985,mclaren,182,Lauda,2.0
1985,williams,95,Mansell,1.0
1985,arrows,77,Berger,0.0
1985,tyrrell,185,Bellof,0.0
1985,ferrari,140,Johansson,0.0
1985,tyrrell,84,Brundle,0.0
1985,minardi,94,Martini,0.0
1985,williams,177,Rosberg,0.0
1985,alfa,158,Cheever,0.0
1985,team_lotus,173,de Angelis,0.0
1985,osella,179,Rothengatter,0.0
1985,toleman,170,Fabi,0.0
1985,team_lotus,102,Senna,0.0
1985,renault,118,Warwick,0.0
1985,brabham,137,Piquet,0.0
1985,renault,175,Tambay,0.0
1985,brabham,176,Surer,0.0
1985,ram,181,Winkelhock,0.0
1985,alfa,119,Patrese,0.0
1985,renault,183,Hesnault,0.0
1985,ram,112,Alliot,0.0
1985,zakspeed,156,Palmer,0.0
1985,ligier,110,de Cesaris,0.0
1985,mclaren,117,Prost,9.0
1985,team_lotus,102,Senna,6.0
1985,ferrari,105,Alboreto,4.0
1985,ferrari,140,Johansson,3.0
1985,team_lotus,173,de Angelis,2.0
1985,brabham,176,Surer,1.0
1985,tyrrell,185,Bellof,0.0
1985,arrows,123,Boutsen,0.0
1985,osella,179,Rothengatter,0.0
1985,renault,175,Tambay,0.0
1985,ligier,172,Laffite,0.0
1985,minardi,94,Martini,0.0
1985,mclaren,182,Lauda,0.0
1985,arrows,77,Berger,0.0
1985,toleman,170,Fabi,0.0
1985,renault,118,Warwick,0.0
1985,ram,186,Acheson,0.0
1985,brabham,137,Piquet,0.0
1985,williams,95,Mansell,0.0
1985,alfa,119,Patrese,0.0
1985,zakspeed,156,Palmer,0.0
1985,ram,112,Alliot,0.0
1985,ligier,110,de Cesaris,0.0
1985,alfa,158,Cheever,0.0
1985,williams,177,Rosberg,0.0
1985,toleman,160,Ghinzani,0.0
1985,tyrrell,84,Brundle,0.0
1985,mclaren,182,Lauda,9.0
1985,mclaren,117,Prost,6.0
1985,team_lotus,102,Senna,4.0
1985,ferrari,105,Alboreto,3.0
1985,team_lotus,173,de Angelis,2.0
1985,williams,95,Mansell,1.0
1985,tyrrell,84,Brundle,0.0
1985,brabham,137,Piquet,0.0
1985,arrows,77,Berger,0.0
1985,brabham,176,Surer,0.0
1985,osella,179,Rothengatter,0.0
1985,arrows,123,Boutsen,0.0
1985,ram,112,Alliot,0.0
1985,tyrrell,185,Bellof,0.0
1985,renault,118,Warwick,0.0
1985,ligier,110,de Cesaris,0.0
1985,renault,175,Tambay,0.0
1985,williams,177,Rosberg,0.0
1985,toleman,170,Fabi,0.0
1985,ligier,172,Laffite,0.0
1985,zakspeed,156,Palmer,0.0
1985,toleman,160,Ghinzani,0.0
1985,ferrari,140,Johansson,0.0
1985,minardi,94,Martini,0.0
1985,alfa,158,Cheever,0.0
1985,alfa,119,Patrese,0.0
1985,mclaren,117,Prost,9.0
1985,brabham,137,Piquet,6.0
1985,team_lotus,102,Senna,4.0
1985,brabham,176,Surer,3.0
1985,ferrari,140,Johansson,2.0
1985,team_lotus,173,de Angelis,1.0
1985,renault,175,Tambay,0.0
1985,tyrrell,84,Brundle,0.0
1985,arrows,123,Boutsen,0.0
1985,ligier,166,Streiff,0.0
1985,williams,95,Mansell,0.0
1985,toleman,170,Fabi,0.0
1985,ferrari,105,Alboreto,0.0
1985,williams,177,Rosberg,0.0
1985,ligier,172,Laffite,0.0
1985,mclaren,182,Lauda,0.0
1985,alfa,119,Patrese,0.0
1985,osella,179,Rothengatter,0.0
1985,ram,112,Alliot,0.0
1985,arrows,77,Berger,0.0
1985,renault,118,Warwick,0.0
1985,lola,178,Jones,0.0
1985,alfa,158,Cheever,0.0
1985,ram,186,Acheson,0.0
1985,minardi,94,Martini,0.0
1985,toleman,160,Ghinzani,0.0
1985,team_lotus,102,Senna,9.0
1985,williams,95,Mansell,6.0
1985,mclaren,117,Prost,4.0
1985,williams,177,Rosberg,3.0
1985,brabham,137,Piquet,2.0
1985,renault,118,Warwick,1.0
1985,arrows,77,Berger,0.0
1985,brabham,176,Surer,0.0
1985,ligier,166,Streiff,0.0
1985,arrows,123,Boutsen,0.0
1985,ligier,172,Laffite,0.0
1985,minardi,94,Martini,0.0
1985,tyrrell,84,Brundle,0.0
1985,osella,179,Rothengatter,0.0
1985,alfa,119,Patrese,0.0
1985,alfa,158,Cheever,0.0
1985,renault,175,Tambay,0.0
1985,toleman,170,Fabi,0.0
1985,team_lotus,173,de Angelis,0.0
1985,zakspeed,157,Danner,0.0
1985,ram,112,Alliot,0.0
1985,ferrari,140,Johansson,0.0
1985,toleman,160,Ghinzani,0.0
1985,ferrari,105,Alboreto,0.0
1985,williams,95,Mansell,9.0
1985,team_lotus,102,Senna,6.0
1985,williams,177,Rosberg,4.0
1985,mclaren,117,Prost,3.0
1985,team_lotus,173,de Angelis,2.0
1985,arrows,123,Boutsen,1.0
1985,mclaren,187,Watson,0.0
1985,ligier,166,Streiff,0.0
1985,alfa,119,Patrese,0.0
1985,arrows,77,Berger,0.0
1985,alfa,158,Cheever,0.0
1985,renault,175,Tambay,0.0
1985,brabham,176,Surer,0.0
1985,ferrari,140,Johansson,0.0
1985,ligier,172,Laffite,0.0
1985,zakspeed,157,Danner,0.0
1985,tyrrell,122,Capelli,0.0
1985,tyrrell,84,Brundle,0.0
1985,toleman,170,Fabi,0.0
1985,ram,112,Alliot,0.0
1985,toleman,160,Ghinzani,0.0
1985,lola,178,Jones,0.0
1985,ferrari,105,Alboreto,0.0
1985,brabham,137,Piquet,0.0
1985,renault,118,Warwick,0.0
1985,minardi,94,Martini,0.0
1985,williams,95,Mansell,9.0
1985,williams,177,Rosberg,6.0
1985,mclaren,117,Prost,4.0
1985,ferrari,140,Johansson,3.0
1985,arrows,77,Berger,2.0
1985,arrows,123,Boutsen,1.0
1985,tyrrell,84,Brundle,0.0
1985,team_lotus,173,de Angelis,0.0
1985,minardi,94,Martini,0.0
1985,mclaren,182,Lauda,0.0
1985,tyrrell,166,Streiff,0.0
1985,team_lotus,102,Senna,0.0
1985,ferrari,105,Alboreto,0.0
1985,brabham,137,Piquet,0.0
1985,toleman,160,Ghinzani,0.0
1985,toleman,170,Fabi,0.0
1985,brabham,176,Surer,0.0
1985,osella,179,Rothengatter,0.0
1985,alfa,119,Patrese,0.0
1985,alfa,158,Cheever,0.0
1985,lola,178,Jones,0.0
1985,williams,177,Rosberg,9.0
1985,ligier,172,Laffite,6.0
1985,ligier,166,Streiff,4.0
1985,tyrrell,122,Capelli,3.0
1985,ferrari,140,Johansson,2.0
1985,arrows,77,Berger,1.0
1985,osella,179,Rothengatter,0.0
1985,minardi,94,Martini,0.0
1985,team_lotus,102,Senna,0.0
1985,ferrari,105,Alboreto,0.0
1985,mclaren,182,Lauda,0.0
1985,renault,118,Warwick,0.0
1985,tyrrell,84,Brundle,0.0
1985,brabham,176,Surer,0.0
1985,alfa,119,Patrese,0.0
1985,toleman,170,Fabi,0.0
1985,arrows,123,Boutsen,0.0
1985,toleman,160,Ghinzani,0.0
1985,mclaren,117,Prost,0.0
1985,renault,175,Tambay,0.0
1985,lola,178,Jones,0.0
1985,team_lotus,173,de Angelis,0.0
1985,brabham,137,Piquet,0.0
1985,alfa,158,Cheever,0.0
1985,williams,95,Mansell,0.0
1984,mclaren,117,Prost,9.0
1984,williams,177,Rosberg,6.0
1984,team_lotus,173,de Angelis,4.0
1984,alfa,158,Cheever,3.0
1984,renault,175,Tambay,2.0
1984,arrows,123,Boutsen,1.0
1984,arrows,176,Surer,0.0
1984,ram,156,Palmer,0.0
1984,tyrrell,84,Brundle,0.0
1984,renault,118,Warwick,0.0
1984,ligier,110,de Cesaris,0.0
1984,alfa,119,Patrese,0.0
1984,mclaren,182,Lauda,0.0
1984,team_lotus,95,Mansell,0.0
1984,brabham,137,Piquet,0.0
1984,brabham,170,Fabi,0.0
1984,ferrari,163,Arnoux,0.0
1984,osella,160,Ghinzani,0.0
1984,ligier,183,Hesnault,0.0
1984,ram,112,Alliot,0.0
1984,toleman,188,Cecotto,0.0
1984,williams,172,Laffite,0.0
1984,ferrari,105,Alboreto,0.0
1984,spirit,184,Baldi,0.0
1984,tyrrell,185,Bellof,0.0
1984,toleman,102,Senna,0.0
1984,ats,181,Winkelhock,0.0
1984,mclaren,182,Lauda,9.0
1984,mclaren,117,Prost,6.0
1984,renault,118,Warwick,4.0
1984,alfa,119,Patrese,3.0
1984,ligier,110,de Cesaris,2.0
1984,toleman,102,Senna,1.0
1984,team_lotus,173,de Angelis,0.0
1984,spirit,184,Baldi,0.0
1984,arrows,176,Surer,0.0
1984,ligier,183,Hesnault,0.0
1984,ferrari,105,Alboreto,0.0
1984,arrows,123,Boutsen,0.0
1984,tyrrell,84,Brundle,0.0
1984,renault,175,Tambay,0.0
1984,tyrrell,185,Bellof,0.0
1984,williams,172,Laffite,0.0
1984,ats,181,Winkelhock,0.0
1984,williams,177,Rosberg,0.0
1984,team_lotus,95,Mansell,0.0
1984,ferrari,163,Arnoux,0.0
1984,brabham,137,Piquet,0.0
1984,toleman,188,Cecotto,0.0
1984,ram,112,Alliot,0.0
1984,ram,156,Palmer,0.0
1984,brabham,170,Fabi,0.0
1984,alfa,158,Cheever,0.0
1984,osella,160,Ghinzani,0.0
1984,ferrari,105,Alboreto,9.0
1984,renault,118,Warwick,6.0
1984,ferrari,163,Arnoux,4.0
1984,williams,177,Rosberg,3.0
1984,team_lotus,173,de Angelis,2.0
1984,toleman,102,Senna,1.0
1984,renault,175,Tambay,0.0
1984,arrows,176,Surer,0.0
1984,brabham,137,Piquet,0.0
1984,ram,156,Palmer,0.0
1984,tyrrell,185,Bellof,0.0
1984,spirit,184,Baldi,0.0
1984,tyrrell,84,Brundle,0.0
1984,ligier,110,de Cesaris,0.0
1984,brabham,170,Fabi,0.0
1984,ats,181,Winkelhock,0.0
1984,mclaren,182,Lauda,0.0
1984,alfa,158,Cheever,0.0
1984,williams,172,Laffite,0.0
1984,ligier,183,Hesnault,0.0
1984,arrows,123,Boutsen,0.0
1984,osella,160,Ghinzani,0.0
1984,team_lotus,95,Mansell,0.0
1984,mclaren,117,Prost,0.0
1984,alfa,119,Patrese,0.0
1984,toleman,188,Cecotto,0.0
1984,ram,112,Alliot,0.0
1984,mclaren,117,Prost,9.0
1984,ferrari,163,Arnoux,6.0
1984,team_lotus,173,de Angelis,4.0
1984,renault,118,Warwick,3.0
1984,arrows,123,Boutsen,2.0
1984,ligier,110,de Cesaris,1.0
1984,alfa,158,Cheever,0.0
1984,spirit,184,Baldi,0.0
1984,ram,156,Palmer,0.0
1984,tyrrell,185,Bellof,0.0
1984,tyrrell,84,Brundle,0.0
1984,ram,112,Alliot,0.0
1984,toleman,188,Cecotto,0.0
1984,brabham,137,Piquet,0.0
1984,brabham,170,Fabi,0.0
1984,osella,189,Gartner,0.0
1984,arrows,176,Surer,0.0
1984,ats,181,Winkelhock,0.0
1984,ferrari,105,Alboreto,0.0
1984,mclaren,182,Lauda,0.0
1984,williams,172,Laffite,0.0
1984,alfa,119,Patrese,0.0
1984,team_lotus,95,Mansell,0.0
1984,williams,177,Rosberg,0.0
1984,renault,175,Tambay,0.0
1984,ligier,183,Hesnault,0.0
1984,osella,160,Ghinzani,0.0
1984,toleman,102,Senna,0.0
1984,mclaren,182,Lauda,9.0
1984,renault,175,Tambay,6.0
1984,team_lotus,95,Mansell,4.0
1984,ferrari,163,Arnoux,3.0
1984,team_lotus,173,de Angelis,2.0
1984,williams,177,Rosberg,1.0
1984,mclaren,117,Prost,0.0
1984,williams,172,Laffite,0.0
1984,brabham,170,Fabi,0.0
1984,ligier,110,de Cesaris,0.0
1984,arrows,123,Boutsen,0.0
1984,osella,160,Ghinzani,0.0
1984,ram,156,Palmer,0.0
1984,tyrrell,84,Brundle,0.0
1984,spirit,184,Baldi,0.0
1984,renault,118,Warwick,0.0
1984,arrows,176,Surer,0.0
1984,alfa,158,Cheever,0.0
1984,toleman,102,Senna,0.0
1984,ferrari,105,Alboreto,0.0
1984,toleman,188,Cecotto,0.0
1984,alfa,119,Patrese,0.0
1984,brabham,137,Piquet,0.0
1984,tyrrell,185,Bellof,0.0
1984,ats,181,Winkelhock,0.0
1984,ram,112,Alliot,0.0
1984,mclaren,117,Prost,4.5
1984,toleman,102,Senna,3.0
1984,ferrari,163,Arnoux,2.0
1984,williams,177,Rosberg,1.5
1984,team_lotus,173,de Angelis,1.0
1984,ferrari,105,Alboreto,0.5
1984,osella,160,Ghinzani,0.0
1984,williams,172,Laffite,0.0
1984,tyrrell,185,Bellof,0.0
1984,alfa,119,Patrese,0.0
1984,mclaren,182,Lauda,0.0
1984,ats,181,Winkelhock,0.0
1984,team_lotus,95,Mansell,0.0
1984,brabham,137,Piquet,0.0
1984,ligier,183,Hesnault,0.0
1984,brabham,190,Fabi,0.0
1984,toleman,188,Cecotto,0.0
1984,renault,118,Warwick,0.0
1984,renault,175,Tambay,0.0
1984,ligier,110,de Cesaris,0.0
1984,arrows,176,Surer,0.0
1984,tyrrell,84,Brundle,0.0
1984,alfa,158,Cheever,0.0
1984,arrows,123,Boutsen,0.0
1984,ram,156,Palmer,0.0
1984,spirit,184,Baldi,0.0
1984,ram,112,Alliot,0.0
1984,brabham,137,Piquet,9.0
1984,mclaren,182,Lauda,6.0
1984,mclaren,117,Prost,4.0
1984,team_lotus,173,de Angelis,3.0
1984,ferrari,163,Arnoux,2.0
1984,team_lotus,95,Mansell,1.0
1984,toleman,102,Senna,0.0
1984,ats,181,Winkelhock,0.0
1984,toleman,188,Cecotto,0.0
1984,ram,112,Alliot,0.0
1984,alfa,158,Cheever,0.0
1984,tyrrell,84,Brundle,0.0
1984,arrows,176,Surer,0.0
1984,renault,118,Warwick,0.0
1984,spirit,179,Rothengatter,0.0
1984,tyrrell,185,Bellof,0.0
1984,ligier,110,de Cesaris,0.0
1984,brabham,190,Fabi,0.0
1984,arrows,123,Boutsen,0.0
1984,alfa,119,Patrese,0.0
1984,williams,177,Rosberg,0.0
1984,williams,172,Laffite,0.0
1984,ram,191,Thackwell,0.0
1984,osella,160,Ghinzani,0.0
1984,ferrari,105,Alboreto,0.0
1984,ligier,183,Hesnault,0.0
1984,brabham,137,Piquet,9.0
1984,team_lotus,173,de Angelis,6.0
1984,brabham,170,Fabi,4.0
1984,mclaren,117,Prost,3.0
1984,williams,172,Laffite,2.0
1984,tyrrell,84,Brundle,0.0
1984,ferrari,105,Alboreto,0.0
1984,williams,177,Rosberg,0.0
1984,renault,118,Warwick,0.0
1984,tyrrell,185,Bellof,0.0
1984,renault,175,Tambay,0.0
1984,ram,112,Alliot,0.0
1984,mclaren,182,Lauda,0.0
1984,team_lotus,95,Mansell,0.0
1984,arrows,123,Boutsen,0.0
1984,ligier,110,de Cesaris,0.0
1984,toleman,188,Cecotto,0.0
1984,alfa,158,Cheever,0.0
1984,toleman,102,Senna,0.0
1984,alfa,119,Patrese,0.0
1984,ligier,183,Hesnault,0.0
1984,osella,160,Ghinzani,0.0
1984,ferrari,163,Arnoux,0.0
1984,ram,156,Palmer,0.0
1984,ats,181,Winkelhock,0.0
1984,arrows,176,Surer,0.0
1984,spirit,179,Rothengatter,0.0
1984,williams,177,Rosberg,9.0
1984,ferrari,163,Arnoux,6.0
1984,team_lotus,173,de Angelis,4.0
1984,williams,172,Laffite,3.0
1984,osella,160,Ghinzani,2.0
1984,team_lotus,95,Mansell,1.0
1984,brabham,190,Fabi,0.0
1984,ats,181,Winkelhock,0.0
1984,mclaren,182,Lauda,0.0
1984,mclaren,117,Prost,0.0
1984,arrows,123,Boutsen,0.0
1984,ferrari,105,Alboreto,0.0
1984,arrows,176,Surer,0.0
1984,toleman,102,Senna,0.0
1984,ram,156,Palmer,0.0
1984,brabham,137,Piquet,0.0
1984,renault,175,Tambay,0.0
1984,toleman,188,Cecotto,0.0
1984,ligier,110,de Cesaris,0.0
1984,spirit,179,Rothengatter,0.0
1984,alfa,119,Patrese,0.0
1984,renault,118,Warwick,0.0
1984,tyrrell,185,Bellof,0.0
1984,alfa,158,Cheever,0.0
1984,ligier,183,Hesnault,0.0
1984,tyrrell,84,Brundle,0.0
1984,mclaren,182,Lauda,9.0
1984,renault,118,Warwick,6.0
1984,toleman,102,Senna,4.0
1984,team_lotus,173,de Angelis,3.0
1984,ferrari,105,Alboreto,2.0
1984,ferrari,163,Arnoux,1.0
1984,brabham,137,Piquet,0.0
1984,renault,175,Tambay,0.0
1984,osella,160,Ghinzani,0.0
1984,ligier,110,de Cesaris,0.0
1984,arrows,176,Surer,0.0
1984,alfa,119,Patrese,0.0
1984,tyrrell,185,Bellof,0.0
1984,spirit,179,Rothengatter,0.0
1984,ligier,183,Hesnault,0.0
1984,mclaren,117,Prost,0.0
1984,team_lotus,95,Mansell,0.0
1984,arrows,123,Boutsen,0.0
1984,williams,172,Laffite,0.0
1984,ram,156,Palmer,0.0
1984,brabham,170,Fabi,0.0
1984,ats,181,Winkelhock,0.0
1984,williams,177,Rosberg,0.0
1984,tyrrell,140,Johansson,0.0
1984,alfa,158,Cheever,0.0
1984,ram,112,Alliot,0.0
1984,osella,189,Gartner,0.0
1984,toleman,188,Cecotto,0.0
1984,mclaren,117,Prost,9.0
1984,mclaren,182,Lauda,6.0
1984,renault,118,Warwick,4.0
1984,team_lotus,95,Mansell,3.0
1984,renault,175,Tambay,2.0
1984,ferrari,163,Arnoux,1.0
1984,ligier,110,de Cesaris,0.0
1984,ligier,183,Hesnault,0.0
1984,spirit,179,Rothengatter,0.0
1984,tyrrell,140,Johansson,0.0
1984,ats,181,Winkelhock,0.0
1984,alfa,158,Cheever,0.0
1984,brabham,170,Fabi,0.0
1984,brabham,137,Piquet,0.0
1984,alfa,119,Patrese,0.0
1984,osella,160,Ghinzani,0.0
1984,osella,189,Gartner,0.0
1984,ferrari,105,Alboreto,0.0
1984,ram,156,Palmer,0.0
1984,williams,177,Rosberg,0.0
1984,williams,172,Laffite,0.0
1984,arrows,123,Boutsen,0.0
1984,team_lotus,173,de Angelis,0.0
1984,ram,112,Alliot,0.0
1984,toleman,102,Senna,0.0
1984,arrows,176,Surer,0.0
1984,tyrrell,191,Thackwell,0.0
1984,mclaren,182,Lauda,9.0
1984,brabham,137,Piquet,6.0
1984,ferrari,105,Alboreto,4.0
1984,brabham,170,Fabi,3.0
1984,arrows,123,Boutsen,2.0
1984,arrows,176,Surer,1.0
1984,ferrari,163,Arnoux,0.0
1984,ligier,183,Hesnault,0.0
1984,ram,156,Palmer,0.0
1984,alfa,119,Patrese,0.0
1984,ram,112,Alliot,0.0
1984,ats,77,Berger,0.0
1984,renault,175,Tambay,0.0
1984,toleman,102,Senna,0.0
1984,team_lotus,95,Mansell,0.0
1984,mclaren,117,Prost,0.0
1984,team_lotus,173,de Angelis,0.0
1984,spirit,179,Rothengatter,0.0
1984,alfa,158,Cheever,0.0
1984,renault,118,Warwick,0.0
1984,ligier,110,de Cesaris,0.0
1984,williams,177,Rosberg,0.0
1984,williams,172,Laffite,0.0
1984,osella,189,Gartner,0.0
1984,osella,160,Ghinzani,0.0
1984,tyrrell,185,Bellof,0.0
1984,tyrrell,140,Johansson,0.0
1984,mclaren,117,Prost,9.0
1984,mclaren,182,Lauda,6.0
1984,team_lotus,95,Mansell,4.0
1984,team_lotus,173,de Angelis,3.0
1984,brabham,170,Fabi,2.0
1984,renault,175,Tambay,1.0
1984,ligier,183,Hesnault,0.0
1984,williams,177,Rosberg,0.0
1984,ram,156,Palmer,0.0
1984,ram,112,Alliot,0.0
1984,ferrari,163,Arnoux,0.0
1984,osella,189,Gartner,0.0
1984,alfa,158,Cheever,0.0
1984,tyrrell,185,Bellof,0.0
1984,tyrrell,140,Johansson,0.0
1984,arrows,123,Boutsen,0.0
1984,spirit,179,Rothengatter,0.0
1984,alfa,119,Patrese,0.0
1984,ligier,110,de Cesaris,0.0
1984,williams,172,Laffite,0.0
1984,renault,118,Warwick,0.0
1984,ats,181,Winkelhock,0.0
1984,toleman,102,Senna,0.0
1984,arrows,176,Surer,0.0
1984,brabham,137,Piquet,0.0
1984,osella,160,Ghinzani,0.0
1984,ferrari,105,Alboreto,0.0
1984,mclaren,182,Lauda,9.0
1984,ferrari,105,Alboreto,6.0
1984,alfa,119,Patrese,4.0
1984,toleman,140,Johansson,3.0
1984,osella,189,Gartner,0.0
1984,ats,77,Berger,0.0
1984,osella,160,Ghinzani,0.0
1984,spirit,179,Rothengatter,0.0
1984,alfa,158,Cheever,0.0
1984,arrows,123,Boutsen,0.0
1984,renault,175,Tambay,0.0
1984,brabham,170,Fabi,0.0
1984,arrows,176,Surer,0.0
1984,renault,118,Warwick,0.0
1984,ram,156,Palmer,0.0
1984,brabham,137,Piquet,0.0
1984,team_lotus,173,de Angelis,0.0
1984,team_lotus,95,Mansell,0.0
1984,williams,172,Laffite,0.0
1984,williams,177,Rosberg,0.0
1984,ligier,110,de Cesaris,0.0
1984,ligier,183,Hesnault,0.0
1984,ram,112,Alliot,0.0
1984,ferrari,163,Arnoux,0.0
1984,mclaren,117,Prost,0.0
1984,ats,181,Winkelhock,0.0
1984,toleman,94,Martini,0.0
1984,mclaren,117,Prost,9.0
1984,ferrari,105,Alboreto,6.0
1984,brabham,137,Piquet,4.0
1984,mclaren,182,Lauda,3.0
1984,ferrari,163,Arnoux,2.0
1984,alfa,119,Patrese,1.0
1984,ligier,110,de Cesaris,0.0
1984,spirit,184,Baldi,0.0
1984,arrows,123,Boutsen,0.0
1984,ligier,183,Hesnault,0.0
1984,renault,118,Warwick,0.0
1984,osella,189,Gartner,0.0
1984,brabham,170,Fabi,0.0
1984,team_lotus,95,Mansell,0.0
1984,renault,175,Tambay,0.0
1984,alfa,158,Cheever,0.0
1984,ram,112,Alliot,0.0
1984,ram,156,Palmer,0.0
1984,williams,172,Laffite,0.0
1984,team_lotus,173,de Angelis,0.0
1984,toleman,140,Johansson,0.0
1984,williams,177,Rosberg,0.0
1984,toleman,102,Senna,0.0
1984,arrows,176,Surer,0.0
1984,ats,77,Berger,0.0
1984,osella,160,Ghinzani,0.0
1984,mclaren,117,Prost,9.0
1984,mclaren,182,Lauda,6.0
1984,toleman,102,Senna,4.0
1984,ferrari,105,Alboreto,3.0
1984,team_lotus,173,de Angelis,2.0
1984,brabham,137,Piquet,1.0
1984,renault,175,Tambay,0.0
1984,alfa,119,Patrese,0.0
1984,ferrari,163,Arnoux,0.0
1984,brabham,181,Winkelhock,0.0
1984,toleman,140,Johansson,0.0
1984,ligier,110,de Cesaris,0.0
1984,ats,77,Berger,0.0
1984,williams,172,Laffite,0.0
1984,spirit,184,Baldi,0.0
1984,osella,189,Gartner,0.0
1984,alfa,158,Cheever,0.0
1984,osella,160,Ghinzani,0.0
1984,team_lotus,95,Mansell,0.0
1984,renault,118,Warwick,0.0
1984,renault,166,Streiff,0.0
1984,williams,177,Rosberg,0.0
1984,ligier,183,Hesnault,0.0
1984,arrows,123,Boutsen,0.0
1984,ram,156,Palmer,0.0
1984,arrows,176,Surer,0.0
1984,ram,112,Alliot,0.0
1983,brabham,137,Piquet,9.0
1983,mclaren,182,Lauda,4.0
1983,williams,172,Laffite,3.0
1983,ferrari,175,Tambay,2.0
1983,arrows,176,Surer,1.0
1983,renault,117,Prost,0.0
1983,toleman,118,Warwick,0.0
1983,arrows,192,Serra,0.0
1983,ferrari,163,Arnoux,0.0
1983,tyrrell,193,Sullivan,0.0
1983,team_lotus,95,Mansell,0.0
1983,theodore,188,Cecotto,0.0
1983,ram,194,Salazar,0.0
1983,ats,181,Winkelhock,0.0
1983,williams,177,Rosberg,0.0
1983,team_lotus,173,de Angelis,0.0
1983,theodore,195,Guerrero,0.0
1983,renault,158,Cheever,0.0
1983,mclaren,187,Watson,0.0
1983,ligier,196,Boesel,0.0
1983,alfa,184,Baldi,0.0
1983,ligier,197,Jarier,0.0
1983,brabham,119,Patrese,0.0
1983,osella,190,Fabi,0.0
1983,toleman,152,Giacomelli,0.0
1983,tyrrell,105,Alboreto,0.0
1983,alfa,110,de Cesaris,0.0
1983,osella,160,Ghinzani,0.0
1983,mclaren,187,Watson,9.0
1983,mclaren,182,Lauda,6.0
1983,ferrari,163,Arnoux,4.0
1983,williams,172,Laffite,3.0
1983,arrows,176,Surer,2.0
1983,theodore,188,Cecotto,1.0
1983,ligier,196,Boesel,0.0
1983,tyrrell,193,Sullivan,0.0
1983,tyrrell,105,Alboreto,0.0
1983,brabham,119,Patrese,0.0
1983,renault,117,Prost,0.0
1983,team_lotus,95,Mansell,0.0
1983,renault,158,Cheever,0.0
1983,arrows,178,Jones,0.0
1983,brabham,137,Piquet,0.0
1983,alfa,110,de Cesaris,0.0
1983,team_lotus,173,de Angelis,0.0
1983,theodore,195,Guerrero,0.0
1983,ligier,197,Jarier,0.0
1983,toleman,152,Giacomelli,0.0
1983,alfa,184,Baldi,0.0
1983,ferrari,175,Tambay,0.0
1983,williams,177,Rosberg,0.0
1983,ram,194,Salazar,0.0
1983,toleman,118,Warwick,0.0
1983,ats,181,Winkelhock,0.0
1983,osella,190,Fabi,0.0
1983,osella,160,Ghinzani,0.0
1983,renault,117,Prost,9.0
1983,brabham,137,Piquet,6.0
1983,renault,158,Cheever,4.0
1983,ferrari,175,Tambay,3.0
1983,williams,177,Rosberg,2.0
1983,williams,172,Laffite,1.0
1983,ferrari,163,Arnoux,0.0
1983,tyrrell,105,Alboreto,0.0
1983,ligier,197,Jarier,0.0
1983,arrows,176,Surer,0.0
1983,theodore,188,Cecotto,0.0
1983,alfa,110,de Cesaris,0.0
1983,toleman,152,Giacomelli,0.0
1983,ligier,196,Boesel,0.0
1983,osella,190,Fabi,0.0
1983,ats,181,Winkelhock,0.0
1983,mclaren,182,Lauda,0.0
1983,alfa,184,Baldi,0.0
1983,arrows,192,Serra,0.0
1983,theodore,195,Guerrero,0.0
1983,tyrrell,193,Sullivan,0.0
1983,team_lotus,173,de Angelis,0.0
1983,brabham,119,Patrese,0.0
1983,toleman,118,Warwick,0.0
1983,team_lotus,95,Mansell,0.0
1983,mclaren,187,Watson,0.0
1983,ram,194,Salazar,0.0
1983,osella,160,Ghinzani,0.0
1983,ram,168,Schlesser,0.0
1983,ferrari,175,Tambay,9.0
1983,renault,117,Prost,6.0
1983,ferrari,163,Arnoux,4.0
1983,williams,177,Rosberg,3.0
1983,mclaren,187,Watson,2.0
1983,arrows,176,Surer,1.0
1983,williams,172,Laffite,0.0
1983,arrows,192,Serra,0.0
1983,ligier,196,Boesel,0.0
1983,alfa,184,Baldi,0.0
1983,ats,181,Winkelhock,0.0
1983,team_lotus,95,Mansell,0.0
1983,brabham,119,Patrese,0.0
1983,alfa,110,de Cesaris,0.0
1983,team_lotus,173,de Angelis,0.0
1983,brabham,137,Piquet,0.0
1983,ligier,197,Jarier,0.0
1983,tyrrell,193,Sullivan,0.0
1983,toleman,118,Warwick,0.0
1983,osella,190,Fabi,0.0
1983,toleman,152,Giacomelli,0.0
1983,mclaren,182,Lauda,0.0
1983,theodore,188,Cecotto,0.0
1983,tyrrell,105,Alboreto,0.0
1983,theodore,195,Guerrero,0.0
1983,renault,158,Cheever,0.0
1983,ram,194,Salazar,0.0
1983,osella,160,Ghinzani,0.0
1983,williams,177,Rosberg,9.0
1983,brabham,137,Piquet,6.0
1983,renault,117,Prost,4.0
1983,ferrari,175,Tambay,3.0
1983,tyrrell,193,Sullivan,2.0
1983,alfa,184,Baldi,1.0
1983,arrows,192,Serra,0.0
1983,brabham,119,Patrese,0.0
1983,williams,172,Laffite,0.0
1983,arrows,176,Surer,0.0
1983,toleman,118,Warwick,0.0
1983,team_lotus,173,de Angelis,0.0
1983,ligier,197,Jarier,0.0
1983,renault,158,Cheever,0.0
1983,alfa,110,de Cesaris,0.0
1983,ferrari,163,Arnoux,0.0
1983,ligier,196,Boesel,0.0
1983,ats,181,Winkelhock,0.0
1983,tyrrell,105,Alboreto,0.0
1983,team_lotus,95,Mansell,0.0
1983,toleman,152,Giacomelli,0.0
1983,mclaren,182,Lauda,0.0
1983,mclaren,187,Watson,0.0
1983,osella,190,Fabi,0.0
1983,ram,194,Salazar,0.0
1983,osella,160,Ghinzani,0.0
1983,theodore,188,Cecotto,0.0
1983,theodore,195,Guerrero,0.0
1983,renault,117,Prost,9.0
1983,ferrari,175,Tambay,6.0
1983,renault,158,Cheever,4.0
1983,brabham,137,Piquet,3.0
1983,williams,177,Rosberg,2.0
1983,williams,172,Laffite,1.0
1983,toleman,118,Warwick,0.0
1983,toleman,152,Giacomelli,0.0
1983,team_lotus,173,de Angelis,0.0
1983,theodore,188,Cecotto,0.0
1983,arrows,176,Surer,0.0
1983,tyrrell,193,Sullivan,0.0
1983,ligier,196,Boesel,0.0
1983,tyrrell,105,Alboreto,0.0
1983,mclaren,182,Lauda,0.0
1983,team_lotus,95,Mansell,0.0
1983,alfa,110,de Cesaris,0.0
1983,theodore,195,Guerrero,0.0
1983,ferrari,163,Arnoux,0.0
1983,osella,190,Fabi,0.0
1983,ats,181,Winkelhock,0.0
1983,mclaren,187,Watson,0.0
1983,ligier,197,Jarier,0.0
1983,arrows,123,Boutsen,0.0
1983,alfa,184,Baldi,0.0
1983,brabham,119,Patrese,0.0
1983,osella,160,Ghinzani,0.0
1983,ram,194,Salazar,0.0
1983,tyrrell,105,Alboreto,9.0
1983,williams,177,Rosberg,6.0
1983,mclaren,187,Watson,4.0
1983,brabham,137,Piquet,3.0
1983,williams,172,Laffite,2.0
1983,team_lotus,95,Mansell,1.0
1983,arrows,123,Boutsen,0.0
1983,renault,117,Prost,0.0
1983,toleman,152,Giacomelli,0.0
1983,ligier,196,Boesel,0.0
1983,arrows,176,Surer,0.0
1983,alfa,184,Baldi,0.0
1983,mclaren,182,Lauda,0.0
1983,theodore,195,Guerrero,0.0
1983,theodore,188,Cecotto,0.0
1983,alfa,110,de Cesaris,0.0
1983,ferrari,163,Arnoux,0.0
1983,tyrrell,193,Sullivan,0.0
1983,ligier,197,Jarier,0.0
1983,ats,181,Winkelhock,0.0
1983,toleman,118,Warwick,0.0
1983,brabham,119,Patrese,0.0
1983,team_lotus,173,de Angelis,0.0
1983,renault,158,Cheever,0.0
1983,osella,160,Ghinzani,0.0
1983,ferrari,175,Tambay,0.0
1983,osella,190,Fabi,0.0
1983,ferrari,163,Arnoux,9.0
1983,renault,158,Cheever,6.0
1983,ferrari,175,Tambay,4.0
1983,williams,177,Rosberg,3.0
1983,renault,117,Prost,2.0
1983,mclaren,187,Watson,1.0
1983,arrows,123,Boutsen,0.0
1983,tyrrell,105,Alboreto,0.0
1983,ats,181,Winkelhock,0.0
1983,alfa,184,Baldi,0.0
1983,tyrrell,193,Sullivan,0.0
1983,brabham,119,Patrese,0.0
1983,toleman,118,Warwick,0.0
1983,toleman,152,Giacomelli,0.0
1983,team_lotus,95,Mansell,0.0
1983,alfa,110,de Cesaris,0.0
1983,williams,172,Laffite,0.0
1983,ligier,196,Boesel,0.0
1983,theodore,195,Guerrero,0.0
1983,osella,190,Fabi,0.0
1983,theodore,188,Cecotto,0.0
1983,brabham,137,Piquet,0.0
1983,mclaren,182,Lauda,0.0
1983,team_lotus,173,de Angelis,0.0
1983,arrows,176,Surer,0.0
1983,ligier,197,Jarier,0.0
1983,ram,198,Villeneuve Sr.,0.0
1983,osella,160,Ghinzani,0.0
1983,renault,117,Prost,9.0
1983,brabham,137,Piquet,6.0
1983,ferrari,175,Tambay,4.0
1983,team_lotus,95,Mansell,3.0
1983,ferrari,163,Arnoux,2.0
1983,mclaren,182,Lauda,1.0
1983,alfa,184,Baldi,0.0
1983,alfa,110,de Cesaris,0.0
1983,mclaren,187,Watson,0.0
1983,ligier,197,Jarier,0.0
1983,williams,177,Rosberg,0.0
1983,williams,172,Laffite,0.0
1983,tyrrell,105,Alboreto,0.0
1983,tyrrell,193,Sullivan,0.0
1983,arrows,123,Boutsen,0.0
1983,theodore,195,Guerrero,0.0
1983,arrows,176,Surer,0.0
1983,ats,181,Winkelhock,0.0
1983,ligier,196,Boesel,0.0
1983,osella,160,Ghinzani,0.0
1983,toleman,118,Warwick,0.0
1983,brabham,119,Patrese,0.0
1983,spirit,140,Johansson,0.0
1983,renault,158,Cheever,0.0
1983,toleman,152,Giacomelli,0.0
1983,team_lotus,173,de Angelis,0.0
1983,theodore,188,Cecotto,0.0
1983,osella,190,Fabi,0.0
1983,ram,186,Acheson,0.0
1983,ferrari,163,Arnoux,9.0
1983,alfa,110,de Cesaris,6.0
1983,brabham,119,Patrese,4.0
1983,renault,117,Prost,3.0
1983,mclaren,187,Watson,2.0
1983,williams,172,Laffite,1.0
1983,arrows,176,Surer,0.0
1983,ligier,197,Jarier,0.0
1983,arrows,123,Boutsen,0.0
1983,williams,177,Rosberg,0.0
1983,theodore,188,Cecotto,0.0
1983,tyrrell,193,Sullivan,0.0
1983,brabham,137,Piquet,0.0
1983,mclaren,182,Lauda,0.0
1983,renault,158,Cheever,0.0
1983,osella,160,Ghinzani,0.0
1983,ligier,196,Boesel,0.0
1983,alfa,184,Baldi,0.0
1983,toleman,152,Giacomelli,0.0
1983,toleman,118,Warwick,0.0
1983,spirit,140,Johansson,0.0
1983,ferrari,175,Tambay,0.0
1983,team_lotus,173,de Angelis,0.0
1983,tyrrell,105,Alboreto,0.0
1983,team_lotus,95,Mansell,0.0
1983,theodore,195,Guerrero,0.0
1983,ram,186,Acheson,0.0
1983,osella,190,Fabi,0.0
1983,ats,181,Winkelhock,0.0
1983,renault,117,Prost,9.0
1983,ferrari,163,Arnoux,6.0
1983,brabham,137,Piquet,4.0
1983,renault,158,Cheever,3.0
1983,team_lotus,95,Mansell,2.0
1983,mclaren,182,Lauda,1.0
1983,ligier,197,Jarier,0.0
1983,williams,177,Rosberg,0.0
1983,mclaren,187,Watson,0.0
1983,osella,190,Fabi,0.0
1983,osella,160,Ghinzani,0.0
1983,spirit,140,Johansson,0.0
1983,arrows,123,Boutsen,0.0
1983,ats,181,Winkelhock,0.0
1983,alfa,110,de Cesaris,0.0
1983,ferrari,175,Tambay,0.0
1983,brabham,119,Patrese,0.0
1983,theodore,195,Guerrero,0.0
1983,williams,172,Laffite,0.0
1983,alfa,184,Baldi,0.0
1983,tyrrell,105,Alboreto,0.0
1983,toleman,118,Warwick,0.0
1983,toleman,152,Giacomelli,0.0
1983,team_lotus,173,de Angelis,0.0
1983,arrows,176,Surer,0.0
1983,tyrrell,193,Sullivan,0.0
1983,ligier,196,Boesel,0.0
1983,theodore,188,Cecotto,0.0
1983,ram,186,Acheson,0.0
1983,ferrari,163,Arnoux,9.0
1983,ferrari,175,Tambay,6.0
1983,mclaren,187,Watson,4.0
1983,toleman,118,Warwick,3.0
1983,alfa,184,Baldi,2.0
1983,tyrrell,105,Alboreto,1.0
1983,spirit,140,Johansson,0.0
1983,arrows,176,Surer,0.0
1983,brabham,119,Patrese,0.0
1983,ligier,196,Boesel,0.0
1983,osella,190,Fabi,0.0
1983,theodore,195,Guerrero,0.0
1983,toleman,152,Giacomelli,0.0
1983,arrows,123,Boutsen,0.0
1983,williams,177,Rosberg,0.0
1983,ats,181,Winkelhock,0.0
1983,brabham,137,Piquet,0.0
1983,renault,117,Prost,0.0
1983,renault,158,Cheever,0.0
1983,williams,172,Laffite,0.0
1983,team_lotus,95,Mansell,0.0
1983,mclaren,182,Lauda,0.0
1983,tyrrell,193,Sullivan,0.0
1983,team_lotus,173,de Angelis,0.0
1983,alfa,110,de Cesaris,0.0
1983,ligier,197,Jarier,0.0
1983,osella,160,Ghinzani,0.0
1983,theodore,188,Cecotto,0.0
1983,ram,186,Acheson,0.0
1983,brabham,137,Piquet,9.0
1983,ferrari,163,Arnoux,6.0
1983,renault,158,Cheever,4.0
1983,ferrari,175,Tambay,3.0
1983,team_lotus,173,de Angelis,2.0
1983,toleman,118,Warwick,1.0
1983,toleman,152,Giacomelli,0.0
1983,team_lotus,95,Mansell,0.0
1983,ligier,197,Jarier,0.0
1983,arrows,176,Surer,0.0
1983,williams,177,Rosberg,0.0
1983,theodore,188,Cecotto,0.0
1983,theodore,195,Guerrero,0.0
1983,osella,190,Fabi,0.0
1983,tyrrell,193,Sullivan,0.0
1983,arrows,123,Boutsen,0.0
1983,ats,181,Winkelhock,0.0
1983,tyrrell,105,Alboreto,0.0
1983,renault,117,Prost,0.0
1983,mclaren,182,Lauda,0.0
1983,mclaren,187,Watson,0.0
1983,osella,160,Ghinzani,0.0
1983,alfa,184,Baldi,0.0
1983,spirit,140,Johansson,0.0
1983,brabham,119,Patrese,0.0
1983,alfa,110,de Cesaris,0.0
1983,ligier,196,Boesel,0.0
1983,williams,172,Laffite,0.0
1983,ram,186,Acheson,0.0
1983,brabham,137,Piquet,9.0
1983,renault,117,Prost,6.0
1983,team_lotus,95,Mansell,4.0
1983,alfa,110,de Cesaris,3.0
1983,toleman,118,Warwick,2.0
1983,toleman,152,Giacomelli,1.0
1983,brabham,119,Patrese,0.0
1983,ats,181,Winkelhock,0.0
1983,ferrari,163,Arnoux,0.0
1983,renault,158,Cheever,0.0
1983,arrows,123,Boutsen,0.0
1983,theodore,195,Guerrero,0.0
1983,williams,156,Palmer,0.0
1983,spirit,140,Johansson,0.0
1983,ligier,196,Boesel,0.0
1983,ferrari,175,Tambay,0.0
1983,tyrrell,105,Alboreto,0.0
1983,osella,160,Ghinzani,0.0
1983,arrows,176,Surer,0.0
1983,williams,177,Rosberg,0.0
1983,alfa,184,Baldi,0.0
1983,mclaren,187,Watson,0.0
1983,tyrrell,193,Sullivan,0.0
1983,mclaren,182,Lauda,0.0
1983,team_lotus,173,de Angelis,0.0
1983,ligier,197,Jarier,0.0
1983,ram,186,Acheson,0.0
1983,osella,190,Fabi,0.0
1983,williams,172,Laffite,0.0
1983,brabham,119,Patrese,9.0
1983,alfa,110,de Cesaris,6.0
1983,brabham,137,Piquet,4.0
1983,toleman,118,Warwick,3.0
1983,williams,177,Rosberg,2.0
1983,renault,158,Cheever,1.0
1983,tyrrell,193,Sullivan,0.0
1983,arrows,176,Surer,0.0
1983,arrows,123,Boutsen,0.0
1983,ligier,197,Jarier,0.0
1983,mclaren,182,Lauda,0.0
1983,ram,186,Acheson,0.0
1983,team_lotus,95,Mansell,0.0
1983,ligier,196,Boesel,0.0
1983,tyrrell,105,Alboreto,0.0
1983,ferrari,175,Tambay,0.0
1983,toleman,152,Giacomelli,0.0
1983,renault,117,Prost,0.0
1983,osella,190,Fabi,0.0
1983,team_lotus,173,de Angelis,0.0
1983,mclaren,187,Watson,0.0
1983,ferrari,163,Arnoux,0.0
1983,alfa,184,Baldi,0.0
1983,ats,181,Winkelhock,0.0
1983,williams,172,Laffite,0.0
1983,osella,160,Ghinzani,0.0
1982,renault,117,Prost,9.0
1982,williams,199,Reutemann,6.0
1982,renault,163,Arnoux,4.0
1982,mclaren,182,Lauda,3.0
1982,williams,177,Rosberg,2.0
1982,mclaren,187,Watson,1.0
1982,tyrrell,105,Alboreto,0.0
1982,team_lotus,173,de Angelis,0.0
1982,ats,194,Salazar,0.0
1982,ats,181,Winkelhock,0.0
1982,alfa,152,Giacomelli,0.0
1982,march,200,Mass,0.0
1982,alfa,110,de Cesaris,0.0
1982,theodore,206,Daly,0.0
1982,march,196,Boesel,0.0
1982,tyrrell,201,Borgudd,0.0
1982,fittipaldi,192,Serra,0.0
1982,ferrari,202,Pironi,0.0
1982,ligier,172,Laffite,0.0
1982,toleman,118,Warwick,0.0
1982,brabham,119,Patrese,0.0
1982,ligier,158,Cheever,0.0
1982,ferrari,203,Villeneuve,0.0
1982,brabham,137,Piquet,0.0
1982,team_lotus,95,Mansell,0.0
1982,osella,197,Jarier,0.0
1982,arrows,184,Baldi,0.0
1982,osella,204,Paletti,0.0
1982,arrows,205,Henton,0.0
1982,ensign,195,Guerrero,0.0
1982,toleman,170,Fabi,0.0
1982,renault,117,Prost,9.0
1982,mclaren,187,Watson,6.0
1982,team_lotus,95,Mansell,4.0
1982,tyrrell,105,Alboreto,3.0
1982,ats,181,Winkelhock,2.0
1982,ferrari,202,Pironi,1.0
1982,tyrrell,201,Borgudd,0.0
1982,march,200,Mass,0.0
1982,osella,197,Jarier,0.0
1982,arrows,184,Baldi,0.0
1982,brabham,137,Piquet,0.0
1982,williams,177,Rosberg,0.0
1982,ats,194,Salazar,0.0
1982,fittipaldi,192,Serra,0.0
1982,brabham,119,Patrese,0.0
1982,ferrari,203,Villeneuve,0.0
1982,mclaren,182,Lauda,0.0
1982,renault,163,Arnoux,0.0
1982,williams,199,Reutemann,0.0
1982,team_lotus,173,de Angelis,0.0
1982,ligier,158,Cheever,0.0
1982,alfa,152,Giacomelli,0.0
1982,ligier,172,Laffite,0.0
1982,alfa,110,de Cesaris,0.0
1982,theodore,206,Daly,0.0
1982,march,196,Boesel,0.0
1982,toleman,170,Fabi,0.0
1982,arrows,205,Henton,0.0
1982,toleman,118,Warwick,0.0
1982,ensign,195,Guerrero,0.0
1982,osella,204,Paletti,0.0
1982,mclaren,182,Lauda,9.0
1982,williams,177,Rosberg,6.0
1982,brabham,119,Patrese,4.0
1982,tyrrell,105,Alboreto,3.0
1982,team_lotus,173,de Angelis,2.0
1982,mclaren,187,Watson,1.0
1982,team_lotus,95,Mansell,0.0
1982,march,200,Mass,0.0
1982,march,196,Boesel,0.0
1982,tyrrell,201,Borgudd,0.0
1982,ferrari,203,Villeneuve,0.0
1982,ligier,158,Cheever,0.0
1982,alfa,110,de Cesaris,0.0
1982,arrows,205,Henton,0.0
1982,ensign,195,Guerrero,0.0
1982,ligier,172,Laffite,0.0
1982,osella,197,Jarier,0.0
1982,brabham,137,Piquet,0.0
1982,theodore,206,Daly,0.0
1982,williams,207,Andretti,0.0
1982,renault,117,Prost,0.0
1982,ferrari,202,Pironi,0.0
1982,renault,163,Arnoux,0.0
1982,alfa,152,Giacomelli,0.0
1982,ats,194,Salazar,0.0
1982,ats,181,Winkelhock,0.0
1982,toleman,170,Fabi,0.0
1982,osella,204,Paletti,0.0
1982,fittipaldi,192,Serra,0.0
1982,arrows,184,Baldi,0.0
1982,toleman,118,Warwick,0.0
1982,ferrari,202,Pironi,9.0
1982,ferrari,203,Villeneuve,6.0
1982,tyrrell,105,Alboreto,4.0
1982,osella,197,Jarier,3.0
1982,ats,194,Salazar,2.0
1982,ats,181,Winkelhock,0.0
1982,toleman,170,Fabi,0.0
1982,renault,163,Arnoux,0.0
1982,alfa,152,Giacomelli,0.0
1982,osella,204,Paletti,0.0
1982,renault,117,Prost,0.0
1982,alfa,110,de Cesaris,0.0
1982,tyrrell,205,Henton,0.0
1982,toleman,118,Warwick,0.0
1982,mclaren,187,Watson,9.0
1982,williams,177,Rosberg,6.0
1982,ligier,158,Cheever,4.0
1982,team_lotus,173,de Angelis,3.0
1982,brabham,137,Piquet,2.0
1982,fittipaldi,192,Serra,1.0
1982,arrows,176,Surer,0.0
1982,march,196,Boesel,0.0
1982,ligier,172,Laffite,0.0
1982,mclaren,182,Lauda,0.0
1982,williams,206,Daly,0.0
1982,march,200,Mass,0.0
1982,renault,117,Prost,0.0
1982,brabham,119,Patrese,0.0
1982,arrows,184,Baldi,0.0
1982,osella,197,Jarier,0.0
1982,alfa,110,de Cesaris,0.0
1982,tyrrell,205,Henton,0.0
1982,tyrrell,105,Alboreto,0.0
1982,toleman,118,Warwick,0.0
1982,toleman,170,Fabi,0.0
1982,team_lotus,95,Mansell,0.0
1982,renault,163,Arnoux,0.0
1982,ats,181,Winkelhock,0.0
1982,alfa,152,Giacomelli,0.0
1982,ats,194,Salazar,0.0
1982,ferrari,202,Pironi,0.0
1982,ferrari,203,Villeneuve,0.0
1982,ensign,195,Guerrero,0.0
1982,theodore,136,Lammers,0.0
1982,osella,204,Paletti,0.0
1982,march,208,de Villota,0.0
1982,brabham,119,Patrese,9.0
1982,ferrari,202,Pironi,6.0
1982,alfa,110,de Cesaris,4.0
1982,team_lotus,95,Mansell,3.0
1982,team_lotus,173,de Angelis,2.0
1982,williams,206,Daly,1.0
1982,renault,117,Prost,0.0
1982,tyrrell,205,Henton,0.0
1982,arrows,176,Surer,0.0
1982,tyrrell,105,Alboreto,0.0
1982,williams,177,Rosberg,0.0
1982,mclaren,182,Lauda,0.0
1982,brabham,137,Piquet,0.0
1982,mclaren,187,Watson,0.0
1982,ats,181,Winkelhock,0.0
1982,ligier,172,Laffite,0.0
1982,ligier,158,Cheever,0.0
1982,ats,194,Salazar,0.0
1982,renault,163,Arnoux,0.0
1982,alfa,152,Giacomelli,0.0
1982,arrows,184,Baldi,0.0
1982,theodore,136,Lammers,0.0
1982,march,200,Mass,0.0
1982,toleman,118,Warwick,0.0
1982,osella,197,Jarier,0.0
1982,ensign,195,Guerrero,0.0
1982,toleman,170,Fabi,0.0
1982,osella,204,Paletti,0.0
1982,march,196,Boesel,0.0
1982,fittipaldi,192,Serra,0.0
1982,march,208,de Villota,0.0
1982,mclaren,187,Watson,9.0
1982,ligier,158,Cheever,6.0
1982,ferrari,202,Pironi,4.0
1982,williams,177,Rosberg,3.0
1982,williams,206,Daly,2.0
1982,ligier,172,Laffite,1.0
1982,march,200,Mass,0.0
1982,arrows,176,Surer,0.0
1982,tyrrell,205,Henton,0.0
1982,renault,163,Arnoux,0.0
1982,fittipaldi,192,Serra,0.0
1982,renault,117,Prost,0.0
1982,team_lotus,95,Mansell,0.0
1982,mclaren,182,Lauda,0.0
1982,tyrrell,105,Alboreto,0.0
1982,alfa,152,Giacomelli,0.0
1982,team_lotus,173,de Angelis,0.0
1982,ats,194,Salazar,0.0
1982,ensign,195,Guerrero,0.0
1982,brabham,119,Patrese,0.0
1982,alfa,110,de Cesaris,0.0
1982,osella,197,Jarier,0.0
1982,ats,181,Winkelhock,0.0
1982,march,196,Boesel,0.0
1982,arrows,184,Baldi,0.0
1982,osella,204,Paletti,0.0
1982,march,208,de Villota,0.0
1982,brabham,137,Piquet,0.0
1982,theodore,136,Lammers,0.0
1982,brabham,137,Piquet,9.0
1982,brabham,119,Patrese,6.0
1982,mclaren,187,Watson,4.0
1982,team_lotus,173,de Angelis,3.0
1982,arrows,176,Surer,2.0
1982,alfa,110,de Cesaris,1.0
1982,williams,206,Daly,0.0
1982,arrows,184,Baldi,0.0
1982,ferrari,202,Pironi,0.0
1982,ligier,158,Cheever,0.0
1982,march,200,Mass,0.0
1982,tyrrell,205,Henton,0.0
1982,williams,177,Rosberg,0.0
1982,march,196,Boesel,0.0
1982,tyrrell,105,Alboreto,0.0
1982,renault,117,Prost,0.0
1982,renault,163,Arnoux,0.0
1982,ats,194,Salazar,0.0
1982,mclaren,182,Lauda,0.0
1982,ligier,172,Laffite,0.0
1982,ensign,195,Guerrero,0.0
1982,alfa,152,Giacomelli,0.0
1982,team_lotus,95,Mansell,0.0
1982,osella,197,Jarier,0.0
1982,osella,204,Paletti,0.0
1982,theodore,209,Lees,0.0
1982,ats,181,Winkelhock,0.0
1982,march,208,de Villota,0.0
1982,fittipaldi,192,Serra,0.0
1982,ferrari,202,Pironi,9.0
1982,brabham,137,Piquet,6.0
1982,williams,177,Rosberg,4.0
1982,mclaren,182,Lauda,3.0
1982,williams,206,Daly,2.0
1982,arrows,184,Baldi,1.0
1982,tyrrell,105,Alboreto,0.0
1982,ferrari,175,Tambay,0.0
1982,mclaren,187,Watson,0.0
1982,arrows,176,Surer,0.0
1982,alfa,152,Giacomelli,0.0
1982,ats,181,Winkelhock,0.0
1982,ats,194,Salazar,0.0
1982,osella,197,Jarier,0.0
1982,brabham,119,Patrese,0.0
1982,march,200,Mass,0.0
1982,theodore,136,Lammers,0.0
1982,team_lotus,173,de Angelis,0.0
1982,alfa,110,de Cesaris,0.0
1982,renault,117,Prost,0.0
1982,renault,163,Arnoux,0.0
1982,tyrrell,205,Henton,0.0
1982,march,196,Boesel,0.0
1982,fittipaldi,192,Serra,0.0
1982,toleman,118,Warwick,0.0
1982,ligier,172,Laffite,0.0
1982,ensign,195,Guerrero,0.0
1982,toleman,170,Fabi,0.0
1982,ligier,158,Cheever,0.0
1982,team_lotus,90,Moreno,0.0
1982,march,208,de Villota,0.0
1982,mclaren,182,Lauda,9.0
1982,ferrari,202,Pironi,6.0
1982,ferrari,175,Tambay,4.0
1982,team_lotus,173,de Angelis,3.0
1982,williams,206,Daly,2.0
1982,renault,117,Prost,1.0
1982,alfa,152,Giacomelli,0.0
1982,tyrrell,205,Henton,0.0
1982,arrows,184,Baldi,0.0
1982,march,200,Mass,0.0
1982,alfa,110,de Cesaris,0.0
1982,ligier,158,Cheever,0.0
1982,arrows,176,Surer,0.0
1982,williams,177,Rosberg,0.0
1982,tyrrell,105,Alboreto,0.0
1982,ligier,172,Laffite,0.0
1982,toleman,118,Warwick,0.0
1982,team_lotus,95,Mansell,0.0
1982,brabham,137,Piquet,0.0
1982,ensign,195,Guerrero,0.0
1982,osella,197,Jarier,0.0
1982,fittipaldi,192,Serra,0.0
1982,mclaren,187,Watson,0.0
1982,brabham,119,Patrese,0.0
1982,renault,163,Arnoux,0.0
1982,toleman,170,Fabi,0.0
1982,ats,181,Winkelhock,0.0
1982,theodore,136,Lammers,0.0
1982,ats,194,Salazar,0.0
1982,march,196,Boesel,0.0
1982,renault,163,Arnoux,9.0
1982,renault,117,Prost,6.0
1982,ferrari,202,Pironi,4.0
1982,ferrari,175,Tambay,3.0
1982,williams,177,Rosberg,2.0
1982,tyrrell,105,Alboreto,1.0
1982,williams,206,Daly,0.0
1982,mclaren,182,Lauda,0.0
1982,alfa,152,Giacomelli,0.0
1982,tyrrell,205,Henton,0.0
1982,ats,181,Winkelhock,0.0
1982,team_lotus,209,Lees,0.0
1982,arrows,176,Surer,0.0
1982,ligier,172,Laffite,0.0
1982,toleman,118,Warwick,0.0
1982,ligier,158,Cheever,0.0
1982,alfa,110,de Cesaris,0.0
1982,brabham,137,Piquet,0.0
1982,team_lotus,173,de Angelis,0.0
1982,mclaren,187,Watson,0.0
1982,march,200,Mass,0.0
1982,arrows,184,Baldi,0.0
1982,brabham,119,Patrese,0.0
1982,ats,194,Salazar,0.0
1982,osella,197,Jarier,0.0
1982,toleman,170,Fabi,0.0
1982,theodore,136,Lammers,0.0
1982,ensign,195,Guerrero,0.0
1982,march,196,Boesel,0.0
1982,ferrari,175,Tambay,9.0
1982,renault,163,Arnoux,6.0
1982,williams,177,Rosberg,4.0
1982,tyrrell,105,Alboreto,3.0
1982,alfa,152,Giacomelli,2.0
1982,arrows,176,Surer,1.0
1982,tyrrell,205,Henton,0.0
1982,ensign,195,Guerrero,0.0
1982,team_lotus,95,Mansell,0.0
1982,toleman,118,Warwick,0.0
1982,fittipaldi,192,Serra,0.0
1982,mclaren,187,Watson,0.0
1982,ligier,172,Laffite,0.0
1982,williams,206,Daly,0.0
1982,march,196,Boesel,0.0
1982,team_lotus,173,de Angelis,0.0
1982,brabham,137,Piquet,0.0
1982,ats,194,Salazar,0.0
1982,renault,117,Prost,0.0
1982,brabham,119,Patrese,0.0
1982,alfa,110,de Cesaris,0.0
1982,ligier,158,Cheever,0.0
1982,arrows,184,Baldi,0.0
1982,osella,197,Jarier,0.0
1982,ats,181,Winkelhock,0.0
1982,ferrari,202,Pironi,0.0
1982,theodore,210,Byrne,0.0
1982,march,211,Keegan,0.0
1982,toleman,170,Fabi,0.0
1982,team_lotus,173,de Angelis,9.0
1982,williams,177,Rosberg,6.0
1982,ligier,172,Laffite,4.0
1982,ferrari,175,Tambay,3.0
1982,mclaren,182,Lauda,2.0
1982,arrows,184,Baldi,1.0
1982,fittipaldi,192,Serra,0.0
1982,renault,117,Prost,0.0
1982,mclaren,187,Watson,0.0
1982,tyrrell,205,Henton,0.0
1982,brabham,137,Piquet,0.0
1982,theodore,210,Byrne,0.0
1982,arrows,176,Surer,0.0
1982,brabham,119,Patrese,0.0
1982,ligier,158,Cheever,0.0
1982,team_lotus,95,Mansell,0.0
1982,renault,163,Arnoux,0.0
1982,ats,181,Winkelhock,0.0
1982,toleman,118,Warwick,0.0
1982,toleman,170,Fabi,0.0
1982,ensign,195,Guerrero,0.0
1982,tyrrell,105,Alboreto,0.0
1982,march,211,Keegan,0.0
1982,williams,206,Daly,0.0
1982,alfa,110,de Cesaris,0.0
1982,alfa,152,Giacomelli,0.0
1982,march,196,Boesel,0.0
1982,osella,197,Jarier,0.0
1982,ats,194,Salazar,0.0
1982,williams,177,Rosberg,9.0
1982,renault,117,Prost,6.0
1982,mclaren,182,Lauda,4.0
1982,brabham,137,Piquet,3.0
1982,brabham,119,Patrese,2.0
1982,team_lotus,173,de Angelis,1.0
1982,tyrrell,105,Alboreto,0.0
1982,team_lotus,95,Mansell,0.0
1982,williams,206,Daly,0.0
1982,alfa,110,de Cesaris,0.0
1982,tyrrell,205,Henton,0.0
1982,alfa,152,Giacomelli,0.0
1982,mclaren,187,Watson,0.0
1982,ats,194,Salazar,0.0
1982,arrows,176,Surer,0.0
1982,renault,163,Arnoux,0.0
1982,ligier,158,Cheever,0.0
1982,ats,181,Winkelhock,0.0
1982,osella,197,Jarier,0.0
1982,ligier,172,Laffite,0.0
1982,toleman,170,Fabi,0.0
1982,march,196,Boesel,0.0
1982,march,211,Keegan,0.0
1982,toleman,118,Warwick,0.0
1982,ensign,195,Guerrero,0.0
1982,ferrari,175,Tambay,0.0
1982,fittipaldi,192,Serra,0.0
1982,theodore,210,Byrne,0.0
1982,arrows,184,Baldi,0.0
1982,renault,163,Arnoux,9.0
1982,ferrari,175,Tambay,6.0
1982,ferrari,207,Andretti,4.0
1982,mclaren,187,Watson,3.0
1982,tyrrell,105,Alboreto,2.0
1982,ligier,158,Cheever,1.0
1982,team_lotus,95,Mansell,0.0
1982,williams,177,Rosberg,0.0
1982,ats,194,Salazar,0.0
1982,alfa,110,de Cesaris,0.0
1982,fittipaldi,192,Serra,0.0
1982,arrows,184,Baldi,0.0
1982,ensign,195,Guerrero,0.0
1982,team_lotus,173,de Angelis,0.0
1982,alfa,152,Giacomelli,0.0
1982,arrows,176,Surer,0.0
1982,renault,117,Prost,0.0
1982,mclaren,182,Lauda,0.0
1982,osella,197,Jarier,0.0
1982,brabham,137,Piquet,0.0
1982,brabham,119,Patrese,0.0
1982,ligier,172,Laffite,0.0
1982,toleman,170,Fabi,0.0
1982,williams,206,Daly,0.0
1982,toleman,118,Warwick,0.0
1982,tyrrell,205,Henton,0.0
1982,march,211,Keegan,0.0
1982,ats,181,Winkelhock,0.0
1982,march,196,Boesel,0.0
1982,theodore,210,Byrne,0.0
1982,tyrrell,105,Alboreto,9.0
1982,mclaren,187,Watson,6.0
1982,ligier,158,Cheever,4.0
1982,renault,117,Prost,3.0
1982,williams,177,Rosberg,2.0
1982,williams,206,Daly,1.0
1982,arrows,176,Surer,0.0
1982,tyrrell,205,Henton,0.0
1982,alfa,110,de Cesaris,0.0
1982,alfa,152,Giacomelli,0.0
1982,arrows,184,Baldi,0.0
1982,march,211,Keegan,0.0
1982,march,196,Boesel,0.0
1982,ats,181,Winkelhock,0.0
1982,mclaren,182,Lauda,0.0
1982,theodore,210,Byrne,0.0
1982,toleman,118,Warwick,0.0
1982,team_lotus,173,de Angelis,0.0
1982,ferrari,207,Andretti,0.0
1982,brabham,137,Piquet,0.0
1982,renault,163,Arnoux,0.0
1982,brabham,119,Patrese,0.0
1982,team_lotus,95,Mansell,0.0
1982,ligier,172,Laffite,0.0
1982,ferrari,175,Tambay,0.0
1982,ensign,195,Guerrero,0.0
1982,osella,197,Jarier,0.0
1982,toleman,170,Fabi,0.0
1982,ats,194,Salazar,0.0
1982,fittipaldi,192,Serra,0.0
1981,williams,178,Jones,9.0
1981,williams,199,Reutemann,6.0
1981,brabham,137,Piquet,4.0
1981,alfa,207,Andretti,3.0
1981,tyrrell,158,Cheever,2.0
1981,theodore,175,Tambay,1.0
1981,fittipaldi,192,Serra,0.0
1981,renault,163,Arnoux,0.0
1981,ensign,176,Surer,0.0
1981,ferrari,202,Pironi,0.0
1981,ligier,197,Jarier,0.0
1981,brabham,212,Rebaque,0.0
1981,alfa,152,Giacomelli,0.0
1981,ligier,172,Laffite,0.0
1981,fittipaldi,177,Rosberg,0.0
1981,ats,136,Lammers,0.0
1981,arrows,119,Patrese,0.0
1981,osella,213,Gabbiani,0.0
1981,team_lotus,95,Mansell,0.0
1981,ferrari,203,Villeneuve,0.0
1981,mclaren,187,Watson,0.0
1981,team_lotus,173,de Angelis,0.0
1981,renault,117,Prost,0.0
1981,mclaren,110,de Cesaris,0.0
1981,tyrrell,214,Cogan,0.0
1981,march,206,Daly,0.0
1981,osella,215,Guerra,0.0
1981,arrows,216,Stohr,0.0
1981,march,194,Salazar,0.0
1981,williams,199,Reutemann,9.0
1981,williams,178,Jones,6.0
1981,arrows,119,Patrese,4.0
1981,ensign,176,Surer,3.0
1981,team_lotus,173,de Angelis,2.0
1981,ligier,172,Laffite,1.0
1981,ligier,197,Jarier,0.0
1981,mclaren,187,Watson,0.0
1981,fittipaldi,177,Rosberg,0.0
1981,theodore,175,Tambay,0.0
1981,team_lotus,95,Mansell,0.0
1981,brabham,137,Piquet,0.0
1981,tyrrell,217,Zunino,0.0
1981,tyrrell,158,Cheever,0.0
1981,alfa,152,Giacomelli,0.0
1981,ferrari,203,Villeneuve,0.0
1981,brabham,212,Rebaque,0.0
1981,renault,117,Prost,0.0
1981,arrows,216,Stohr,0.0
1981,ferrari,202,Pironi,0.0
1981,mclaren,110,de Cesaris,0.0
1981,renault,163,Arnoux,0.0
1981,alfa,207,Andretti,0.0
1981,fittipaldi,192,Serra,0.0
1981,ats,136,Lammers,0.0
1981,osella,213,Gabbiani,0.0
1981,osella,215,Guerra,0.0
1981,osella,194,Salazar,0.0
1981,march,206,Daly,0.0
1981,ensign,218,Londoño,0.0
1981,brabham,137,Piquet,9.0
1981,williams,199,Reutemann,6.0
1981,renault,117,Prost,4.0
1981,williams,178,Jones,3.0
1981,renault,163,Arnoux,2.0
1981,team_lotus,173,de Angelis,1.0
1981,arrows,119,Patrese,0.0
1981,alfa,207,Andretti,0.0
1981,arrows,216,Stohr,0.0
1981,alfa,152,Giacomelli,0.0
1981,mclaren,110,de Cesaris,0.0
1981,ats,136,Lammers,0.0
1981,tyrrell,217,Zunino,0.0
1981,ferrari,203,Villeneuve,0.0
1981,theodore,175,Tambay,0.0
1981,mclaren,187,Watson,0.0
1981,brabham,212,Rebaque,0.0
1981,fittipaldi,192,Serra,0.0
1981,ligier,172,Laffite,0.0
1981,ensign,176,Surer,0.0
1981,fittipaldi,177,Rosberg,0.0
1981,team_lotus,95,Mansell,0.0
1981,ferrari,202,Pironi,0.0
1981,tyrrell,158,Cheever,0.0
1981,osella,215,Guerra,0.0
1981,osella,213,Gabbiani,0.0
1981,march,206,Daly,0.0
1981,ligier,219,Jabouille,0.0
1981,march,194,Salazar,0.0
1981,brabham,137,Piquet,9.0
1981,arrows,119,Patrese,6.0
1981,williams,199,Reutemann,4.0
1981,brabham,212,Rebaque,3.0
1981,ferrari,202,Pironi,2.0
1981,mclaren,110,de Cesaris,1.0
1981,ferrari,203,Villeneuve,0.0
1981,renault,163,Arnoux,0.0
1981,ensign,176,Surer,0.0
1981,mclaren,187,Watson,0.0
1981,theodore,175,Tambay,0.0
1981,williams,178,Jones,0.0
1981,ats,201,Borgudd,0.0
1981,ligier,219,Jabouille,0.0
1981,march,194,Salazar,0.0
1981,tyrrell,105,Alboreto,0.0
1981,osella,213,Gabbiani,0.0
1981,alfa,152,Giacomelli,0.0
1981,tyrrell,158,Cheever,0.0
1981,alfa,207,Andretti,0.0
1981,fittipaldi,177,Rosberg,0.0
1981,ligier,172,Laffite,0.0
1981,renault,117,Prost,0.0
1981,osella,215,Guerra,0.0
1981,arrows,216,Stohr,0.0
1981,march,206,Daly,0.0
1981,ats,136,Lammers,0.0
1981,fittipaldi,192,Serra,0.0
1981,toleman,118,Warwick,0.0
1981,toleman,205,Henton,0.0
1981,team_lotus,173,de Angelis,0.0
1981,team_lotus,95,Mansell,0.0
1981,williams,199,Reutemann,9.0
1981,ligier,172,Laffite,6.0
1981,team_lotus,95,Mansell,4.0
1981,ferrari,203,Villeneuve,3.0
1981,team_lotus,173,de Angelis,2.0
1981,tyrrell,158,Cheever,1.0
1981,mclaren,187,Watson,0.0
1981,ferrari,202,Pironi,0.0
1981,alfa,152,Giacomelli,0.0
1981,alfa,207,Andretti,0.0
1981,ensign,176,Surer,0.0
1981,tyrrell,105,Alboreto,0.0
1981,osella,160,Ghinzani,0.0
1981,brabham,212,Rebaque,0.0
1981,ligier,219,Jabouille,0.0
1981,fittipaldi,192,Serra,0.0
1981,osella,213,Gabbiani,0.0
1981,williams,178,Jones,0.0
1981,mclaren,110,de Cesaris,0.0
1981,brabham,137,Piquet,0.0
1981,fittipaldi,177,Rosberg,0.0
1981,renault,117,Prost,0.0
1981,arrows,119,Patrese,0.0
1981,arrows,216,Stohr,0.0
1981,march,206,Daly,0.0
1981,renault,163,Arnoux,0.0
1981,march,194,Salazar,0.0
1981,ats,201,Borgudd,0.0
1981,theodore,175,Tambay,0.0
1981,toleman,118,Warwick,0.0
1981,toleman,205,Henton,0.0
1981,ferrari,203,Villeneuve,9.0
1981,williams,178,Jones,6.0
1981,ligier,172,Laffite,4.0
1981,ferrari,202,Pironi,3.0
1981,tyrrell,158,Cheever,2.0
1981,ensign,176,Surer,1.0
1981,theodore,175,Tambay,0.0
1981,brabham,137,Piquet,0.0
1981,mclaren,187,Watson,0.0
1981,tyrrell,105,Alboreto,0.0
1981,alfa,152,Giacomelli,0.0
1981,renault,117,Prost,0.0
1981,williams,199,Reutemann,0.0
1981,team_lotus,173,de Angelis,0.0
1981,renault,163,Arnoux,0.0
1981,arrows,119,Patrese,0.0
1981,team_lotus,95,Mansell,0.0
1981,arrows,216,Stohr,0.0
1981,mclaren,110,de Cesaris,0.0
1981,alfa,207,Andretti,0.0
1981,fittipaldi,177,Rosberg,0.0
1981,ligier,219,Jabouille,0.0
1981,brabham,212,Rebaque,0.0
1981,fittipaldi,192,Serra,0.0
1981,osella,160,Ghinzani,0.0
1981,osella,213,Gabbiani,0.0
1981,ats,201,Borgudd,0.0
1981,march,206,Daly,0.0
1981,march,194,Salazar,0.0
1981,toleman,205,Henton,0.0
1981,toleman,118,Warwick,0.0
1981,ferrari,203,Villeneuve,9.0
1981,ligier,172,Laffite,6.0
1981,mclaren,187,Watson,4.0
1981,williams,199,Reutemann,3.0
1981,team_lotus,173,de Angelis,2.0
1981,team_lotus,95,Mansell,1.0
1981,williams,178,Jones,0.0
1981,alfa,207,Andretti,0.0
1981,renault,163,Arnoux,0.0
1981,alfa,152,Giacomelli,0.0
1981,fittipaldi,192,Serra,0.0
1981,fittipaldi,177,Rosberg,0.0
1981,theodore,175,Tambay,0.0
1981,ensign,194,Salazar,0.0
1981,ferrari,202,Pironi,0.0
1981,march,206,Daly,0.0
1981,tyrrell,158,Cheever,0.0
1981,ligier,219,Jabouille,0.0
1981,brabham,212,Rebaque,0.0
1981,arrows,216,Stohr,0.0
1981,brabham,137,Piquet,0.0
1981,renault,117,Prost,0.0
1981,arrows,119,Patrese,0.0
1981,mclaren,110,de Cesaris,0.0
1981,tyrrell,105,Alboreto,0.0
1981,osella,213,Gabbiani,0.0
1981,ats,201,Borgudd,0.0
1981,toleman,205,Henton,0.0
1981,toleman,118,Warwick,0.0
1981,osella,220,Francia,0.0
1981,renault,117,Prost,9.0
1981,mclaren,187,Watson,6.0
1981,brabham,137,Piquet,4.0
1981,renault,163,Arnoux,3.0
1981,ferrari,202,Pironi,2.0
1981,team_lotus,173,de Angelis,1.0
1981,team_lotus,95,Mansell,0.0
1981,alfa,207,Andretti,0.0
1981,brabham,212,Rebaque,0.0
1981,williams,199,Reutemann,0.0
1981,mclaren,110,de Cesaris,0.0
1981,theodore,176,Surer,0.0
1981,tyrrell,158,Cheever,0.0
1981,arrows,119,Patrese,0.0
1981,alfa,152,Giacomelli,0.0
1981,tyrrell,105,Alboreto,0.0
1981,williams,178,Jones,0.0
1981,ligier,172,Laffite,0.0
1981,march,206,Daly,0.0
1981,ferrari,203,Villeneuve,0.0
1981,ligier,175,Tambay,0.0
1981,fittipaldi,177,Rosberg,0.0
1981,ensign,194,Salazar,0.0
1981,fittipaldi,192,Serra,0.0
1981,arrows,216,Stohr,0.0
1981,toleman,205,Henton,0.0
1981,ats,201,Borgudd,0.0
1981,osella,213,Gabbiani,0.0
1981,toleman,118,Warwick,0.0
1981,mclaren,187,Watson,9.0
1981,williams,199,Reutemann,6.0
1981,ligier,172,Laffite,4.0
1981,tyrrell,158,Cheever,3.0
1981,brabham,212,Rebaque,2.0
1981,ats,201,Borgudd,1.0
1981,march,206,Daly,0.0
1981,osella,197,Jarier,0.0
1981,renault,163,Arnoux,0.0
1981,arrows,119,Patrese,0.0
1981,theodore,176,Surer,0.0
1981,alfa,207,Andretti,0.0
1981,fittipaldi,177,Rosberg,0.0
1981,team_lotus,173,de Angelis,0.0
1981,renault,117,Prost,0.0
1981,ligier,175,Tambay,0.0
1981,ferrari,202,Pironi,0.0
1981,brabham,137,Piquet,0.0
1981,alfa,152,Giacomelli,0.0
1981,ferrari,203,Villeneuve,0.0
1981,williams,178,Jones,0.0
1981,mclaren,110,de Cesaris,0.0
1981,tyrrell,105,Alboreto,0.0
1981,arrows,216,Stohr,0.0
1981,fittipaldi,192,Serra,0.0
1981,toleman,205,Henton,0.0
1981,team_lotus,95,Mansell,0.0
1981,ensign,194,Salazar,0.0
1981,toleman,118,Warwick,0.0
1981,osella,213,Gabbiani,0.0
1981,brabham,137,Piquet,9.0
1981,renault,117,Prost,6.0
1981,ligier,172,Laffite,4.0
1981,brabham,212,Rebaque,3.0
1981,tyrrell,158,Cheever,2.0
1981,mclaren,187,Watson,1.0
1981,team_lotus,173,de Angelis,0.0
1981,osella,197,Jarier,0.0
1981,alfa,207,Andretti,0.0
1981,ferrari,203,Villeneuve,0.0
1981,williams,178,Jones,0.0
1981,arrows,216,Stohr,0.0
1981,renault,163,Arnoux,0.0
1981,theodore,176,Surer,0.0
1981,alfa,152,Giacomelli,0.0
1981,ensign,194,Salazar,0.0
1981,ats,201,Borgudd,0.0
1981,williams,199,Reutemann,0.0
1981,arrows,119,Patrese,0.0
1981,ligier,175,Tambay,0.0
1981,march,206,Daly,0.0
1981,team_lotus,95,Mansell,0.0
1981,mclaren,110,de Cesaris,0.0
1981,ferrari,202,Pironi,0.0
1981,fittipaldi,177,Rosberg,0.0
1981,toleman,205,Henton,0.0
1981,osella,213,Gabbiani,0.0
1981,toleman,118,Warwick,0.0
1981,tyrrell,105,Alboreto,0.0
1981,fittipaldi,192,Serra,0.0
1981,ligier,172,Laffite,9.0
1981,renault,163,Arnoux,6.0
1981,brabham,137,Piquet,4.0
1981,williams,178,Jones,3.0
1981,williams,199,Reutemann,2.0
1981,mclaren,187,Watson,1.0
1981,team_lotus,173,de Angelis,0.0
1981,mclaren,110,de Cesaris,0.0
1981,ferrari,202,Pironi,0.0
1981,osella,197,Jarier,0.0
1981,march,206,Daly,0.0
1981,alfa,207,Andretti,0.0
1981,ats,201,Borgudd,0.0
1981,arrows,119,Patrese,0.0
1981,ensign,194,Salazar,0.0
1981,tyrrell,105,Alboreto,0.0
1981,alfa,152,Giacomelli,0.0
1981,brabham,212,Rebaque,0.0
1981,arrows,216,Stohr,0.0
1981,renault,117,Prost,0.0
1981,ligier,175,Tambay,0.0
1981,team_lotus,95,Mansell,0.0
1981,ferrari,203,Villeneuve,0.0
1981,theodore,176,Surer,0.0
1981,tyrrell,158,Cheever,0.0
1981,toleman,118,Warwick,0.0
1981,toleman,205,Henton,0.0
1981,osella,213,Gabbiani,0.0
1981,renault,117,Prost,9.0
1981,brabham,137,Piquet,6.0
1981,williams,178,Jones,4.0
1981,brabham,212,Rebaque,3.0
1981,team_lotus,173,de Angelis,2.0
1981,ensign,194,Salazar,1.0
1981,arrows,216,Stohr,0.0
1981,theodore,176,Surer,0.0
1981,tyrrell,105,Alboreto,0.0
1981,ats,201,Borgudd,0.0
1981,alfa,207,Andretti,0.0
1981,mclaren,187,Watson,0.0
1981,tyrrell,158,Cheever,0.0
1981,osella,197,Jarier,0.0
1981,renault,163,Arnoux,0.0
1981,alfa,152,Giacomelli,0.0
1981,ligier,172,Laffite,0.0
1981,williams,199,Reutemann,0.0
1981,arrows,119,Patrese,0.0
1981,march,206,Daly,0.0
1981,ferrari,202,Pironi,0.0
1981,team_lotus,95,Mansell,0.0
1981,ligier,175,Tambay,0.0
1981,ferrari,203,Villeneuve,0.0
1981,mclaren,110,de Cesaris,0.0
1981,toleman,205,Henton,0.0
1981,fittipaldi,177,Rosberg,0.0
1981,fittipaldi,192,Serra,0.0
1981,osella,213,Gabbiani,0.0
1981,toleman,118,Warwick,0.0
1981,renault,117,Prost,9.0
1981,williams,178,Jones,6.0
1981,williams,199,Reutemann,4.0
1981,team_lotus,173,de Angelis,3.0
1981,ferrari,202,Pironi,2.0
1981,brabham,137,Piquet,1.0
1981,mclaren,110,de Cesaris,0.0
1981,alfa,152,Giacomelli,0.0
1981,osella,197,Jarier,0.0
1981,toleman,205,Henton,0.0
1981,alfa,207,Andretti,0.0
1981,march,206,Daly,0.0
1981,ligier,175,Tambay,0.0
1981,team_lotus,95,Mansell,0.0
1981,mclaren,187,Watson,0.0
1981,arrows,119,Patrese,0.0
1981,tyrrell,105,Alboreto,0.0
1981,ensign,194,Salazar,0.0
1981,renault,163,Arnoux,0.0
1981,ligier,172,Laffite,0.0
1981,tyrrell,158,Cheever,0.0
1981,ats,201,Borgudd,0.0
1981,ferrari,203,Villeneuve,0.0
1981,brabham,212,Rebaque,0.0
1981,theodore,176,Surer,0.0
1981,osella,213,Gabbiani,0.0
1981,toleman,118,Warwick,0.0
1981,arrows,216,Stohr,0.0
1981,fittipaldi,177,Rosberg,0.0
1981,fittipaldi,192,Serra,0.0
1981,ligier,172,Laffite,9.0
1981,mclaren,187,Watson,6.0
1981,ferrari,203,Villeneuve,4.0
1981,alfa,152,Giacomelli,3.0
1981,brabham,137,Piquet,2.0
1981,team_lotus,173,de Angelis,1.0
1981,alfa,207,Andretti,0.0
1981,march,206,Daly,0.0
1981,theodore,176,Surer,0.0
1981,williams,199,Reutemann,0.0
1981,tyrrell,105,Alboreto,0.0
1981,tyrrell,158,Cheever,0.0
1981,mclaren,110,de Cesaris,0.0
1981,renault,117,Prost,0.0
1981,team_lotus,95,Mansell,0.0
1981,ats,201,Borgudd,0.0
1981,brabham,212,Rebaque,0.0
1981,osella,197,Jarier,0.0
1981,williams,178,Jones,0.0
1981,ferrari,202,Pironi,0.0
1981,ensign,194,Salazar,0.0
1981,ligier,175,Tambay,0.0
1981,arrows,119,Patrese,0.0
1981,renault,163,Arnoux,0.0
1981,fittipaldi,177,Rosberg,0.0
1981,fittipaldi,192,Serra,0.0
1981,toleman,205,Henton,0.0
1981,arrows,198,Villeneuve Sr.,0.0
1981,toleman,118,Warwick,0.0
1981,osella,213,Gabbiani,0.0
1981,williams,178,Jones,9.0
1981,renault,117,Prost,6.0
1981,alfa,152,Giacomelli,4.0
1981,team_lotus,95,Mansell,3.0
1981,brabham,137,Piquet,2.0
1981,ligier,172,Laffite,1.0
1981,mclaren,187,Watson,0.0
1981,williams,199,Reutemann,0.0
1981,ferrari,202,Pironi,0.0
1981,fittipaldi,177,Rosberg,0.0
1981,arrows,119,Patrese,0.0
1981,mclaren,110,de Cesaris,0.0
1981,tyrrell,105,Alboreto,0.0
1981,ensign,194,Salazar,0.0
1981,toleman,118,Warwick,0.0
1981,alfa,207,Andretti,0.0
1981,ferrari,203,Villeneuve,0.0
1981,brabham,212,Rebaque,0.0
1981,theodore,176,Surer,0.0
1981,tyrrell,158,Cheever,0.0
1981,renault,163,Arnoux,0.0
1981,ligier,175,Tambay,0.0
1981,team_lotus,173,de Angelis,0.0
1981,osella,197,Jarier,0.0
1981,ats,201,Borgudd,0.0
1981,fittipaldi,192,Serra,0.0
1981,march,206,Daly,0.0
1981,arrows,198,Villeneuve Sr.,0.0
1981,toleman,205,Henton,0.0
1981,osella,213,Gabbiani,0.0
2009,red_bull,20,Vettel,10.0
2009,red_bull,17,Webber,8.0
2009,brawn,18,Button,6.0
2009,brawn,22,Barrichello,5.0
2009,bmw_sauber,2,Heidfeld,4.0
2009,toyota,155,Kobayashi,3.0
2009,toyota,15,Trulli,2.0
2009,toro_rosso,67,Buemi,1.0
2009,williams,3,Rosberg,0.0
2009,bmw_sauber,9,Kubica,0.0
2009,mclaren,5,Kovalainen,0.0
2009,ferrari,8,Räikkönen,0.0
2009,williams,6,Nakajima,0.0
2009,renault,4,Alonso,0.0
2009,force_india,24,Liuzzi,0.0
2009,ferrari,21,Fisichella,0.0
2009,force_india,16,Sutil,0.0
2009,renault,154,Grosjean,0.0
2009,mclaren,1,Hamilton,0.0
2009,toro_rosso,153,Alguersuari,0.0
2010,ferrari,4,Alonso,25.0
2010,ferrari,13,Massa,18.0
2010,mclaren,1,Hamilton,15.0
2010,red_bull,20,Vettel,12.0
2010,mercedes,3,Rosberg,10.0
2010,mercedes,30,Schumacher,8.0
2010,mclaren,18,Button,6.0
2010,red_bull,17,Webber,4.0
2010,force_india,24,Liuzzi,2.0
2010,williams,22,Barrichello,1.0
2010,renault,9,Kubica,0.0
2010,force_india,16,Sutil,0.0
2010,toro_rosso,153,Alguersuari,0.0
2010,williams,807,Hülkenberg,0.0
2010,lotus_racing,5,Kovalainen,0.0
2010,toro_rosso,67,Buemi,0.0
2010,lotus_racing,15,Trulli,0.0
2010,sauber,37,de la Rosa,0.0
2010,hrt,811,Senna,0.0
2010,virgin,10,Glock,0.0
2010,renault,808,Petrov,0.0
2010,sauber,155,Kobayashi,0.0
2010,virgin,810,di Grassi,0.0
2010,hrt,812,Chandhok,0.0
2010,mclaren,18,Button,25.0
2010,renault,9,Kubica,18.0
2010,ferrari,13,Massa,15.0
2010,ferrari,4,Alonso,12.0
2010,mercedes,3,Rosberg,10.0
2010,mclaren,1,Hamilton,8.0
2010,force_india,24,Liuzzi,6.0
2010,williams,22,Barrichello,4.0
2010,red_bull,17,Webber,2.0
2010,mercedes,30,Schumacher,1.0
2010,toro_rosso,153,Alguersuari,0.0
2010,sauber,37,de la Rosa,0.0
2010,lotus_racing,5,Kovalainen,0.0
2010,hrt,812,Chandhok,0.0
2010,virgin,10,Glock,0.0
2010,virgin,810,di Grassi,0.0
2010,red_bull,20,Vettel,0.0
2010,force_india,16,Sutil,0.0
2010,renault,808,Petrov,0.0
2010,hrt,811,Senna,0.0
2010,toro_rosso,67,Buemi,0.0
2010,williams,807,Hülkenberg,0.0
2010,sauber,155,Kobayashi,0.0
2010,lotus_racing,15,Trulli,0.0
2010,red_bull,20,Vettel,25.0
2010,red_bull,17,Webber,18.0
2010,mercedes,3,Rosberg,15.0
2010,renault,9,Kubica,12.0
2010,force_india,16,Sutil,10.0
2010,mclaren,1,Hamilton,8.0
2010,ferrari,13,Massa,6.0
2010,mclaren,18,Button,4.0
2010,toro_rosso,153,Alguersuari,2.0
2010,williams,807,Hülkenberg,1.0
2010,toro_rosso,67,Buemi,0.0
2010,williams,22,Barrichello,0.0
2010,ferrari,4,Alonso,0.0
2010,virgin,810,di Grassi,0.0
2010,hrt,812,Chandhok,0.0
2010,hrt,811,Senna,0.0
2010,lotus_racing,15,Trulli,0.0
2010,lotus_racing,5,Kovalainen,0.0
2010,renault,808,Petrov,0.0
2010,force_india,24,Liuzzi,0.0
2010,mercedes,30,Schumacher,0.0
2010,sauber,155,Kobayashi,0.0
2010,virgin,10,Glock,0.0
2010,sauber,37,de la Rosa,0.0
2010,mclaren,18,Button,25.0
2010,mclaren,1,Hamilton,18.0
2010,mercedes,3,Rosberg,15.0
2010,ferrari,4,Alonso,12.0
2010,renault,9,Kubica,10.0
2010,red_bull,20,Vettel,8.0
2010,renault,808,Petrov,6.0
2010,red_bull,17,Webber,4.0
2010,ferrari,13,Massa,2.0
2010,mercedes,30,Schumacher,1.0
2010,force_india,16,Sutil,0.0
2010,williams,22,Barrichello,0.0
2010,toro_rosso,153,Alguersuari,0.0
2010,lotus_racing,5,Kovalainen,0.0
2010,williams,807,Hülkenberg,0.0
2010,hrt,811,Senna,0.0
2010,hrt,812,Chandhok,0.0
2010,lotus_racing,15,Trulli,0.0
2010,virgin,810,di Grassi,0.0
2010,sauber,37,de la Rosa,0.0
2010,toro_rosso,67,Buemi,0.0
2010,sauber,155,Kobayashi,0.0
2010,force_india,24,Liuzzi,0.0
2010,virgin,10,Glock,0.0
2010,red_bull,17,Webber,25.0
2010,ferrari,4,Alonso,18.0
2010,red_bull,20,Vettel,15.0
2010,mercedes,30,Schumacher,12.0
2010,mclaren,18,Button,10.0
2010,ferrari,13,Massa,8.0
2010,force_india,16,Sutil,6.0
2010,renault,9,Kubica,4.0
2010,williams,22,Barrichello,2.0
2010,toro_rosso,153,Alguersuari,1.0
2010,renault,808,Petrov,0.0
2010,sauber,155,Kobayashi,0.0
2010,mercedes,3,Rosberg,0.0
2010,mclaren,1,Hamilton,0.0
2010,force_india,24,Liuzzi,0.0
2010,williams,807,Hülkenberg,0.0
2010,lotus_racing,15,Trulli,0.0
2010,virgin,10,Glock,0.0
2010,virgin,810,di Grassi,0.0
2010,toro_rosso,67,Buemi,0.0
2010,hrt,812,Chandhok,0.0
2010,sauber,37,de la Rosa,0.0
2010,hrt,811,Senna,0.0
2010,lotus_racing,5,Kovalainen,0.0
2010,red_bull,17,Webber,25.0
2010,red_bull,20,Vettel,18.0
2010,renault,9,Kubica,15.0
2010,ferrari,13,Massa,12.0
2010,mclaren,1,Hamilton,10.0
2010,ferrari,4,Alonso,8.0
2010,mercedes,3,Rosberg,6.0
2010,force_india,16,Sutil,4.0
2010,force_india,24,Liuzzi,2.0
2010,toro_rosso,67,Buemi,1.0
2010,toro_rosso,153,Alguersuari,0.0
2010,mercedes,30,Schumacher,0.0
2010,renault,808,Petrov,0.0
2010,hrt,812,Chandhok,0.0
2010,lotus_racing,15,Trulli,0.0
2010,lotus_racing,5,Kovalainen,0.0
2010,hrt,811,Senna,0.0
2010,williams,22,Barrichello,0.0
2010,sauber,155,Kobayashi,0.0
2010,virgin,810,di Grassi,0.0
2010,virgin,10,Glock,0.0
2010,sauber,37,de la Rosa,0.0
2010,mclaren,18,Button,0.0
2010,williams,807,Hülkenberg,0.0
2010,mclaren,1,Hamilton,25.0
2010,mclaren,18,Button,18.0
2010,red_bull,17,Webber,15.0
2010,mercedes,30,Schumacher,12.0
2010,mercedes,3,Rosberg,10.0
2010,renault,9,Kubica,8.0
2010,ferrari,13,Massa,6.0
2010,ferrari,4,Alonso,4.0
2010,force_india,16,Sutil,2.0
2010,sauber,155,Kobayashi,1.0
2010,sauber,37,de la Rosa,0.0
2010,toro_rosso,153,Alguersuari,0.0
2010,force_india,24,Liuzzi,0.0
2010,williams,22,Barrichello,0.0
2010,renault,808,Petrov,0.0
2010,toro_rosso,67,Buemi,0.0
2010,williams,807,Hülkenberg,0.0
2010,virgin,10,Glock,0.0
2010,virgin,810,di Grassi,0.0
2010,hrt,812,Chandhok,0.0
2010,hrt,811,Senna,0.0
2010,red_bull,20,Vettel,0.0
2010,lotus_racing,5,Kovalainen,0.0
2010,lotus_racing,15,Trulli,0.0
2010,mclaren,1,Hamilton,25.0
2010,mclaren,18,Button,18.0
2010,ferrari,4,Alonso,15.0
2010,red_bull,20,Vettel,12.0
2010,red_bull,17,Webber,10.0
2010,mercedes,3,Rosberg,8.0
2010,renault,9,Kubica,6.0
2010,toro_rosso,67,Buemi,4.0
2010,force_india,24,Liuzzi,2.0
2010,force_india,16,Sutil,1.0
2010,mercedes,30,Schumacher,0.0
2010,toro_rosso,153,Alguersuari,0.0
2010,williams,807,Hülkenberg,0.0
2010,williams,22,Barrichello,0.0
2010,ferrari,13,Massa,0.0
2010,lotus_racing,5,Kovalainen,0.0
2010,renault,808,Petrov,0.0
2010,hrt,812,Chandhok,0.0
2010,virgin,810,di Grassi,0.0
2010,virgin,10,Glock,0.0
2010,lotus_racing,15,Trulli,0.0
2010,sauber,37,de la Rosa,0.0
2010,hrt,811,Senna,0.0
2010,sauber,155,Kobayashi,0.0
2010,red_bull,20,Vettel,25.0
2010,mclaren,1,Hamilton,18.0
2010,mclaren,18,Button,15.0
2010,williams,22,Barrichello,12.0
2010,renault,9,Kubica,10.0
2010,force_india,16,Sutil,8.0
2010,sauber,155,Kobayashi,6.0
2010,ferrari,4,Alonso,4.0
2010,toro_rosso,67,Buemi,2.0
2010,mercedes,3,Rosberg,1.0
2010,ferrari,13,Massa,0.0
2010,sauber,37,de la Rosa,0.0
2010,toro_rosso,153,Alguersuari,0.0
2010,renault,808,Petrov,0.0
2010,mercedes,30,Schumacher,0.0
2010,force_india,24,Liuzzi,0.0
2010,virgin,810,di Grassi,0.0
2010,hrt,812,Chandhok,0.0
2010,virgin,10,Glock,0.0
2010,hrt,811,Senna,0.0
2010,lotus_racing,15,Trulli,0.0
2010,williams,807,Hülkenberg,0.0
2010,lotus_racing,5,Kovalainen,0.0
2010,red_bull,17,Webber,0.0
2010,red_bull,17,Webber,25.0
2010,mclaren,1,Hamilton,18.0
2010,mercedes,3,Rosberg,15.0
2010,mclaren,18,Button,12.0
2010,williams,22,Barrichello,10.0
2010,sauber,155,Kobayashi,8.0
2010,red_bull,20,Vettel,6.0
2010,force_india,16,Sutil,4.0
2010,mercedes,30,Schumacher,2.0
2010,williams,807,Hülkenberg,1.0
2010,force_india,24,Liuzzi,0.0
2010,toro_rosso,67,Buemi,0.0
2010,renault,808,Petrov,0.0
2010,ferrari,4,Alonso,0.0
2010,ferrari,13,Massa,0.0
2010,lotus_racing,15,Trulli,0.0
2010,lotus_racing,5,Kovalainen,0.0
2010,virgin,10,Glock,0.0
2010,hrt,812,Chandhok,0.0
2010,hrt,29,Yamamoto,0.0
2010,toro_rosso,153,Alguersuari,0.0
2010,sauber,37,de la Rosa,0.0
2010,renault,9,Kubica,0.0
2010,virgin,810,di Grassi,0.0
2010,ferrari,4,Alonso,25.0
2010,ferrari,13,Massa,18.0
2010,red_bull,20,Vettel,15.0
2010,mclaren,1,Hamilton,12.0
2010,mclaren,18,Button,10.0
2010,red_bull,17,Webber,8.0
2010,renault,9,Kubica,6.0
2010,mercedes,3,Rosberg,4.0
2010,mercedes,30,Schumacher,2.0
2010,renault,808,Petrov,1.0
2010,sauber,155,Kobayashi,0.0
2010,williams,22,Barrichello,0.0
2010,williams,807,Hülkenberg,0.0
2010,sauber,37,de la Rosa,0.0
2010,toro_rosso,153,Alguersuari,0.0
2010,force_india,24,Liuzzi,0.0
2010,force_india,16,Sutil,0.0
2010,virgin,10,Glock,0.0
2010,hrt,811,Senna,0.0
2010,lotus_racing,5,Kovalainen,0.0
2010,virgin,810,di Grassi,0.0
2010,hrt,29,Yamamoto,0.0
2010,lotus_racing,15,Trulli,0.0
2010,toro_rosso,67,Buemi,0.0
2010,red_bull,17,Webber,25.0
2010,ferrari,4,Alonso,18.0
2010,red_bull,20,Vettel,15.0
2010,ferrari,13,Massa,12.0
2010,renault,808,Petrov,10.0
2010,williams,807,Hülkenberg,8.0
2010,sauber,37,de la Rosa,6.0
2010,mclaren,18,Button,4.0
2010,sauber,155,Kobayashi,2.0
2010,williams,22,Barrichello,1.0
2010,mercedes,30,Schumacher,0.0
2010,toro_rosso,67,Buemi,0.0
2010,force_india,24,Liuzzi,0.0
2010,lotus_racing,5,Kovalainen,0.0
2010,lotus_racing,15,Trulli,0.0
2010,virgin,10,Glock,0.0
2010,hrt,811,Senna,0.0
2010,virgin,810,di Grassi,0.0
2010,hrt,29,Yamamoto,0.0
2010,mclaren,1,Hamilton,0.0
2010,renault,9,Kubica,0.0
2010,mercedes,3,Rosberg,0.0
2010,force_india,16,Sutil,0.0
2010,toro_rosso,153,Alguersuari,0.0
2010,mclaren,1,Hamilton,25.0
2010,red_bull,17,Webber,18.0
2010,renault,9,Kubica,15.0
2010,ferrari,13,Massa,12.0
2010,force_india,16,Sutil,10.0
2010,mercedes,3,Rosberg,8.0
2010,mercedes,30,Schumacher,6.0
2010,sauber,155,Kobayashi,4.0
2010,renault,808,Petrov,2.0
2010,force_india,24,Liuzzi,1.0
2010,sauber,37,de la Rosa,0.0
2010,toro_rosso,67,Buemi,0.0
2010,toro_rosso,153,Alguersuari,0.0
2010,williams,807,Hülkenberg,0.0
2010,red_bull,20,Vettel,0.0
2010,lotus_racing,5,Kovalainen,0.0
2010,virgin,810,di Grassi,0.0
2010,virgin,10,Glock,0.0
2010,lotus_racing,15,Trulli,0.0
2010,hrt,29,Yamamoto,0.0
2010,ferrari,4,Alonso,0.0
2010,mclaren,18,Button,0.0
2010,hrt,811,Senna,0.0
2010,williams,22,Barrichello,0.0
2010,ferrari,4,Alonso,25.0
2010,mclaren,18,Button,18.0
2010,ferrari,13,Massa,15.0
2010,red_bull,20,Vettel,12.0
2010,mercedes,3,Rosberg,10.0
2010,red_bull,17,Webber,8.0
2010,williams,807,Hülkenberg,6.0
2010,renault,9,Kubica,4.0
2010,mercedes,30,Schumacher,2.0
2010,williams,22,Barrichello,1.0
2010,toro_rosso,67,Buemi,0.0
2010,force_india,24,Liuzzi,0.0
2010,renault,808,Petrov,0.0
2010,sauber,37,de la Rosa,0.0
2010,toro_rosso,153,Alguersuari,0.0
2010,force_india,16,Sutil,0.0
2010,virgin,10,Glock,0.0
2010,lotus_racing,5,Kovalainen,0.0
2010,hrt,29,Yamamoto,0.0
2010,virgin,810,di Grassi,0.0
2010,lotus_racing,15,Trulli,0.0
2010,hrt,811,Senna,0.0
2010,mclaren,1,Hamilton,0.0
2010,sauber,155,Kobayashi,0.0
2010,ferrari,4,Alonso,25.0
2010,red_bull,20,Vettel,18.0
2010,red_bull,17,Webber,15.0
2010,mclaren,18,Button,12.0
2010,mercedes,3,Rosberg,10.0
2010,williams,22,Barrichello,8.0
2010,renault,9,Kubica,6.0
2010,ferrari,13,Massa,4.0
2010,force_india,16,Sutil,2.0
2010,williams,807,Hülkenberg,1.0
2010,renault,808,Petrov,0.0
2010,toro_rosso,153,Alguersuari,0.0
2010,mercedes,30,Schumacher,0.0
2010,toro_rosso,67,Buemi,0.0
2010,virgin,810,di Grassi,0.0
2010,lotus_racing,5,Kovalainen,0.0
2010,virgin,10,Glock,0.0
2010,sauber,2,Heidfeld,0.0
2010,mclaren,1,Hamilton,0.0
2010,hrt,32,Klien,0.0
2010,sauber,155,Kobayashi,0.0
2010,hrt,811,Senna,0.0
2010,lotus_racing,15,Trulli,0.0
2010,force_india,24,Liuzzi,0.0
2010,red_bull,20,Vettel,25.0
2010,red_bull,17,Webber,18.0
2010,ferrari,4,Alonso,15.0
2010,mclaren,18,Button,12.0
2010,mclaren,1,Hamilton,10.0
2010,mercedes,30,Schumacher,8.0
2010,sauber,155,Kobayashi,6.0
2010,sauber,2,Heidfeld,4.0
2010,williams,22,Barrichello,2.0
2010,toro_rosso,67,Buemi,1.0
2010,toro_rosso,153,Alguersuari,0.0
2010,lotus_racing,5,Kovalainen,0.0
2010,lotus_racing,15,Trulli,0.0
2010,virgin,10,Glock,0.0
2010,hrt,811,Senna,0.0
2010,hrt,29,Yamamoto,0.0
2010,mercedes,3,Rosberg,0.0
2010,force_india,16,Sutil,0.0
2010,renault,9,Kubica,0.0
2010,williams,807,Hülkenberg,0.0
2010,ferrari,13,Massa,0.0
2010,renault,808,Petrov,0.0
2010,force_india,24,Liuzzi,0.0
2010,virgin,810,di Grassi,0.0
2010,ferrari,4,Alonso,25.0
2010,mclaren,1,Hamilton,18.0
2010,ferrari,13,Massa,15.0
2010,mercedes,30,Schumacher,12.0
2010,renault,9,Kubica,10.0
2010,force_india,24,Liuzzi,8.0
2010,williams,22,Barrichello,6.0
2010,sauber,155,Kobayashi,4.0
2010,sauber,2,Heidfeld,2.0
2010,williams,807,Hülkenberg,1.0
2010,toro_rosso,153,Alguersuari,0.0
2010,mclaren,18,Button,0.0
2010,lotus_racing,5,Kovalainen,0.0
2010,hrt,811,Senna,0.0
2010,hrt,29,Yamamoto,0.0
2010,force_india,16,Sutil,0.0
2010,red_bull,20,Vettel,0.0
2010,renault,808,Petrov,0.0
2010,virgin,10,Glock,0.0
2010,toro_rosso,67,Buemi,0.0
2010,virgin,810,di Grassi,0.0
2010,lotus_racing,15,Trulli,0.0
2010,red_bull,17,Webber,0.0
2010,mercedes,3,Rosberg,0.0
2010,red_bull,20,Vettel,25.0
2010,red_bull,17,Webber,18.0
2010,ferrari,4,Alonso,15.0
2010,mclaren,1,Hamilton,12.0
2010,mclaren,18,Button,10.0
2010,mercedes,3,Rosberg,8.0
2010,mercedes,30,Schumacher,6.0
2010,williams,807,Hülkenberg,4.0
2010,renault,9,Kubica,2.0
2010,sauber,155,Kobayashi,1.0
2010,toro_rosso,153,Alguersuari,0.0
2010,force_india,16,Sutil,0.0
2010,toro_rosso,67,Buemi,0.0
2010,williams,22,Barrichello,0.0
2010,ferrari,13,Massa,0.0
2010,renault,808,Petrov,0.0
2010,sauber,2,Heidfeld,0.0
2010,lotus_racing,5,Kovalainen,0.0
2010,lotus_racing,15,Trulli,0.0
2010,virgin,10,Glock,0.0
2010,hrt,811,Senna,0.0
2010,hrt,32,Klien,0.0
2010,virgin,810,di Grassi,0.0
2010,force_india,24,Liuzzi,0.0
2010,red_bull,20,Vettel,25.0
2010,mclaren,1,Hamilton,18.0
2010,mclaren,18,Button,15.0
2010,mercedes,3,Rosberg,12.0
2010,renault,9,Kubica,10.0
2010,renault,808,Petrov,8.0
2010,ferrari,4,Alonso,6.0
2010,red_bull,17,Webber,4.0
2010,toro_rosso,153,Alguersuari,2.0
2010,ferrari,13,Massa,1.0
2010,sauber,2,Heidfeld,0.0
2010,williams,22,Barrichello,0.0
2010,force_india,16,Sutil,0.0
2010,sauber,155,Kobayashi,0.0
2010,toro_rosso,67,Buemi,0.0
2010,williams,807,Hülkenberg,0.0
2010,lotus_racing,5,Kovalainen,0.0
2010,virgin,810,di Grassi,0.0
2010,hrt,811,Senna,0.0
2010,hrt,32,Klien,0.0
2010,lotus_racing,15,Trulli,0.0
2010,virgin,10,Glock,0.0
2010,mercedes,30,Schumacher,0.0
2010,force_india,24,Liuzzi,0.0
2011,red_bull,20,Vettel,25.0
2011,mclaren,1,Hamilton,18.0
2011,renault,808,Petrov,15.0
2011,ferrari,4,Alonso,12.0
2011,red_bull,17,Webber,10.0
2011,mclaren,18,Button,8.0
2011,ferrari,13,Massa,6.0
2011,toro_rosso,67,Buemi,4.0
2011,force_india,16,Sutil,2.0
2011,force_india,814,di Resta,1.0
2011,toro_rosso,153,Alguersuari,0.0
2011,renault,2,Heidfeld,0.0
2011,lotus_racing,15,Trulli,0.0
2011,virgin,816,d'Ambrosio,0.0
2011,virgin,10,Glock,0.0
2011,williams,22,Barrichello,0.0
2011,mercedes,3,Rosberg,0.0
2011,lotus_racing,5,Kovalainen,0.0
2011,mercedes,30,Schumacher,0.0
2011,williams,813,Maldonado,0.0
2011,sauber,155,Kobayashi,0.0
2011,sauber,815,Pérez,0.0
2011,red_bull,20,Vettel,25.0
2011,mclaren,18,Button,18.0
2011,renault,2,Heidfeld,15.0
2011,red_bull,17,Webber,12.0
2011,ferrari,13,Massa,10.0
2011,ferrari,4,Alonso,8.0
2011,sauber,155,Kobayashi,6.0
2011,mclaren,1,Hamilton,4.0
2011,mercedes,30,Schumacher,2.0
2011,force_india,814,di Resta,1.0
2011,force_india,16,Sutil,0.0
2011,mercedes,3,Rosberg,0.0
2011,toro_rosso,67,Buemi,0.0
2011,toro_rosso,153,Alguersuari,0.0
2011,lotus_racing,5,Kovalainen,0.0
2011,virgin,10,Glock,0.0
2011,renault,808,Petrov,0.0
2011,hrt,24,Liuzzi,0.0
2011,virgin,816,d'Ambrosio,0.0
2011,lotus_racing,15,Trulli,0.0
2011,sauber,815,Pérez,0.0
2011,williams,22,Barrichello,0.0
2011,hrt,39,Karthikeyan,0.0
2011,williams,813,Maldonado,0.0
2011,mclaren,1,Hamilton,25.0
2011,red_bull,20,Vettel,18.0
2011,red_bull,17,Webber,15.0
2011,mclaren,18,Button,12.0
2011,mercedes,3,Rosberg,10.0
2011,ferrari,13,Massa,8.0
2011,ferrari,4,Alonso,6.0
2011,mercedes,30,Schumacher,4.0
2011,renault,808,Petrov,2.0
2011,sauber,155,Kobayashi,1.0
2011,force_india,814,di Resta,0.0
2011,renault,2,Heidfeld,0.0
2011,williams,22,Barrichello,0.0
2011,toro_rosso,67,Buemi,0.0
2011,force_india,16,Sutil,0.0
2011,lotus_racing,5,Kovalainen,0.0
2011,sauber,815,Pérez,0.0
2011,williams,813,Maldonado,0.0
2011,lotus_racing,15,Trulli,0.0
2011,virgin,816,d'Ambrosio,0.0
2011,virgin,10,Glock,0.0
2011,hrt,24,Liuzzi,0.0
2011,hrt,39,Karthikeyan,0.0
2011,toro_rosso,153,Alguersuari,0.0
2011,red_bull,20,Vettel,25.0
2011,red_bull,17,Webber,18.0
2011,ferrari,4,Alonso,15.0
2011,mclaren,1,Hamilton,12.0
2011,mercedes,3,Rosberg,10.0
2011,mclaren,18,Button,8.0
2011,renault,2,Heidfeld,6.0
2011,renault,808,Petrov,4.0
2011,toro_rosso,67,Buemi,2.0
2011,sauber,155,Kobayashi,1.0
2011,ferrari,13,Massa,0.0
2011,mercedes,30,Schumacher,0.0
2011,force_india,16,Sutil,0.0
2011,sauber,815,Pérez,0.0
2011,williams,22,Barrichello,0.0
2011,toro_rosso,153,Alguersuari,0.0
2011,williams,813,Maldonado,0.0
2011,lotus_racing,15,Trulli,0.0
2011,lotus_racing,5,Kovalainen,0.0
2011,virgin,816,d'Ambrosio,0.0
2011,hrt,39,Karthikeyan,0.0
2011,hrt,24,Liuzzi,0.0
2011,force_india,814,di Resta,0.0
2011,virgin,10,Glock,0.0
2011,red_bull,20,Vettel,25.0
2011,mclaren,1,Hamilton,18.0
2011,mclaren,18,Button,15.0
2011,red_bull,17,Webber,12.0
2011,ferrari,4,Alonso,10.0
2011,mercedes,30,Schumacher,8.0
2011,mercedes,3,Rosberg,6.0
2011,renault,2,Heidfeld,4.0
2011,sauber,815,Pérez,2.0
2011,sauber,155,Kobayashi,1.0
2011,renault,808,Petrov,0.0
2011,force_india,814,di Resta,0.0
2011,force_india,16,Sutil,0.0
2011,toro_rosso,67,Buemi,0.0
2011,williams,813,Maldonado,0.0
2011,toro_rosso,153,Alguersuari,0.0
2011,williams,22,Barrichello,0.0
2011,lotus_racing,15,Trulli,0.0
2011,virgin,10,Glock,0.0
2011,virgin,816,d'Ambrosio,0.0
2011,hrt,39,Karthikeyan,0.0
2011,ferrari,13,Massa,0.0
2011,lotus_racing,5,Kovalainen,0.0
2011,hrt,24,Liuzzi,0.0
2011,red_bull,20,Vettel,25.0
2011,ferrari,4,Alonso,18.0
2011,mclaren,18,Button,15.0
2011,red_bull,17,Webber,12.0
2011,sauber,155,Kobayashi,10.0
2011,mclaren,1,Hamilton,8.0
2011,force_india,16,Sutil,6.0
2011,renault,2,Heidfeld,4.0
2011,williams,22,Barrichello,2.0
2011,toro_rosso,67,Buemi,1.0
2011,mercedes,3,Rosberg,0.0
2011,force_india,814,di Resta,0.0
2011,lotus_racing,15,Trulli,0.0
2011,lotus_racing,5,Kovalainen,0.0
2011,virgin,816,d'Ambrosio,0.0
2011,hrt,24,Liuzzi,0.0
2011,hrt,39,Karthikeyan,0.0
2011,williams,813,Maldonado,0.0
2011,renault,808,Petrov,0.0
2011,toro_rosso,153,Alguersuari,0.0
2011,ferrari,13,Massa,0.0
2011,mercedes,30,Schumacher,0.0
2011,virgin,10,Glock,0.0
2011,mclaren,18,Button,25.0
2011,red_bull,20,Vettel,18.0
2011,red_bull,17,Webber,15.0
2011,mercedes,30,Schumacher,12.0
2011,renault,808,Petrov,10.0
2011,ferrari,13,Massa,8.0
2011,sauber,155,Kobayashi,6.0
2011,toro_rosso,153,Alguersuari,4.0
2011,williams,22,Barrichello,2.0
2011,toro_rosso,67,Buemi,1.0
2011,mercedes,3,Rosberg,0.0
2011,sauber,37,de la Rosa,0.0
2011,hrt,24,Liuzzi,0.0
2011,hrt,39,Karthikeyan,0.0
2011,virgin,816,d'Ambrosio,0.0
2011,virgin,10,Glock,0.0
2011,lotus_racing,15,Trulli,0.0
2011,force_india,814,di Resta,0.0
2011,williams,813,Maldonado,0.0
2011,renault,2,Heidfeld,0.0
2011,force_india,16,Sutil,0.0
2011,ferrari,4,Alonso,0.0
2011,lotus_racing,5,Kovalainen,0.0
2011,mclaren,1,Hamilton,0.0
2011,red_bull,20,Vettel,25.0
2011,ferrari,4,Alonso,18.0
2011,red_bull,17,Webber,15.0
2011,mclaren,1,Hamilton,12.0
2011,ferrari,13,Massa,10.0
2011,mclaren,18,Button,8.0
2011,mercedes,3,Rosberg,6.0
2011,toro_rosso,153,Alguersuari,4.0
2011,force_india,16,Sutil,2.0
2011,renault,2,Heidfeld,1.0
2011,sauber,815,Pérez,0.0
2011,williams,22,Barrichello,0.0
2011,toro_rosso,67,Buemi,0.0
2011,force_india,814,di Resta,0.0
2011,renault,808,Petrov,0.0
2011,sauber,155,Kobayashi,0.0
2011,mercedes,30,Schumacher,0.0
2011,williams,813,Maldonado,0.0
2011,lotus_racing,5,Kovalainen,0.0
2011,lotus_racing,15,Trulli,0.0
2011,virgin,10,Glock,0.0
2011,virgin,816,d'Ambrosio,0.0
2011,hrt,24,Liuzzi,0.0
2011,hrt,39,Karthikeyan,0.0
2011,ferrari,4,Alonso,25.0
2011,red_bull,20,Vettel,18.0
2011,red_bull,17,Webber,15.0
2011,mclaren,1,Hamilton,12.0
2011,ferrari,13,Massa,10.0
2011,mercedes,3,Rosberg,8.0
2011,sauber,815,Pérez,6.0
2011,renault,2,Heidfeld,4.0
2011,mercedes,30,Schumacher,2.0
2011,toro_rosso,153,Alguersuari,1.0
2011,force_india,16,Sutil,0.0
2011,renault,808,Petrov,0.0
2011,williams,22,Barrichello,0.0
2011,williams,813,Maldonado,0.0
2011,force_india,814,di Resta,0.0
2011,virgin,10,Glock,0.0
2011,virgin,816,d'Ambrosio,0.0
2011,hrt,24,Liuzzi,0.0
2011,hrt,817,Ricciardo,0.0
2011,mclaren,18,Button,0.0
2011,toro_rosso,67,Buemi,0.0
2011,sauber,155,Kobayashi,0.0
2011,lotus_racing,15,Trulli,0.0
2011,lotus_racing,5,Kovalainen,0.0
2011,mclaren,1,Hamilton,25.0
2011,ferrari,4,Alonso,18.0
2011,red_bull,17,Webber,15.0
2011,red_bull,20,Vettel,12.0
2011,ferrari,13,Massa,10.0
2011,force_india,16,Sutil,8.0
2011,mercedes,3,Rosberg,6.0
2011,mercedes,30,Schumacher,4.0
2011,sauber,155,Kobayashi,2.0
2011,renault,808,Petrov,1.0
2011,sauber,815,Pérez,0.0
2011,toro_rosso,153,Alguersuari,0.0
2011,force_india,814,di Resta,0.0
2011,williams,813,Maldonado,0.0
2011,toro_rosso,67,Buemi,0.0
2011,lotus_racing,5,Kovalainen,0.0
2011,virgin,10,Glock,0.0
2011,virgin,816,d'Ambrosio,0.0
2011,hrt,817,Ricciardo,0.0
2011,lotus_racing,812,Chandhok,0.0
2011,hrt,24,Liuzzi,0.0
2011,mclaren,18,Button,0.0
2011,williams,22,Barrichello,0.0
2011,renault,2,Heidfeld,0.0
2011,mclaren,18,Button,25.0
2011,red_bull,20,Vettel,18.0
2011,ferrari,4,Alonso,15.0
2011,mclaren,1,Hamilton,12.0
2011,red_bull,17,Webber,10.0
2011,ferrari,13,Massa,8.0
2011,force_india,814,di Resta,6.0
2011,toro_rosso,67,Buemi,4.0
2011,mercedes,3,Rosberg,2.0
2011,toro_rosso,153,Alguersuari,1.0
2011,sauber,155,Kobayashi,0.0
2011,renault,808,Petrov,0.0
2011,williams,22,Barrichello,0.0
2011,force_india,16,Sutil,0.0
2011,sauber,815,Pérez,0.0
2011,williams,813,Maldonado,0.0
2011,virgin,10,Glock,0.0
2011,hrt,817,Ricciardo,0.0
2011,virgin,816,d'Ambrosio,0.0
2011,hrt,24,Liuzzi,0.0
2011,lotus_racing,5,Kovalainen,0.0
2011,mercedes,30,Schumacher,0.0
2011,renault,2,Heidfeld,0.0
2011,lotus_racing,15,Trulli,0.0
2011,red_bull,20,Vettel,25.0
2011,red_bull,17,Webber,18.0
2011,mclaren,18,Button,15.0
2011,ferrari,4,Alonso,12.0
2011,mercedes,30,Schumacher,10.0
2011,mercedes,3,Rosberg,8.0
2011,force_india,16,Sutil,6.0
2011,ferrari,13,Massa,4.0
2011,renault,808,Petrov,2.0
2011,williams,813,Maldonado,1.0
2011,force_india,814,di Resta,0.0
2011,sauber,155,Kobayashi,0.0
2011,renault,811,Senna,0.0
2011,lotus_racing,15,Trulli,0.0
2011,lotus_racing,5,Kovalainen,0.0
2011,williams,22,Barrichello,0.0
2011,virgin,816,d'Ambrosio,0.0
2011,virgin,10,Glock,0.0
2011,hrt,24,Liuzzi,0.0
2011,sauber,815,Pérez,0.0
2011,hrt,817,Ricciardo,0.0
2011,mclaren,1,Hamilton,0.0
2011,toro_rosso,67,Buemi,0.0
2011,toro_rosso,153,Alguersuari,0.0
2011,red_bull,20,Vettel,25.0
2011,mclaren,18,Button,18.0
2011,ferrari,4,Alonso,15.0
2011,mclaren,1,Hamilton,12.0
2011,mercedes,30,Schumacher,10.0
2011,ferrari,13,Massa,8.0
2011,toro_rosso,153,Alguersuari,6.0
2011,force_india,814,di Resta,4.0
2011,renault,811,Senna,2.0
2011,toro_rosso,67,Buemi,1.0
2011,williams,813,Maldonado,0.0
2011,williams,22,Barrichello,0.0
2011,lotus_racing,5,Kovalainen,0.0
2011,lotus_racing,15,Trulli,0.0
2011,virgin,10,Glock,0.0
2011,hrt,817,Ricciardo,0.0
2011,sauber,815,Pérez,0.0
2011,sauber,155,Kobayashi,0.0
2011,force_india,16,Sutil,0.0
2011,red_bull,17,Webber,0.0
2011,virgin,816,d'Ambrosio,0.0
2011,renault,808,Petrov,0.0
2011,mercedes,3,Rosberg,0.0
2011,hrt,24,Liuzzi,0.0
2011,red_bull,20,Vettel,25.0
2011,mclaren,18,Button,18.0
2011,red_bull,17,Webber,15.0
2011,ferrari,4,Alonso,12.0
2011,mclaren,1,Hamilton,10.0
2011,force_india,814,di Resta,8.0
2011,mercedes,3,Rosberg,6.0
2011,force_india,16,Sutil,4.0
2011,ferrari,13,Massa,2.0
2011,sauber,815,Pérez,1.0
2011,williams,813,Maldonado,0.0
2011,toro_rosso,67,Buemi,0.0
2011,williams,22,Barrichello,0.0
2011,sauber,155,Kobayashi,0.0
2011,renault,811,Senna,0.0
2011,lotus_racing,5,Kovalainen,0.0
2011,renault,808,Petrov,0.0
2011,virgin,816,d'Ambrosio,0.0
2011,hrt,817,Ricciardo,0.0
2011,hrt,24,Liuzzi,0.0
2011,toro_rosso,153,Alguersuari,0.0
2011,lotus_racing,15,Trulli,0.0
2011,mercedes,30,Schumacher,0.0
2011,virgin,10,Glock,0.0
2011,mclaren,18,Button,25.0
2011,ferrari,4,Alonso,18.0
2011,red_bull,20,Vettel,15.0
2011,red_bull,17,Webber,12.0
2011,mclaren,1,Hamilton,10.0
2011,mercedes,30,Schumacher,8.0
2011,ferrari,13,Massa,6.0
2011,sauber,815,Pérez,4.0
2011,renault,808,Petrov,2.0
2011,mercedes,3,Rosberg,1.0
2011,force_india,16,Sutil,0.0
2011,force_india,814,di Resta,0.0
2011,sauber,155,Kobayashi,0.0
2011,williams,813,Maldonado,0.0
2011,toro_rosso,153,Alguersuari,0.0
2011,renault,811,Senna,0.0
2011,williams,22,Barrichello,0.0
2011,lotus_racing,5,Kovalainen,0.0
2011,lotus_racing,15,Trulli,0.0
2011,virgin,10,Glock,0.0
2011,virgin,816,d'Ambrosio,0.0
2011,hrt,817,Ricciardo,0.0
2011,hrt,24,Liuzzi,0.0
2011,toro_rosso,67,Buemi,0.0
2011,red_bull,20,Vettel,25.0
2011,mclaren,1,Hamilton,18.0
2011,red_bull,17,Webber,15.0
2011,mclaren,18,Button,12.0
2011,ferrari,4,Alonso,10.0
2011,ferrari,13,Massa,8.0
2011,toro_rosso,153,Alguersuari,6.0
2011,mercedes,3,Rosberg,4.0
2011,toro_rosso,67,Buemi,2.0
2011,force_india,814,di Resta,1.0
2011,force_india,16,Sutil,0.0
2011,williams,22,Barrichello,0.0
2011,renault,811,Senna,0.0
2011,lotus_racing,5,Kovalainen,0.0
2011,sauber,155,Kobayashi,0.0
2011,sauber,815,Pérez,0.0
2011,lotus_racing,15,Trulli,0.0
2011,virgin,10,Glock,0.0
2011,hrt,817,Ricciardo,0.0
2011,virgin,816,d'Ambrosio,0.0
2011,hrt,24,Liuzzi,0.0
2011,williams,813,Maldonado,0.0
2011,renault,808,Petrov,0.0
2011,mercedes,30,Schumacher,0.0
2011,red_bull,20,Vettel,25.0
2011,mclaren,18,Button,18.0
2011,ferrari,4,Alonso,15.0
2011,red_bull,17,Webber,12.0
2011,mercedes,30,Schumacher,10.0
2011,mercedes,3,Rosberg,8.0
2011,mclaren,1,Hamilton,6.0
2011,toro_rosso,153,Alguersuari,4.0
2011,force_india,16,Sutil,2.0
2011,sauber,815,Pérez,1.0
2011,renault,808,Petrov,0.0
2011,renault,811,Senna,0.0
2011,force_india,814,di Resta,0.0
2011,lotus_racing,5,Kovalainen,0.0
2011,williams,22,Barrichello,0.0
2011,virgin,816,d'Ambrosio,0.0
2011,hrt,39,Karthikeyan,0.0
2011,hrt,817,Ricciardo,0.0
2011,lotus_racing,15,Trulli,0.0
2011,ferrari,13,Massa,0.0
2011,toro_rosso,67,Buemi,0.0
2011,williams,813,Maldonado,0.0
2011,virgin,10,Glock,0.0
2011,sauber,155,Kobayashi,0.0
2011,mclaren,1,Hamilton,25.0
2011,ferrari,4,Alonso,18.0
2011,mclaren,18,Button,15.0
2011,red_bull,17,Webber,12.0
2011,ferrari,13,Massa,10.0
2011,mercedes,3,Rosberg,8.0
2011,mercedes,30,Schumacher,6.0
2011,force_india,16,Sutil,4.0
2011,force_india,814,di Resta,2.0
2011,sauber,155,Kobayashi,1.0
2011,sauber,815,Pérez,0.0
2011,williams,22,Barrichello,0.0
2011,renault,808,Petrov,0.0
2011,williams,813,Maldonado,0.0
2011,toro_rosso,153,Alguersuari,0.0
2011,renault,811,Senna,0.0
2011,lotus_racing,5,Kovalainen,0.0
2011,lotus_racing,15,Trulli,0.0
2011,virgin,10,Glock,0.0
2011,hrt,24,Liuzzi,0.0
2011,hrt,817,Ricciardo,0.0
2011,toro_rosso,67,Buemi,0.0
2011,virgin,816,d'Ambrosio,0.0
2011,red_bull,20,Vettel,0.0
2011,red_bull,17,Webber,25.0
2011,red_bull,20,Vettel,18.0
2011,mclaren,18,Button,15.0
2011,ferrari,4,Alonso,12.0
2011,ferrari,13,Massa,10.0
2011,force_india,16,Sutil,8.0
2011,mercedes,3,Rosberg,6.0
2011,force_india,814,di Resta,4.0
2011,sauber,155,Kobayashi,2.0
2011,renault,808,Petrov,1.0
2011,toro_rosso,153,Alguersuari,0.0
2011,toro_rosso,67,Buemi,0.0
2011,sauber,815,Pérez,0.0
2011,williams,22,Barrichello,0.0
2011,mercedes,30,Schumacher,0.0
2011,lotus_racing,5,Kovalainen,0.0
2011,renault,811,Senna,0.0
2011,lotus_racing,15,Trulli,0.0
2011,virgin,816,d'Ambrosio,0.0
2011,hrt,817,Ricciardo,0.0
2011,hrt,24,Liuzzi,0.0
2011,mclaren,1,Hamilton,0.0
2011,williams,813,Maldonado,0.0
2011,virgin,10,Glock,0.0
2012,mclaren,18,Button,25.0
2012,red_bull,20,Vettel,18.0
2012,mclaren,1,Hamilton,15.0
2012,red_bull,17,Webber,12.0
2012,ferrari,4,Alonso,10.0
2012,sauber,155,Kobayashi,8.0
2012,lotus_f1,8,Räikkönen,6.0
2012,sauber,815,Pérez,4.0
2012,toro_rosso,817,Ricciardo,2.0
2012,force_india,814,di Resta,1.0
2012,toro_rosso,818,Vergne,0.0
2012,mercedes,3,Rosberg,0.0
2012,williams,813,Maldonado,0.0
2012,marussia,10,Glock,0.0
2012,marussia,819,Pic,0.0
2012,williams,811,Senna,0.0
2012,ferrari,13,Massa,0.0
2012,caterham,5,Kovalainen,0.0
2012,caterham,808,Petrov,0.0
2012,mercedes,30,Schumacher,0.0
2012,lotus_f1,154,Grosjean,0.0
2012,force_india,807,Hülkenberg,0.0
2012,hrt,37,de la Rosa,0.0
2012,hrt,39,Karthikeyan,0.0
2012,ferrari,4,Alonso,25.0
2012,sauber,815,Pérez,18.0
2012,mclaren,1,Hamilton,15.0
2012,red_bull,17,Webber,12.0
2012,lotus_f1,8,Räikkönen,10.0
2012,williams,811,Senna,8.0
2012,force_india,814,di Resta,6.0
2012,toro_rosso,818,Vergne,4.0
2012,force_india,807,Hülkenberg,2.0
2012,mercedes,30,Schumacher,1.0
2012,red_bull,20,Vettel,0.0
2012,toro_rosso,817,Ricciardo,0.0
2012,mercedes,3,Rosberg,0.0
2012,mclaren,18,Button,0.0
2012,ferrari,13,Massa,0.0
2012,caterham,808,Petrov,0.0
2012,marussia,10,Glock,0.0
2012,caterham,5,Kovalainen,0.0
2012,williams,813,Maldonado,0.0
2012,marussia,819,Pic,0.0
2012,hrt,39,Karthikeyan,0.0
2012,hrt,37,de la Rosa,0.0
2012,sauber,155,Kobayashi,0.0
2012,lotus_f1,154,Grosjean,0.0
2012,mercedes,3,Rosberg,25.0
2012,mclaren,18,Button,18.0
2012,mclaren,1,Hamilton,15.0
2012,red_bull,17,Webber,12.0
2012,red_bull,20,Vettel,10.0
2012,lotus_f1,154,Grosjean,8.0
2012,williams,811,Senna,6.0
2012,williams,813,Maldonado,4.0
2012,ferrari,4,Alonso,2.0
2012,sauber,155,Kobayashi,1.0
2012,sauber,815,Pérez,0.0
2012,force_india,814,di Resta,0.0
2012,ferrari,13,Massa,0.0
2012,lotus_f1,8,Räikkönen,0.0
2012,force_india,807,Hülkenberg,0.0
2012,toro_rosso,818,Vergne,0.0
2012,toro_rosso,817,Ricciardo,0.0
2012,caterham,808,Petrov,0.0
2012,marussia,10,Glock,0.0
2012,marussia,819,Pic,0.0
2012,hrt,37,de la Rosa,0.0
2012,hrt,39,Karthikeyan,0.0
2012,caterham,5,Kovalainen,0.0
2012,mercedes,30,Schumacher,0.0
2012,red_bull,20,Vettel,25.0
2012,lotus_f1,8,Räikkönen,18.0
2012,lotus_f1,154,Grosjean,15.0
2012,red_bull,17,Webber,12.0
2012,mercedes,3,Rosberg,10.0
2012,force_india,814,di Resta,8.0
2012,ferrari,4,Alonso,6.0
2012,mclaren,1,Hamilton,4.0
2012,ferrari,13,Massa,2.0
2012,mercedes,30,Schumacher,1.0
2012,sauber,815,Pérez,0.0
2012,force_india,807,Hülkenberg,0.0
2012,sauber,155,Kobayashi,0.0
2012,toro_rosso,818,Vergne,0.0
2012,toro_rosso,817,Ricciardo,0.0
2012,caterham,808,Petrov,0.0
2012,caterham,5,Kovalainen,0.0
2012,mclaren,18,Button,0.0
2012,marussia,10,Glock,0.0
2012,hrt,37,de la Rosa,0.0
2012,hrt,39,Karthikeyan,0.0
2012,williams,811,Senna,0.0
2012,williams,813,Maldonado,0.0
2012,marussia,819,Pic,0.0
2012,williams,813,Maldonado,25.0
2012,ferrari,4,Alonso,18.0
2012,lotus_f1,8,Räikkönen,15.0
2012,lotus_f1,154,Grosjean,12.0
2012,sauber,155,Kobayashi,10.0
2012,red_bull,20,Vettel,8.0
2012,mercedes,3,Rosberg,6.0
2012,mclaren,1,Hamilton,4.0
2012,mclaren,18,Button,2.0
2012,force_india,807,Hülkenberg,1.0
2012,red_bull,17,Webber,0.0
2012,toro_rosso,818,Vergne,0.0
2012,toro_rosso,817,Ricciardo,0.0
2012,force_india,814,di Resta,0.0
2012,ferrari,13,Massa,0.0
2012,caterham,5,Kovalainen,0.0
2012,caterham,808,Petrov,0.0
2012,marussia,10,Glock,0.0
2012,hrt,37,de la Rosa,0.0
2012,sauber,815,Pérez,0.0
2012,marussia,819,Pic,0.0
2012,hrt,39,Karthikeyan,0.0
2012,williams,811,Senna,0.0
2012,mercedes,30,Schumacher,0.0
2012,red_bull,17,Webber,25.0
2012,mercedes,3,Rosberg,18.0
2012,ferrari,4,Alonso,15.0
2012,red_bull,20,Vettel,12.0
2012,mclaren,1,Hamilton,10.0
2012,ferrari,13,Massa,8.0
2012,force_india,814,di Resta,6.0
2012,force_india,807,Hülkenberg,4.0
2012,lotus_f1,8,Räikkönen,2.0
2012,williams,811,Senna,1.0
2012,sauber,815,Pérez,0.0
2012,toro_rosso,818,Vergne,0.0
2012,caterham,5,Kovalainen,0.0
2012,marussia,10,Glock,0.0
2012,hrt,39,Karthikeyan,0.0
2012,mclaren,18,Button,0.0
2012,toro_rosso,817,Ricciardo,0.0
2012,marussia,819,Pic,0.0
2012,mercedes,30,Schumacher,0.0
2012,caterham,808,Petrov,0.0
2012,sauber,155,Kobayashi,0.0
2012,hrt,37,de la Rosa,0.0
2012,williams,813,Maldonado,0.0
2012,lotus_f1,154,Grosjean,0.0
2012,mclaren,1,Hamilton,25.0
2012,lotus_f1,154,Grosjean,18.0
2012,sauber,815,Pérez,15.0
2012,red_bull,20,Vettel,12.0
2012,ferrari,4,Alonso,10.0
2012,mercedes,3,Rosberg,8.0
2012,red_bull,17,Webber,6.0
2012,lotus_f1,8,Räikkönen,4.0
2012,sauber,155,Kobayashi,2.0
2012,ferrari,13,Massa,1.0
2012,force_india,814,di Resta,0.0
2012,force_india,807,Hülkenberg,0.0
2012,williams,813,Maldonado,0.0
2012,toro_rosso,817,Ricciardo,0.0
2012,toro_rosso,818,Vergne,0.0
2012,mclaren,18,Button,0.0
2012,williams,811,Senna,0.0
2012,caterham,5,Kovalainen,0.0
2012,caterham,808,Petrov,0.0
2012,marussia,819,Pic,0.0
2012,marussia,10,Glock,0.0
2012,mercedes,30,Schumacher,0.0
2012,hrt,37,de la Rosa,0.0
2012,hrt,39,Karthikeyan,0.0
2012,ferrari,4,Alonso,25.0
2012,lotus_f1,8,Räikkönen,18.0
2012,mercedes,30,Schumacher,15.0
2012,red_bull,17,Webber,12.0
2012,force_india,807,Hülkenberg,10.0
2012,mercedes,3,Rosberg,8.0
2012,force_india,814,di Resta,6.0
2012,mclaren,18,Button,4.0
2012,sauber,815,Pérez,2.0
2012,williams,811,Senna,1.0
2012,toro_rosso,817,Ricciardo,0.0
2012,williams,813,Maldonado,0.0
2012,caterham,808,Petrov,0.0
2012,caterham,5,Kovalainen,0.0
2012,marussia,819,Pic,0.0
2012,ferrari,13,Massa,0.0
2012,hrt,37,de la Rosa,0.0
2012,hrt,39,Karthikeyan,0.0
2012,mclaren,1,Hamilton,0.0
2012,lotus_f1,154,Grosjean,0.0
2012,red_bull,20,Vettel,0.0
2012,sauber,155,Kobayashi,0.0
2012,toro_rosso,818,Vergne,0.0
2012,marussia,10,Glock,0.0
2012,red_bull,17,Webber,25.0
2012,ferrari,4,Alonso,18.0
2012,red_bull,20,Vettel,15.0
2012,ferrari,13,Massa,12.0
2012,lotus_f1,8,Räikkönen,10.0
2012,lotus_f1,154,Grosjean,8.0
2012,mercedes,30,Schumacher,6.0
2012,mclaren,1,Hamilton,4.0
2012,williams,811,Senna,2.0
2012,mclaren,18,Button,1.0
2012,sauber,155,Kobayashi,0.0
2012,force_india,807,Hülkenberg,0.0
2012,toro_rosso,817,Ricciardo,0.0
2012,toro_rosso,818,Vergne,0.0
2012,mercedes,3,Rosberg,0.0
2012,williams,813,Maldonado,0.0
2012,caterham,5,Kovalainen,0.0
2012,marussia,10,Glock,0.0
2012,marussia,819,Pic,0.0
2012,hrt,37,de la Rosa,0.0
2012,hrt,39,Karthikeyan,0.0
2012,sauber,815,Pérez,0.0
2012,force_india,814,di Resta,0.0
2012,caterham,808,Petrov,0.0
2012,ferrari,4,Alonso,25.0
2012,mclaren,18,Button,18.0
2012,lotus_f1,8,Räikkönen,15.0
2012,sauber,155,Kobayashi,12.0
2012,red_bull,20,Vettel,10.0
2012,sauber,815,Pérez,8.0
2012,mercedes,30,Schumacher,6.0
2012,red_bull,17,Webber,4.0
2012,force_india,807,Hülkenberg,2.0
2012,mercedes,3,Rosberg,1.0
2012,force_india,814,di Resta,0.0
2012,ferrari,13,Massa,0.0
2012,toro_rosso,817,Ricciardo,0.0
2012,toro_rosso,818,Vergne,0.0
2012,williams,813,Maldonado,0.0
2012,caterham,808,Petrov,0.0
2012,williams,811,Senna,0.0
2012,lotus_f1,154,Grosjean,0.0
2012,caterham,5,Kovalainen,0.0
2012,marussia,819,Pic,0.0
2012,hrt,37,de la Rosa,0.0
2012,marussia,10,Glock,0.0
2012,hrt,39,Karthikeyan,0.0
2012,mclaren,1,Hamilton,0.0
2012,mclaren,1,Hamilton,25.0
2012,lotus_f1,8,Räikkönen,18.0
2012,lotus_f1,154,Grosjean,15.0
2012,red_bull,20,Vettel,12.0
2012,ferrari,4,Alonso,10.0
2012,mclaren,18,Button,8.0
2012,williams,811,Senna,6.0
2012,red_bull,17,Webber,4.0
2012,ferrari,13,Massa,2.0
2012,mercedes,3,Rosberg,1.0
2012,force_india,807,Hülkenberg,0.0
2012,force_india,814,di Resta,0.0
2012,williams,813,Maldonado,0.0
2012,sauber,815,Pérez,0.0
2012,toro_rosso,817,Ricciardo,0.0
2012,toro_rosso,818,Vergne,0.0
2012,caterham,5,Kovalainen,0.0
2012,sauber,155,Kobayashi,0.0
2012,caterham,808,Petrov,0.0
2012,marussia,819,Pic,0.0
2012,marussia,10,Glock,0.0
2012,hrt,37,de la Rosa,0.0
2012,hrt,39,Karthikeyan,0.0
2012,mercedes,30,Schumacher,0.0
2012,mclaren,18,Button,25.0
2012,red_bull,20,Vettel,18.0
2012,lotus_f1,8,Räikkönen,15.0
2012,force_india,807,Hülkenberg,12.0
2012,ferrari,13,Massa,10.0
2012,red_bull,17,Webber,8.0
2012,mercedes,30,Schumacher,6.0
2012,toro_rosso,818,Vergne,4.0
2012,toro_rosso,817,Ricciardo,2.0
2012,force_india,814,di Resta,1.0
2012,mercedes,3,Rosberg,0.0
2012,williams,811,Senna,0.0
2012,sauber,155,Kobayashi,0.0
2012,caterham,808,Petrov,0.0
2012,marussia,10,Glock,0.0
2012,marussia,819,Pic,0.0
2012,caterham,5,Kovalainen,0.0
2012,hrt,37,de la Rosa,0.0
2012,hrt,39,Karthikeyan,0.0
2012,williams,813,Maldonado,0.0
2012,sauber,815,Pérez,0.0
2012,ferrari,4,Alonso,0.0
2012,mclaren,1,Hamilton,0.0
2012,lotus_f1,154,Grosjean,0.0
2012,mclaren,1,Hamilton,25.0
2012,sauber,815,Pérez,18.0
2012,ferrari,4,Alonso,15.0
2012,ferrari,13,Massa,12.0
2012,lotus_f1,8,Räikkönen,10.0
2012,mercedes,30,Schumacher,8.0
2012,mercedes,3,Rosberg,6.0
2012,force_india,814,di Resta,4.0
2012,sauber,155,Kobayashi,2.0
2012,williams,811,Senna,1.0
2012,williams,813,Maldonado,0.0
2012,toro_rosso,817,Ricciardo,0.0
2012,lotus_f1,816,d'Ambrosio,0.0
2012,caterham,5,Kovalainen,0.0
2012,caterham,808,Petrov,0.0
2012,marussia,819,Pic,0.0
2012,marussia,10,Glock,0.0
2012,hrt,37,de la Rosa,0.0
2012,hrt,39,Karthikeyan,0.0
2012,red_bull,17,Webber,0.0
2012,force_india,807,Hülkenberg,0.0
2012,red_bull,20,Vettel,0.0
2012,mclaren,18,Button,0.0
2012,toro_rosso,818,Vergne,0.0
2012,red_bull,20,Vettel,25.0
2012,mclaren,18,Button,18.0
2012,ferrari,4,Alonso,15.0
2012,force_india,814,di Resta,12.0
2012,mercedes,3,Rosberg,10.0
2012,lotus_f1,8,Räikkönen,8.0
2012,lotus_f1,154,Grosjean,6.0
2012,ferrari,13,Massa,4.0
2012,toro_rosso,817,Ricciardo,2.0
2012,sauber,815,Pérez,1.0
2012,red_bull,17,Webber,0.0
2012,marussia,10,Glock,0.0
2012,sauber,155,Kobayashi,0.0
2012,force_india,807,Hülkenberg,0.0
2012,caterham,5,Kovalainen,0.0
2012,marussia,819,Pic,0.0
2012,hrt,37,de la Rosa,0.0
2012,williams,811,Senna,0.0
2012,caterham,808,Petrov,0.0
2012,toro_rosso,818,Vergne,0.0
2012,mercedes,30,Schumacher,0.0
2012,williams,813,Maldonado,0.0
2012,hrt,39,Karthikeyan,0.0
2012,mclaren,1,Hamilton,0.0
2012,red_bull,20,Vettel,25.0
2012,ferrari,13,Massa,18.0
2012,sauber,155,Kobayashi,15.0
2012,mclaren,18,Button,12.0
2012,mclaren,1,Hamilton,10.0
2012,lotus_f1,8,Räikkönen,8.0
2012,force_india,807,Hülkenberg,6.0
2012,williams,813,Maldonado,4.0
2012,red_bull,17,Webber,2.0
2012,toro_rosso,817,Ricciardo,1.0
2012,mercedes,30,Schumacher,0.0
2012,force_india,814,di Resta,0.0
2012,toro_rosso,818,Vergne,0.0
2012,williams,811,Senna,0.0
2012,caterham,5,Kovalainen,0.0
2012,marussia,10,Glock,0.0
2012,caterham,808,Petrov,0.0
2012,hrt,37,de la Rosa,0.0
2012,lotus_f1,154,Grosjean,0.0
2012,marussia,819,Pic,0.0
2012,hrt,39,Karthikeyan,0.0
2012,sauber,815,Pérez,0.0
2012,ferrari,4,Alonso,0.0
2012,mercedes,3,Rosberg,0.0
2012,red_bull,20,Vettel,25.0
2012,red_bull,17,Webber,18.0
2012,ferrari,4,Alonso,15.0
2012,ferrari,13,Massa,12.0
2012,lotus_f1,8,Räikkönen,10.0
2012,force_india,807,Hülkenberg,8.0
2012,lotus_f1,154,Grosjean,6.0
2012,toro_rosso,818,Vergne,4.0
2012,toro_rosso,817,Ricciardo,2.0
2012,mclaren,1,Hamilton,1.0
2012,sauber,815,Pérez,0.0
2012,force_india,814,di Resta,0.0
2012,mercedes,30,Schumacher,0.0
2012,williams,813,Maldonado,0.0
2012,williams,811,Senna,0.0
2012,caterham,808,Petrov,0.0
2012,caterham,5,Kovalainen,0.0
2012,marussia,10,Glock,0.0
2012,marussia,819,Pic,0.0
2012,hrt,39,Karthikeyan,0.0
2012,hrt,37,de la Rosa,0.0
2012,sauber,155,Kobayashi,0.0
2012,mercedes,3,Rosberg,0.0
2012,mclaren,18,Button,0.0
2012,red_bull,20,Vettel,25.0
2012,ferrari,4,Alonso,18.0
2012,red_bull,17,Webber,15.0
2012,mclaren,1,Hamilton,12.0
2012,mclaren,18,Button,10.0
2012,ferrari,13,Massa,8.0
2012,lotus_f1,8,Räikkönen,6.0
2012,force_india,807,Hülkenberg,4.0
2012,lotus_f1,154,Grosjean,2.0
2012,williams,811,Senna,1.0
2012,mercedes,3,Rosberg,0.0
2012,force_india,814,di Resta,0.0
2012,toro_rosso,817,Ricciardo,0.0
2012,sauber,155,Kobayashi,0.0
2012,toro_rosso,818,Vergne,0.0
2012,williams,813,Maldonado,0.0
2012,caterham,808,Petrov,0.0
2012,caterham,5,Kovalainen,0.0
2012,marussia,819,Pic,0.0
2012,marussia,10,Glock,0.0
2012,hrt,39,Karthikeyan,0.0
2012,mercedes,30,Schumacher,0.0
2012,hrt,37,de la Rosa,0.0
2012,sauber,815,Pérez,0.0
2012,lotus_f1,8,Räikkönen,25.0
2012,ferrari,4,Alonso,18.0
2012,red_bull,20,Vettel,15.0
2012,mclaren,18,Button,12.0
2012,williams,813,Maldonado,10.0
2012,sauber,155,Kobayashi,8.0
2012,ferrari,13,Massa,6.0
2012,williams,811,Senna,4.0
2012,force_india,814,di Resta,2.0
2012,toro_rosso,817,Ricciardo,1.0
2012,mercedes,30,Schumacher,0.0
2012,toro_rosso,818,Vergne,0.0
2012,caterham,5,Kovalainen,0.0
2012,marussia,10,Glock,0.0
2012,sauber,815,Pérez,0.0
2012,caterham,808,Petrov,0.0
2012,hrt,37,de la Rosa,0.0
2012,marussia,819,Pic,0.0
2012,lotus_f1,154,Grosjean,0.0
2012,red_bull,17,Webber,0.0
2012,mclaren,1,Hamilton,0.0
2012,hrt,39,Karthikeyan,0.0
2012,mercedes,3,Rosberg,0.0
2012,force_india,807,Hülkenberg,0.0
2012,mclaren,1,Hamilton,25.0
2012,red_bull,20,Vettel,18.0
2012,ferrari,4,Alonso,15.0
2012,ferrari,13,Massa,12.0
2012,mclaren,18,Button,10.0
2012,lotus_f1,8,Räikkönen,8.0
2012,lotus_f1,154,Grosjean,6.0
2012,force_india,807,Hülkenberg,4.0
2012,williams,813,Maldonado,2.0
2012,williams,811,Senna,1.0
2012,sauber,815,Pérez,0.0
2012,toro_rosso,817,Ricciardo,0.0
2012,mercedes,3,Rosberg,0.0
2012,sauber,155,Kobayashi,0.0
2012,force_india,814,di Resta,0.0
2012,mercedes,30,Schumacher,0.0
2012,caterham,808,Petrov,0.0
2012,caterham,5,Kovalainen,0.0
2012,marussia,10,Glock,0.0
2012,marussia,819,Pic,0.0
2012,hrt,37,de la Rosa,0.0
2012,hrt,39,Karthikeyan,0.0
2012,red_bull,17,Webber,0.0
2012,toro_rosso,818,Vergne,0.0
2012,mclaren,18,Button,25.0
2012,ferrari,4,Alonso,18.0
2012,ferrari,13,Massa,15.0
2012,red_bull,17,Webber,12.0
2012,force_india,807,Hülkenberg,10.0
2012,red_bull,20,Vettel,8.0
2012,mercedes,30,Schumacher,6.0
2012,toro_rosso,818,Vergne,4.0
2012,sauber,155,Kobayashi,2.0
2012,lotus_f1,8,Räikkönen,1.0
2012,caterham,808,Petrov,0.0
2012,marussia,819,Pic,0.0
2012,toro_rosso,817,Ricciardo,0.0
2012,caterham,5,Kovalainen,0.0
2012,mercedes,3,Rosberg,0.0
2012,marussia,10,Glock,0.0
2012,hrt,37,de la Rosa,0.0
2012,hrt,39,Karthikeyan,0.0
2012,force_india,814,di Resta,0.0
2012,mclaren,1,Hamilton,0.0
2012,lotus_f1,154,Grosjean,0.0
2012,williams,813,Maldonado,0.0
2012,williams,811,Senna,0.0
2012,sauber,815,Pérez,0.0
2013,lotus_f1,8,Räikkönen,25.0
2013,ferrari,4,Alonso,18.0
2013,red_bull,20,Vettel,15.0
2013,ferrari,13,Massa,12.0
2013,mercedes,1,Hamilton,10.0
2013,red_bull,17,Webber,8.0
2013,force_india,16,Sutil,6.0
2013,force_india,814,di Resta,4.0
2013,mclaren,18,Button,2.0
2013,lotus_f1,154,Grosjean,1.0
2013,mclaren,815,Pérez,0.0
2013,toro_rosso,818,Vergne,0.0
2013,sauber,821,Gutiérrez,0.0
2013,williams,822,Bottas,0.0
2013,marussia,824,Bianchi,0.0
2013,caterham,819,Pic,0.0
2013,marussia,820,Chilton,0.0
2013,caterham,823,van der Garde,0.0
2013,toro_rosso,817,Ricciardo,0.0
2013,mercedes,3,Rosberg,0.0
2013,williams,813,Maldonado,0.0
2013,sauber,807,Hülkenberg,0.0
2013,red_bull,20,Vettel,25.0
2013,red_bull,17,Webber,18.0
2013,mercedes,1,Hamilton,15.0
2013,mercedes,3,Rosberg,12.0
2013,ferrari,13,Massa,10.0
2013,lotus_f1,154,Grosjean,8.0
2013,lotus_f1,8,Räikkönen,6.0
2013,sauber,807,Hülkenberg,4.0
2013,mclaren,815,Pérez,2.0
2013,toro_rosso,818,Vergne,1.0
2013,williams,822,Bottas,0.0
2013,sauber,821,Gutiérrez,0.0
2013,marussia,824,Bianchi,0.0
2013,caterham,819,Pic,0.0
2013,caterham,823,van der Garde,0.0
2013,marussia,820,Chilton,0.0
2013,mclaren,18,Button,0.0
2013,toro_rosso,817,Ricciardo,0.0
2013,williams,813,Maldonado,0.0
2013,force_india,16,Sutil,0.0
2013,force_india,814,di Resta,0.0
2013,ferrari,4,Alonso,0.0
2013,ferrari,4,Alonso,25.0
2013,lotus_f1,8,Räikkönen,18.0
2013,mercedes,1,Hamilton,15.0
2013,red_bull,20,Vettel,12.0
2013,mclaren,18,Button,10.0
2013,ferrari,13,Massa,8.0
2013,toro_rosso,817,Ricciardo,6.0
2013,force_india,814,di Resta,4.0
2013,lotus_f1,154,Grosjean,2.0
2013,sauber,807,Hülkenberg,1.0
2013,mclaren,815,Pérez,0.0
2013,toro_rosso,818,Vergne,0.0
2013,williams,822,Bottas,0.0
2013,williams,813,Maldonado,0.0
2013,marussia,824,Bianchi,0.0
2013,caterham,819,Pic,0.0
2013,marussia,820,Chilton,0.0
2013,caterham,823,van der Garde,0.0
2013,mercedes,3,Rosberg,0.0
2013,red_bull,17,Webber,0.0
2013,force_india,16,Sutil,0.0
2013,sauber,821,Gutiérrez,0.0
2013,red_bull,20,Vettel,25.0
2013,lotus_f1,8,Räikkönen,18.0
2013,lotus_f1,154,Grosjean,15.0
2013,force_india,814,di Resta,12.0
2013,mercedes,1,Hamilton,10.0
2013,mclaren,815,Pérez,8.0
2013,red_bull,17,Webber,6.0
2013,ferrari,4,Alonso,4.0
2013,mercedes,3,Rosberg,2.0
2013,mclaren,18,Button,1.0
2013,williams,813,Maldonado,0.0
2013,sauber,807,Hülkenberg,0.0
2013,force_india,16,Sutil,0.0
2013,williams,822,Bottas,0.0
2013,ferrari,13,Massa,0.0
2013,toro_rosso,817,Ricciardo,0.0
2013,caterham,819,Pic,0.0
2013,sauber,821,Gutiérrez,0.0
2013,marussia,824,Bianchi,0.0
2013,marussia,820,Chilton,0.0
2013,caterham,823,van der Garde,0.0
2013,toro_rosso,818,Vergne,0.0
2013,ferrari,4,Alonso,25.0
2013,lotus_f1,8,Räikkönen,18.0
2013,ferrari,13,Massa,15.0
2013,red_bull,20,Vettel,12.0
2013,red_bull,17,Webber,10.0
2013,mercedes,3,Rosberg,8.0
2013,force_india,814,di Resta,6.0
2013,mclaren,18,Button,4.0
2013,mclaren,815,Pérez,2.0
2013,toro_rosso,817,Ricciardo,1.0
2013,sauber,821,Gutiérrez,0.0
2013,mercedes,1,Hamilton,0.0
2013,force_india,16,Sutil,0.0
2013,williams,813,Maldonado,0.0
2013,sauber,807,Hülkenberg,0.0
2013,williams,822,Bottas,0.0
2013,caterham,819,Pic,0.0
2013,marussia,824,Bianchi,0.0
2013,marussia,820,Chilton,0.0
2013,toro_rosso,818,Vergne,0.0
2013,caterham,823,van der Garde,0.0
2013,lotus_f1,154,Grosjean,0.0
2013,mercedes,3,Rosberg,25.0
2013,red_bull,20,Vettel,18.0
2013,red_bull,17,Webber,15.0
2013,mercedes,1,Hamilton,12.0
2013,force_india,16,Sutil,10.0
2013,mclaren,18,Button,8.0
2013,ferrari,4,Alonso,6.0
2013,toro_rosso,818,Vergne,4.0
2013,force_india,814,di Resta,2.0
2013,lotus_f1,8,Räikkönen,1.0
2013,sauber,807,Hülkenberg,0.0
2013,williams,822,Bottas,0.0
2013,sauber,821,Gutiérrez,0.0
2013,marussia,820,Chilton,0.0
2013,caterham,823,van der Garde,0.0
2013,mclaren,815,Pérez,0.0
2013,lotus_f1,154,Grosjean,0.0
2013,toro_rosso,817,Ricciardo,0.0
2013,marussia,824,Bianchi,0.0
2013,williams,813,Maldonado,0.0
2013,ferrari,13,Massa,0.0
2013,caterham,819,Pic,0.0
2013,red_bull,20,Vettel,25.0
2013,ferrari,4,Alonso,18.0
2013,mercedes,1,Hamilton,15.0
2013,red_bull,17,Webber,12.0
2013,mercedes,3,Rosberg,10.0
2013,toro_rosso,818,Vergne,8.0
2013,force_india,814,di Resta,6.0
2013,ferrari,13,Massa,4.0
2013,lotus_f1,8,Räikkönen,2.0
2013,force_india,16,Sutil,1.0
2013,mclaren,815,Pérez,0.0
2013,mclaren,18,Button,0.0
2013,lotus_f1,154,Grosjean,0.0
2013,williams,822,Bottas,0.0
2013,toro_rosso,817,Ricciardo,0.0
2013,williams,813,Maldonado,0.0
2013,marussia,824,Bianchi,0.0
2013,caterham,819,Pic,0.0
2013,marussia,820,Chilton,0.0
2013,sauber,821,Gutiérrez,0.0
2013,sauber,807,Hülkenberg,0.0
2013,caterham,823,van der Garde,0.0
2013,mercedes,3,Rosberg,25.0
2013,red_bull,17,Webber,18.0
2013,ferrari,4,Alonso,15.0
2013,mercedes,1,Hamilton,12.0
2013,lotus_f1,8,Räikkönen,10.0
2013,ferrari,13,Massa,8.0
2013,force_india,16,Sutil,6.0
2013,toro_rosso,817,Ricciardo,4.0
2013,force_india,814,di Resta,2.0
2013,sauber,807,Hülkenberg,1.0
2013,williams,813,Maldonado,0.0
2013,williams,822,Bottas,0.0
2013,mclaren,18,Button,0.0
2013,sauber,821,Gutiérrez,0.0
2013,caterham,819,Pic,0.0
2013,marussia,824,Bianchi,0.0
2013,marussia,820,Chilton,0.0
2013,caterham,823,van der Garde,0.0
2013,lotus_f1,154,Grosjean,0.0
2013,mclaren,815,Pérez,0.0
2013,red_bull,20,Vettel,0.0
2013,toro_rosso,818,Vergne,0.0
2013,red_bull,20,Vettel,25.0
2013,lotus_f1,8,Räikkönen,18.0
2013,lotus_f1,154,Grosjean,15.0
2013,ferrari,4,Alonso,12.0
2013,mercedes,1,Hamilton,10.0
2013,mclaren,18,Button,8.0
2013,red_bull,17,Webber,6.0
2013,mclaren,815,Pérez,4.0
2013,mercedes,3,Rosberg,2.0
2013,sauber,807,Hülkenberg,1.0
2013,force_india,814,di Resta,0.0
2013,toro_rosso,817,Ricciardo,0.0
2013,force_india,16,Sutil,0.0
2013,sauber,821,Gutiérrez,0.0
2013,williams,813,Maldonado,0.0
2013,williams,822,Bottas,0.0
2013,caterham,819,Pic,0.0
2013,caterham,823,van der Garde,0.0
2013,marussia,820,Chilton,0.0
2013,toro_rosso,818,Vergne,0.0
2013,marussia,824,Bianchi,0.0
2013,ferrari,13,Massa,0.0
2013,mercedes,1,Hamilton,25.0
2013,lotus_f1,8,Räikkönen,18.0
2013,red_bull,20,Vettel,15.0
2013,red_bull,17,Webber,12.0
2013,ferrari,4,Alonso,10.0
2013,lotus_f1,154,Grosjean,8.0
2013,mclaren,18,Button,6.0
2013,ferrari,13,Massa,4.0
2013,mclaren,815,Pérez,2.0
2013,williams,813,Maldonado,1.0
2013,sauber,807,Hülkenberg,0.0
2013,toro_rosso,818,Vergne,0.0
2013,toro_rosso,817,Ricciardo,0.0
2013,caterham,823,van der Garde,0.0
2013,caterham,819,Pic,0.0
2013,marussia,824,Bianchi,0.0
2013,marussia,820,Chilton,0.0
2013,force_india,814,di Resta,0.0
2013,mercedes,3,Rosberg,0.0
2013,williams,822,Bottas,0.0
2013,sauber,821,Gutiérrez,0.0
2013,force_india,16,Sutil,0.0
2013,red_bull,20,Vettel,25.0
2013,ferrari,4,Alonso,18.0
2013,mercedes,1,Hamilton,15.0
2013,mercedes,3,Rosberg,12.0
2013,red_bull,17,Webber,10.0
2013,mclaren,18,Button,8.0
2013,ferrari,13,Massa,6.0
2013,lotus_f1,154,Grosjean,4.0
2013,force_india,16,Sutil,2.0
2013,toro_rosso,817,Ricciardo,1.0
2013,mclaren,815,Pérez,0.0
2013,toro_rosso,818,Vergne,0.0
2013,sauber,807,Hülkenberg,0.0
2013,sauber,821,Gutiérrez,0.0
2013,williams,822,Bottas,0.0
2013,caterham,823,van der Garde,0.0
2013,williams,813,Maldonado,0.0
2013,marussia,824,Bianchi,0.0
2013,marussia,820,Chilton,0.0
2013,force_india,814,di Resta,0.0
2013,lotus_f1,8,Räikkönen,0.0
2013,caterham,819,Pic,0.0
2013,red_bull,20,Vettel,25.0
2013,ferrari,4,Alonso,18.0
2013,red_bull,17,Webber,15.0
2013,ferrari,13,Massa,12.0
2013,sauber,807,Hülkenberg,10.0
2013,mercedes,3,Rosberg,8.0
2013,toro_rosso,817,Ricciardo,6.0
2013,lotus_f1,154,Grosjean,4.0
2013,mercedes,1,Hamilton,2.0
2013,mclaren,18,Button,1.0
2013,lotus_f1,8,Räikkönen,0.0
2013,mclaren,815,Pérez,0.0
2013,sauber,821,Gutiérrez,0.0
2013,williams,813,Maldonado,0.0
2013,williams,822,Bottas,0.0
2013,force_india,16,Sutil,0.0
2013,caterham,819,Pic,0.0
2013,caterham,823,van der Garde,0.0
2013,marussia,824,Bianchi,0.0
2013,marussia,820,Chilton,0.0
2013,toro_rosso,818,Vergne,0.0
2013,force_india,814,di Resta,0.0
2013,red_bull,20,Vettel,25.0
2013,ferrari,4,Alonso,18.0
2013,lotus_f1,8,Räikkönen,15.0
2013,mercedes,3,Rosberg,12.0
2013,mercedes,1,Hamilton,10.0
2013,ferrari,13,Massa,8.0
2013,mclaren,18,Button,6.0
2013,mclaren,815,Pérez,4.0
2013,sauber,807,Hülkenberg,2.0
2013,force_india,16,Sutil,1.0
2013,williams,813,Maldonado,0.0
2013,sauber,821,Gutiérrez,0.0
2013,williams,822,Bottas,0.0
2013,toro_rosso,818,Vergne,0.0
2013,red_bull,17,Webber,0.0
2013,caterham,823,van der Garde,0.0
2013,marussia,820,Chilton,0.0
2013,marussia,824,Bianchi,0.0
2013,caterham,819,Pic,0.0
2013,force_india,814,di Resta,0.0
2013,lotus_f1,154,Grosjean,0.0
2013,toro_rosso,817,Ricciardo,0.0
2013,red_bull,20,Vettel,25.0
2013,lotus_f1,8,Räikkönen,18.0
2013,lotus_f1,154,Grosjean,15.0
2013,sauber,807,Hülkenberg,12.0
2013,mercedes,1,Hamilton,10.0
2013,ferrari,4,Alonso,8.0
2013,mercedes,3,Rosberg,6.0
2013,mclaren,18,Button,4.0
2013,ferrari,13,Massa,2.0
2013,mclaren,815,Pérez,1.0
2013,sauber,821,Gutiérrez,0.0
2013,williams,822,Bottas,0.0
2013,williams,813,Maldonado,0.0
2013,caterham,819,Pic,0.0
2013,caterham,823,van der Garde,0.0
2013,marussia,824,Bianchi,0.0
2013,marussia,820,Chilton,0.0
2013,toro_rosso,818,Vergne,0.0
2013,toro_rosso,817,Ricciardo,0.0
2013,force_india,16,Sutil,0.0
2013,red_bull,17,Webber,0.0
2013,force_india,814,di Resta,0.0
2013,red_bull,20,Vettel,25.0
2013,red_bull,17,Webber,18.0
2013,lotus_f1,154,Grosjean,15.0
2013,ferrari,4,Alonso,12.0
2013,lotus_f1,8,Räikkönen,10.0
2013,sauber,807,Hülkenberg,8.0
2013,sauber,821,Gutiérrez,6.0
2013,mercedes,3,Rosberg,4.0
2013,mclaren,18,Button,2.0
2013,ferrari,13,Massa,1.0
2013,force_india,814,di Resta,0.0
2013,toro_rosso,818,Vergne,0.0
2013,toro_rosso,817,Ricciardo,0.0
2013,force_india,16,Sutil,0.0
2013,mclaren,815,Pérez,0.0
2013,williams,813,Maldonado,0.0
2013,williams,822,Bottas,0.0
2013,caterham,819,Pic,0.0
2013,marussia,820,Chilton,0.0
2013,mercedes,1,Hamilton,0.0
2013,caterham,823,van der Garde,0.0
2013,marussia,824,Bianchi,0.0
2013,red_bull,20,Vettel,25.0
2013,mercedes,3,Rosberg,18.0
2013,lotus_f1,154,Grosjean,15.0
2013,ferrari,13,Massa,12.0
2013,mclaren,815,Pérez,10.0
2013,mercedes,1,Hamilton,8.0
2013,lotus_f1,8,Räikkönen,6.0
2013,force_india,814,di Resta,4.0
2013,force_india,16,Sutil,2.0
2013,toro_rosso,817,Ricciardo,1.0
2013,ferrari,4,Alonso,0.0
2013,williams,813,Maldonado,0.0
2013,toro_rosso,818,Vergne,0.0
2013,mclaren,18,Button,0.0
2013,sauber,821,Gutiérrez,0.0
2013,williams,822,Bottas,0.0
2013,marussia,820,Chilton,0.0
2013,marussia,824,Bianchi,0.0
2013,sauber,807,Hülkenberg,0.0
2013,red_bull,17,Webber,0.0
2013,caterham,819,Pic,0.0
2013,caterham,823,van der Garde,0.0
2013,red_bull,20,Vettel,25.0
2013,red_bull,17,Webber,18.0
2013,mercedes,3,Rosberg,15.0
2013,lotus_f1,154,Grosjean,12.0
2013,ferrari,4,Alonso,10.0
2013,force_india,814,di Resta,8.0
2013,mercedes,1,Hamilton,6.0
2013,ferrari,13,Massa,4.0
2013,mclaren,815,Pérez,2.0
2013,force_india,16,Sutil,1.0
2013,williams,813,Maldonado,0.0
2013,mclaren,18,Button,0.0
2013,sauber,821,Gutiérrez,0.0
2013,sauber,807,Hülkenberg,0.0
2013,williams,822,Bottas,0.0
2013,toro_rosso,817,Ricciardo,0.0
2013,toro_rosso,818,Vergne,0.0
2013,caterham,823,van der Garde,0.0
2013,caterham,819,Pic,0.0
2013,marussia,824,Bianchi,0.0
2013,marussia,820,Chilton,0.0
2013,lotus_f1,8,Räikkönen,0.0
2013,red_bull,20,Vettel,25.0
2013,lotus_f1,154,Grosjean,18.0
2013,red_bull,17,Webber,15.0
2013,mercedes,1,Hamilton,12.0
2013,ferrari,4,Alonso,10.0
2013,sauber,807,Hülkenberg,8.0
2013,mclaren,815,Pérez,6.0
2013,williams,822,Bottas,4.0
2013,mercedes,3,Rosberg,2.0
2013,mclaren,18,Button,1.0
2013,toro_rosso,817,Ricciardo,0.0
2013,toro_rosso,818,Vergne,0.0
2013,ferrari,13,Massa,0.0
2013,sauber,821,Gutiérrez,0.0
2013,lotus_f1,5,Kovalainen,0.0
2013,force_india,814,di Resta,0.0
2013,williams,813,Maldonado,0.0
2013,marussia,824,Bianchi,0.0
2013,caterham,823,van der Garde,0.0
2013,caterham,819,Pic,0.0
2013,marussia,820,Chilton,0.0
2013,force_india,16,Sutil,0.0
2013,red_bull,20,Vettel,25.0
2013,red_bull,17,Webber,18.0
2013,ferrari,4,Alonso,15.0
2013,mclaren,18,Button,12.0
2013,mercedes,3,Rosberg,10.0
2013,mclaren,815,Pérez,8.0
2013,ferrari,13,Massa,6.0
2013,sauber,807,Hülkenberg,4.0
2013,mercedes,1,Hamilton,2.0
2013,toro_rosso,817,Ricciardo,1.0
2013,force_india,814,di Resta,0.0
2013,sauber,821,Gutiérrez,0.0
2013,force_india,16,Sutil,0.0
2013,lotus_f1,5,Kovalainen,0.0
2013,toro_rosso,818,Vergne,0.0
2013,williams,813,Maldonado,0.0
2013,marussia,824,Bianchi,0.0
2013,caterham,823,van der Garde,0.0
2013,marussia,820,Chilton,0.0
2013,caterham,819,Pic,0.0
2013,williams,822,Bottas,0.0
2013,lotus_f1,154,Grosjean,0.0
2014,mercedes,3,Rosberg,25.0
2014,mclaren,825,Magnussen,18.0
2014,mclaren,18,Button,15.0
2014,ferrari,4,Alonso,12.0
2014,williams,822,Bottas,10.0
2014,force_india,807,Hülkenberg,8.0
2014,ferrari,8,Räikkönen,6.0
2014,toro_rosso,818,Vergne,4.0
2014,toro_rosso,826,Kvyat,2.0
2014,force_india,815,Pérez,1.0
2014,sauber,16,Sutil,0.0
2014,sauber,821,Gutiérrez,0.0
2014,marussia,820,Chilton,0.0
2014,marussia,824,Bianchi,0.0
2014,lotus_f1,154,Grosjean,0.0
2014,lotus_f1,813,Maldonado,0.0
2014,caterham,828,Ericsson,0.0
2014,red_bull,20,Vettel,0.0
2014,mercedes,1,Hamilton,0.0
2014,williams,13,Massa,0.0
2014,caterham,155,Kobayashi,0.0
2014,red_bull,817,Ricciardo,0.0
2014,mercedes,1,Hamilton,25.0
2014,mercedes,3,Rosberg,18.0
2014,red_bull,20,Vettel,15.0
2014,ferrari,4,Alonso,12.0
2014,force_india,807,Hülkenberg,10.0
2014,mclaren,18,Button,8.0
2014,williams,13,Massa,6.0
2014,williams,822,Bottas,4.0
2014,mclaren,825,Magnussen,2.0
2014,toro_rosso,826,Kvyat,1.0
2014,lotus_f1,154,Grosjean,0.0
2014,ferrari,8,Räikkönen,0.0
2014,caterham,155,Kobayashi,0.0
2014,caterham,828,Ericsson,0.0
2014,marussia,820,Chilton,0.0
2014,red_bull,817,Ricciardo,0.0
2014,sauber,821,Gutiérrez,0.0
2014,sauber,16,Sutil,0.0
2014,toro_rosso,818,Vergne,0.0
2014,marussia,824,Bianchi,0.0
2014,lotus_f1,813,Maldonado,0.0
2014,force_india,815,Pérez,0.0
2014,mercedes,1,Hamilton,25.0
2014,mercedes,3,Rosberg,18.0
2014,force_india,815,Pérez,15.0
2014,red_bull,817,Ricciardo,12.0
2014,force_india,807,Hülkenberg,10.0
2014,red_bull,20,Vettel,8.0
2014,williams,13,Massa,6.0
2014,williams,822,Bottas,4.0
2014,ferrari,4,Alonso,2.0
2014,ferrari,8,Räikkönen,1.0
2014,toro_rosso,826,Kvyat,0.0
2014,lotus_f1,154,Grosjean,0.0
2014,marussia,820,Chilton,0.0
2014,lotus_f1,813,Maldonado,0.0
2014,caterham,155,Kobayashi,0.0
2014,marussia,824,Bianchi,0.0
2014,mclaren,18,Button,0.0
2014,mclaren,825,Magnussen,0.0
2014,sauber,821,Gutiérrez,0.0
2014,caterham,828,Ericsson,0.0
2014,toro_rosso,818,Vergne,0.0
2014,sauber,16,Sutil,0.0
2014,mercedes,1,Hamilton,25.0
2014,mercedes,3,Rosberg,18.0
2014,ferrari,4,Alonso,15.0
2014,red_bull,817,Ricciardo,12.0
2014,red_bull,20,Vettel,10.0
2014,force_india,807,Hülkenberg,8.0
2014,williams,822,Bottas,6.0
2014,ferrari,8,Räikkönen,4.0
2014,force_india,815,Pérez,2.0
2014,toro_rosso,826,Kvyat,1.0
2014,mclaren,18,Button,0.0
2014,toro_rosso,818,Vergne,0.0
2014,mclaren,825,Magnussen,0.0
2014,lotus_f1,813,Maldonado,0.0
2014,williams,13,Massa,0.0
2014,sauber,821,Gutiérrez,0.0
2014,marussia,824,Bianchi,0.0
2014,caterham,155,Kobayashi,0.0
2014,marussia,820,Chilton,0.0
2014,caterham,828,Ericsson,0.0
2014,lotus_f1,154,Grosjean,0.0
2014,sauber,16,Sutil,0.0
2014,mercedes,1,Hamilton,25.0
2014,mercedes,3,Rosberg,18.0
2014,red_bull,817,Ricciardo,15.0
2014,red_bull,20,Vettel,12.0
2014,williams,822,Bottas,10.0
2014,ferrari,4,Alonso,8.0
2014,ferrari,8,Räikkönen,6.0
2014,lotus_f1,154,Grosjean,4.0
2014,force_india,815,Pérez,2.0
2014,force_india,807,Hülkenberg,1.0
2014,mclaren,18,Button,0.0
2014,mclaren,825,Magnussen,0.0
2014,williams,13,Massa,0.0
2014,toro_rosso,826,Kvyat,0.0
2014,lotus_f1,813,Maldonado,0.0
2014,sauber,821,Gutiérrez,0.0
2014,sauber,16,Sutil,0.0
2014,marussia,824,Bianchi,0.0
2014,marussia,820,Chilton,0.0
2014,caterham,828,Ericsson,0.0
2014,caterham,155,Kobayashi,0.0
2014,toro_rosso,818,Vergne,0.0
2014,mercedes,3,Rosberg,25.0
2014,mercedes,1,Hamilton,18.0
2014,red_bull,817,Ricciardo,15.0
2014,ferrari,4,Alonso,12.0
2014,force_india,807,Hülkenberg,10.0
2014,mclaren,18,Button,8.0
2014,williams,13,Massa,6.0
2014,lotus_f1,154,Grosjean,4.0
2014,marussia,824,Bianchi,2.0
2014,mclaren,825,Magnussen,1.0
2014,caterham,828,Ericsson,0.0
2014,ferrari,8,Räikkönen,0.0
2014,caterham,155,Kobayashi,0.0
2014,marussia,820,Chilton,0.0
2014,sauber,821,Gutiérrez,0.0
2014,williams,822,Bottas,0.0
2014,toro_rosso,818,Vergne,0.0
2014,sauber,16,Sutil,0.0
2014,toro_rosso,826,Kvyat,0.0
2014,red_bull,20,Vettel,0.0
2014,force_india,815,Pérez,0.0
2014,lotus_f1,813,Maldonado,0.0
2014,red_bull,817,Ricciardo,25.0
2014,mercedes,3,Rosberg,18.0
2014,red_bull,20,Vettel,15.0
2014,mclaren,18,Button,12.0
2014,force_india,807,Hülkenberg,10.0
2014,ferrari,4,Alonso,8.0
2014,williams,822,Bottas,6.0
2014,toro_rosso,818,Vergne,4.0
2014,mclaren,825,Magnussen,2.0
2014,ferrari,8,Räikkönen,1.0
2014,force_india,815,Pérez,0.0
2014,williams,13,Massa,0.0
2014,sauber,16,Sutil,0.0
2014,sauber,821,Gutiérrez,0.0
2014,lotus_f1,154,Grosjean,0.0
2014,toro_rosso,826,Kvyat,0.0
2014,mercedes,1,Hamilton,0.0
2014,caterham,155,Kobayashi,0.0
2014,lotus_f1,813,Maldonado,0.0
2014,caterham,828,Ericsson,0.0
2014,marussia,820,Chilton,0.0
2014,marussia,824,Bianchi,0.0
2014,mercedes,3,Rosberg,25.0
2014,mercedes,1,Hamilton,18.0
2014,williams,822,Bottas,15.0
2014,williams,13,Massa,12.0
2014,ferrari,4,Alonso,10.0
2014,force_india,815,Pérez,8.0
2014,mclaren,825,Magnussen,6.0
2014,red_bull,817,Ricciardo,4.0
2014,force_india,807,Hülkenberg,2.0
2014,ferrari,8,Räikkönen,1.0
2014,mclaren,18,Button,0.0
2014,lotus_f1,813,Maldonado,0.0
2014,sauber,16,Sutil,0.0
2014,lotus_f1,154,Grosjean,0.0
2014,marussia,824,Bianchi,0.0
2014,caterham,155,Kobayashi,0.0
2014,marussia,820,Chilton,0.0
2014,caterham,828,Ericsson,0.0
2014,sauber,821,Gutiérrez,0.0
2014,toro_rosso,818,Vergne,0.0
2014,red_bull,20,Vettel,0.0
2014,toro_rosso,826,Kvyat,0.0
2014,mercedes,1,Hamilton,25.0
2014,williams,822,Bottas,18.0
2014,red_bull,817,Ricciardo,15.0
2014,mclaren,18,Button,12.0
2014,red_bull,20,Vettel,10.0
2014,ferrari,4,Alonso,8.0
2014,mclaren,825,Magnussen,6.0
2014,force_india,807,Hülkenberg,4.0
2014,toro_rosso,826,Kvyat,2.0
2014,toro_rosso,818,Vergne,1.0
2014,force_india,815,Pérez,0.0
2014,lotus_f1,154,Grosjean,0.0
2014,sauber,16,Sutil,0.0
2014,marussia,824,Bianchi,0.0
2014,caterham,155,Kobayashi,0.0
2014,marussia,820,Chilton,0.0
2014,lotus_f1,813,Maldonado,0.0
2014,mercedes,3,Rosberg,0.0
2014,caterham,828,Ericsson,0.0
2014,sauber,821,Gutiérrez,0.0
2014,williams,13,Massa,0.0
2014,ferrari,8,Räikkönen,0.0
2014,mercedes,3,Rosberg,25.0
2014,williams,822,Bottas,18.0
2014,mercedes,1,Hamilton,15.0
2014,red_bull,20,Vettel,12.0
2014,ferrari,4,Alonso,10.0
2014,red_bull,817,Ricciardo,8.0
2014,force_india,807,Hülkenberg,6.0
2014,mclaren,18,Button,4.0
2014,mclaren,825,Magnussen,2.0
2014,force_india,815,Pérez,1.0
2014,ferrari,8,Räikkönen,0.0
2014,lotus_f1,813,Maldonado,0.0
2014,toro_rosso,818,Vergne,0.0
2014,sauber,821,Gutiérrez,0.0
2014,marussia,824,Bianchi,0.0
2014,caterham,155,Kobayashi,0.0
2014,marussia,820,Chilton,0.0
2014,caterham,828,Ericsson,0.0
2014,sauber,16,Sutil,0.0
2014,toro_rosso,826,Kvyat,0.0
2014,lotus_f1,154,Grosjean,0.0
2014,williams,13,Massa,0.0
2014,red_bull,817,Ricciardo,25.0
2014,ferrari,4,Alonso,18.0
2014,mercedes,1,Hamilton,15.0
2014,mercedes,3,Rosberg,12.0
2014,williams,13,Massa,10.0
2014,ferrari,8,Räikkönen,8.0
2014,red_bull,20,Vettel,6.0
2014,williams,822,Bottas,4.0
2014,toro_rosso,818,Vergne,2.0
2014,mclaren,18,Button,1.0
2014,sauber,16,Sutil,0.0
2014,mclaren,825,Magnussen,0.0
2014,lotus_f1,813,Maldonado,0.0
2014,toro_rosso,826,Kvyat,0.0
2014,marussia,824,Bianchi,0.0
2014,marussia,820,Chilton,0.0
2014,sauber,821,Gutiérrez,0.0
2014,caterham,155,Kobayashi,0.0
2014,force_india,815,Pérez,0.0
2014,force_india,807,Hülkenberg,0.0
2014,lotus_f1,154,Grosjean,0.0
2014,caterham,828,Ericsson,0.0
2014,red_bull,817,Ricciardo,25.0
2014,mercedes,3,Rosberg,18.0
2014,williams,822,Bottas,15.0
2014,ferrari,8,Räikkönen,12.0
2014,red_bull,20,Vettel,10.0
2014,mclaren,18,Button,8.0
2014,ferrari,4,Alonso,6.0
2014,force_india,815,Pérez,4.0
2014,toro_rosso,826,Kvyat,2.0
2014,force_india,807,Hülkenberg,1.0
2014,toro_rosso,818,Vergne,0.0
2014,mclaren,825,Magnussen,0.0
2014,williams,13,Massa,0.0
2014,sauber,16,Sutil,0.0
2014,sauber,821,Gutiérrez,0.0
2014,marussia,820,Chilton,0.0
2014,caterham,828,Ericsson,0.0
2014,marussia,824,Bianchi,0.0
2014,mercedes,1,Hamilton,0.0
2014,lotus_f1,154,Grosjean,0.0
2014,lotus_f1,813,Maldonado,0.0
2014,caterham,827,Lotterer,0.0
2014,mercedes,1,Hamilton,25.0
2014,mercedes,3,Rosberg,18.0
2014,williams,13,Massa,15.0
2014,williams,822,Bottas,12.0
2014,red_bull,817,Ricciardo,10.0
2014,red_bull,20,Vettel,8.0
2014,force_india,815,Pérez,6.0
2014,mclaren,18,Button,4.0
2014,ferrari,8,Räikkönen,2.0
2014,mclaren,825,Magnussen,1.0
2014,toro_rosso,826,Kvyat,0.0
2014,force_india,807,Hülkenberg,0.0
2014,toro_rosso,818,Vergne,0.0
2014,lotus_f1,813,Maldonado,0.0
2014,sauber,16,Sutil,0.0
2014,lotus_f1,154,Grosjean,0.0
2014,caterham,155,Kobayashi,0.0
2014,marussia,824,Bianchi,0.0
2014,sauber,821,Gutiérrez,0.0
2014,caterham,828,Ericsson,0.0
2014,ferrari,4,Alonso,0.0
2014,marussia,820,Chilton,0.0
2014,mercedes,1,Hamilton,25.0
2014,red_bull,20,Vettel,18.0
2014,red_bull,817,Ricciardo,15.0
2014,ferrari,4,Alonso,12.0
2014,williams,13,Massa,10.0
2014,toro_rosso,818,Vergne,8.0
2014,force_india,815,Pérez,6.0
2014,ferrari,8,Räikkönen,4.0
2014,force_india,807,Hülkenberg,2.0
2014,mclaren,825,Magnussen,1.0
2014,williams,822,Bottas,0.0
2014,lotus_f1,813,Maldonado,0.0
2014,lotus_f1,154,Grosjean,0.0
2014,toro_rosso,826,Kvyat,0.0
2014,caterham,828,Ericsson,0.0
2014,marussia,824,Bianchi,0.0
2014,marussia,820,Chilton,0.0
2014,mclaren,18,Button,0.0
2014,sauber,16,Sutil,0.0
2014,sauber,821,Gutiérrez,0.0
2014,mercedes,3,Rosberg,0.0
2014,caterham,155,Kobayashi,0.0
2014,mercedes,1,Hamilton,25.0
2014,mercedes,3,Rosberg,18.0
2014,red_bull,20,Vettel,15.0
2014,red_bull,817,Ricciardo,12.0
2014,mclaren,18,Button,10.0
2014,williams,822,Bottas,8.0
2014,williams,13,Massa,6.0
2014,force_india,807,Hülkenberg,4.0
2014,toro_rosso,818,Vergne,2.0
2014,force_india,815,Pérez,1.0
2014,toro_rosso,826,Kvyat,0.0
2014,ferrari,8,Räikkönen,0.0
2014,sauber,821,Gutiérrez,0.0
2014,mclaren,825,Magnussen,0.0
2014,lotus_f1,154,Grosjean,0.0
2014,lotus_f1,813,Maldonado,0.0
2014,caterham,828,Ericsson,0.0
2014,marussia,820,Chilton,0.0
2014,caterham,155,Kobayashi,0.0
2014,marussia,824,Bianchi,0.0
2014,sauber,16,Sutil,0.0
2014,ferrari,4,Alonso,0.0
2014,mercedes,1,Hamilton,25.0
2014,mercedes,3,Rosberg,18.0
2014,williams,822,Bottas,15.0
2014,mclaren,18,Button,12.0
2014,mclaren,825,Magnussen,10.0
2014,ferrari,4,Alonso,8.0
2014,red_bull,817,Ricciardo,6.0
2014,red_bull,20,Vettel,4.0
2014,ferrari,8,Räikkönen,2.0
2014,force_india,815,Pérez,1.0
2014,williams,13,Massa,0.0
2014,force_india,807,Hülkenberg,0.0
2014,toro_rosso,818,Vergne,0.0
2014,toro_rosso,826,Kvyat,0.0
2014,sauber,821,Gutiérrez,0.0
2014,sauber,16,Sutil,0.0
2014,lotus_f1,154,Grosjean,0.0
2014,lotus_f1,813,Maldonado,0.0
2014,caterham,828,Ericsson,0.0
2014,caterham,155,Kobayashi,0.0
2014,marussia,820,Chilton,0.0
2014,mercedes,1,Hamilton,25.0
2014,mercedes,3,Rosberg,18.0
2014,red_bull,817,Ricciardo,15.0
2014,williams,13,Massa,12.0
2014,williams,822,Bottas,10.0
2014,ferrari,4,Alonso,8.0
2014,red_bull,20,Vettel,6.0
2014,mclaren,825,Magnussen,4.0
2014,toro_rosso,818,Vergne,1.0
2014,lotus_f1,813,Maldonado,2.0
2014,lotus_f1,154,Grosjean,0.0
2014,mclaren,18,Button,0.0
2014,ferrari,8,Räikkönen,0.0
2014,sauber,821,Gutiérrez,0.0
2014,toro_rosso,826,Kvyat,0.0
2014,force_india,807,Hülkenberg,0.0
2014,force_india,815,Pérez,0.0
2014,sauber,16,Sutil,0.0
2014,mercedes,3,Rosberg,25.0
2014,mercedes,1,Hamilton,18.0
2014,williams,13,Massa,15.0
2014,mclaren,18,Button,12.0
2014,red_bull,20,Vettel,10.0
2014,ferrari,4,Alonso,8.0
2014,ferrari,8,Räikkönen,6.0
2014,force_india,807,Hülkenberg,4.0
2014,mclaren,825,Magnussen,2.0
2014,williams,822,Bottas,1.0
2014,toro_rosso,826,Kvyat,0.0
2014,lotus_f1,813,Maldonado,0.0
2014,toro_rosso,818,Vergne,0.0
2014,sauber,821,Gutiérrez,0.0
2014,force_india,815,Pérez,0.0
2014,sauber,16,Sutil,0.0
2014,lotus_f1,154,Grosjean,0.0
2014,red_bull,817,Ricciardo,0.0
2014,mercedes,1,Hamilton,50.0
2014,williams,13,Massa,36.0
2014,williams,822,Bottas,30.0
2014,red_bull,817,Ricciardo,24.0
2014,mclaren,18,Button,20.0
2014,force_india,807,Hülkenberg,16.0
2014,force_india,815,Pérez,12.0
2014,red_bull,20,Vettel,8.0
2014,ferrari,4,Alonso,4.0
2014,ferrari,8,Räikkönen,2.0
2014,mclaren,825,Magnussen,0.0
2014,toro_rosso,818,Vergne,0.0
2014,lotus_f1,154,Grosjean,0.0
2014,mercedes,3,Rosberg,0.0
2014,sauber,821,Gutiérrez,0.0
2014,sauber,16,Sutil,0.0
2014,caterham,829,Stevens,0.0
2014,caterham,155,Kobayashi,0.0
2014,lotus_f1,813,Maldonado,0.0
2014,toro_rosso,826,Kvyat,0.0
2015,mercedes,1,Hamilton,25.0
2015,mercedes,3,Rosberg,18.0
2015,ferrari,20,Vettel,15.0
2015,williams,13,Massa,12.0
2015,sauber,831,Nasr,10.0
2015,red_bull,817,Ricciardo,8.0
2015,force_india,807,Hülkenberg,6.0
2015,sauber,828,Ericsson,4.0
2015,toro_rosso,832,Sainz,2.0
2015,force_india,815,Pérez,1.0
2015,mclaren,18,Button,0.0
2015,ferrari,8,Räikkönen,0.0
2015,toro_rosso,830,Verstappen,0.0
2015,lotus_f1,154,Grosjean,0.0
2015,lotus_f1,813,Maldonado,0.0
2015,red_bull,826,Kvyat,0.0
2015,mclaren,825,Magnussen,0.0
2015,williams,822,Bottas,0.0
2015,ferrari,20,Vettel,25.0
2015,mercedes,1,Hamilton,18.0
2015,mercedes,3,Rosberg,15.0
2015,ferrari,8,Räikkönen,12.0
2015,williams,822,Bottas,10.0
2015,williams,13,Massa,8.0
2015,toro_rosso,830,Verstappen,6.0
2015,toro_rosso,832,Sainz,4.0
2015,red_bull,826,Kvyat,2.0
2015,red_bull,817,Ricciardo,1.0
2015,lotus_f1,154,Grosjean,0.0
2015,sauber,831,Nasr,0.0
2015,force_india,815,Pérez,0.0
2015,force_india,807,Hülkenberg,0.0
2015,manor,833,Merhi,0.0
2015,lotus_f1,813,Maldonado,0.0
2015,mclaren,18,Button,0.0
2015,mclaren,4,Alonso,0.0
2015,sauber,828,Ericsson,0.0
2015,manor,829,Stevens,0.0
2015,mercedes,1,Hamilton,25.0
2015,mercedes,3,Rosberg,18.0
2015,ferrari,20,Vettel,15.0
2015,ferrari,8,Räikkönen,12.0
2015,williams,13,Massa,10.0
2015,williams,822,Bottas,8.0
2015,lotus_f1,154,Grosjean,6.0
2015,sauber,831,Nasr,4.0
2015,red_bull,817,Ricciardo,2.0
2015,sauber,828,Ericsson,1.0
2015,force_india,815,Pérez,0.0
2015,mclaren,4,Alonso,0.0
2015,toro_rosso,832,Sainz,0.0
2015,mclaren,18,Button,0.0
2015,manor,829,Stevens,0.0
2015,manor,833,Merhi,0.0
2015,toro_rosso,830,Verstappen,0.0
2015,lotus_f1,813,Maldonado,0.0
2015,red_bull,826,Kvyat,0.0
2015,force_india,807,Hülkenberg,0.0
2015,mercedes,1,Hamilton,25.0
2015,ferrari,8,Räikkönen,18.0
2015,mercedes,3,Rosberg,15.0
2015,williams,822,Bottas,12.0
2015,ferrari,20,Vettel,10.0
2015,red_bull,817,Ricciardo,8.0
2015,lotus_f1,154,Grosjean,6.0
2015,force_india,815,Pérez,4.0
2015,red_bull,826,Kvyat,2.0
2015,williams,13,Massa,1.0
2015,mclaren,4,Alonso,0.0
2015,sauber,831,Nasr,0.0
2015,force_india,807,Hülkenberg,0.0
2015,sauber,828,Ericsson,0.0
2015,lotus_f1,813,Maldonado,0.0
2015,manor,829,Stevens,0.0
2015,manor,833,Merhi,0.0
2015,toro_rosso,830,Verstappen,0.0
2015,toro_rosso,832,Sainz,0.0
2015,mclaren,18,Button,0.0
2015,mercedes,3,Rosberg,25.0
2015,mercedes,1,Hamilton,18.0
2015,ferrari,20,Vettel,15.0
2015,williams,822,Bottas,12.0
2015,ferrari,8,Räikkönen,10.0
2015,williams,13,Massa,8.0
2015,red_bull,817,Ricciardo,6.0
2015,lotus_f1,154,Grosjean,4.0
2015,toro_rosso,832,Sainz,2.0
2015,red_bull,826,Kvyat,1.0
2015,toro_rosso,830,Verstappen,0.0
2015,sauber,831,Nasr,0.0
2015,force_india,815,Pérez,0.0
2015,sauber,828,Ericsson,0.0
2015,force_india,807,Hülkenberg,0.0
2015,mclaren,18,Button,0.0
2015,manor,829,Stevens,0.0
2015,manor,833,Merhi,0.0
2015,lotus_f1,813,Maldonado,0.0
2015,mclaren,4,Alonso,0.0
2015,mercedes,3,Rosberg,25.0
2015,ferrari,20,Vettel,18.0
2015,mercedes,1,Hamilton,15.0
2015,red_bull,826,Kvyat,12.0
2015,red_bull,817,Ricciardo,10.0
2015,ferrari,8,Räikkönen,8.0
2015,force_india,815,Pérez,6.0
2015,mclaren,18,Button,4.0
2015,sauber,831,Nasr,2.0
2015,toro_rosso,832,Sainz,1.0
2015,force_india,807,Hülkenberg,0.0
2015,lotus_f1,154,Grosjean,0.0
2015,sauber,828,Ericsson,0.0
2015,williams,822,Bottas,0.0
2015,williams,13,Massa,0.0
2015,manor,833,Merhi,0.0
2015,manor,829,Stevens,0.0
2015,toro_rosso,830,Verstappen,0.0
2015,mclaren,4,Alonso,0.0
2015,lotus_f1,813,Maldonado,0.0
2015,mercedes,1,Hamilton,25.0
2015,mercedes,3,Rosberg,18.0
2015,williams,822,Bottas,15.0
2015,ferrari,8,Räikkönen,12.0
2015,ferrari,20,Vettel,10.0
2015,williams,13,Massa,8.0
2015,lotus_f1,813,Maldonado,6.0
2015,force_india,807,Hülkenberg,4.0
2015,red_bull,826,Kvyat,2.0
2015,lotus_f1,154,Grosjean,1.0
2015,force_india,815,Pérez,0.0
2015,toro_rosso,832,Sainz,0.0
2015,red_bull,817,Ricciardo,0.0
2015,sauber,828,Ericsson,0.0
2015,toro_rosso,830,Verstappen,0.0
2015,sauber,831,Nasr,0.0
2015,manor,829,Stevens,0.0
2015,manor,833,Merhi,0.0
2015,mclaren,18,Button,0.0
2015,mclaren,4,Alonso,0.0
2015,mercedes,3,Rosberg,25.0
2015,mercedes,1,Hamilton,18.0
2015,williams,13,Massa,15.0
2015,ferrari,20,Vettel,12.0
2015,williams,822,Bottas,10.0
2015,force_india,807,Hülkenberg,8.0
2015,lotus_f1,813,Maldonado,6.0
2015,toro_rosso,830,Verstappen,4.0
2015,force_india,815,Pérez,2.0
2015,red_bull,817,Ricciardo,1.0
2015,sauber,831,Nasr,0.0
2015,red_bull,826,Kvyat,0.0
2015,sauber,828,Ericsson,0.0
2015,manor,833,Merhi,0.0
2015,lotus_f1,154,Grosjean,0.0
2015,toro_rosso,832,Sainz,0.0
2015,mclaren,18,Button,0.0
2015,manor,829,Stevens,0.0
2015,ferrari,8,Räikkönen,0.0
2015,mclaren,4,Alonso,0.0
2015,mercedes,1,Hamilton,25.0
2015,mercedes,3,Rosberg,18.0
2015,ferrari,20,Vettel,15.0
2015,williams,13,Massa,12.0
2015,williams,822,Bottas,10.0
2015,red_bull,826,Kvyat,8.0
2015,force_india,807,Hülkenberg,6.0
2015,ferrari,8,Räikkönen,4.0
2015,force_india,815,Pérez,2.0
2015,mclaren,4,Alonso,1.0
2015,sauber,828,Ericsson,0.0
2015,manor,833,Merhi,0.0
2015,manor,829,Stevens,0.0
2015,toro_rosso,832,Sainz,0.0
2015,red_bull,817,Ricciardo,0.0
2015,toro_rosso,830,Verstappen,0.0
2015,lotus_f1,813,Maldonado,0.0
2015,mclaren,18,Button,0.0
2015,lotus_f1,154,Grosjean,0.0
2015,sauber,831,Nasr,0.0
2015,ferrari,20,Vettel,25.0
2015,red_bull,826,Kvyat,18.0
2015,red_bull,817,Ricciardo,15.0
2015,toro_rosso,830,Verstappen,12.0
2015,mclaren,4,Alonso,10.0
2015,mercedes,1,Hamilton,8.0
2015,lotus_f1,154,Grosjean,6.0
2015,mercedes,3,Rosberg,4.0
2015,mclaren,18,Button,2.0
2015,sauber,828,Ericsson,1.0
2015,sauber,831,Nasr,0.0
2015,williams,13,Massa,0.0
2015,williams,822,Bottas,0.0
2015,lotus_f1,813,Maldonado,0.0
2015,manor,833,Merhi,0.0
2015,manor,829,Stevens,0.0
2015,toro_rosso,832,Sainz,0.0
2015,ferrari,8,Räikkönen,0.0
2015,force_india,815,Pérez,0.0
2015,force_india,807,Hülkenberg,0.0
2015,mercedes,1,Hamilton,25.0
2015,mercedes,3,Rosberg,18.0
2015,lotus_f1,154,Grosjean,15.0
2015,red_bull,826,Kvyat,12.0
2015,force_india,815,Pérez,10.0
2015,williams,13,Massa,8.0
2015,ferrari,8,Räikkönen,6.0
2015,toro_rosso,830,Verstappen,4.0
2015,williams,822,Bottas,2.0
2015,sauber,828,Ericsson,1.0
2015,sauber,831,Nasr,0.0
2015,ferrari,20,Vettel,0.0
2015,mclaren,4,Alonso,0.0
2015,mclaren,18,Button,0.0
2015,manor,833,Merhi,0.0
2015,manor,829,Stevens,0.0
2015,toro_rosso,832,Sainz,0.0
2015,red_bull,817,Ricciardo,0.0
2015,lotus_f1,813,Maldonado,0.0
2015,force_india,807,Hülkenberg,0.0
2015,mercedes,1,Hamilton,25.0
2015,ferrari,20,Vettel,18.0
2015,williams,13,Massa,15.0
2015,williams,822,Bottas,12.0
2015,ferrari,8,Räikkönen,10.0
2015,force_india,815,Pérez,8.0
2015,force_india,807,Hülkenberg,6.0
2015,red_bull,817,Ricciardo,4.0
2015,sauber,828,Ericsson,2.0
2015,red_bull,826,Kvyat,1.0
2015,toro_rosso,832,Sainz,0.0
2015,toro_rosso,830,Verstappen,0.0
2015,sauber,831,Nasr,0.0
2015,mclaren,18,Button,0.0
2015,manor,829,Stevens,0.0
2015,manor,833,Merhi,0.0
2015,mercedes,3,Rosberg,0.0
2015,mclaren,4,Alonso,0.0
2015,lotus_f1,154,Grosjean,0.0
2015,lotus_f1,813,Maldonado,0.0
2015,ferrari,20,Vettel,25.0
2015,red_bull,817,Ricciardo,18.0
2015,ferrari,8,Räikkönen,15.0
2015,mercedes,3,Rosberg,12.0
2015,williams,822,Bottas,10.0
2015,red_bull,826,Kvyat,8.0
2015,force_india,815,Pérez,6.0
2015,toro_rosso,830,Verstappen,4.0
2015,toro_rosso,832,Sainz,2.0
2015,sauber,831,Nasr,1.0
2015,sauber,828,Ericsson,0.0
2015,lotus_f1,813,Maldonado,0.0
2015,lotus_f1,154,Grosjean,0.0
2015,manor,834,Rossi,0.0
2015,manor,829,Stevens,0.0
2015,mclaren,18,Button,0.0
2015,mclaren,4,Alonso,0.0
2015,mercedes,1,Hamilton,0.0
2015,williams,13,Massa,0.0
2015,force_india,807,Hülkenberg,0.0
2015,mercedes,1,Hamilton,25.0
2015,mercedes,3,Rosberg,18.0
2015,ferrari,20,Vettel,15.0
2015,ferrari,8,Räikkönen,12.0
2015,williams,822,Bottas,10.0
2015,force_india,807,Hülkenberg,8.0
2015,lotus_f1,154,Grosjean,6.0
2015,lotus_f1,813,Maldonado,4.0
2015,toro_rosso,830,Verstappen,2.0
2015,toro_rosso,832,Sainz,1.0
2015,mclaren,4,Alonso,0.0
2015,force_india,815,Pérez,0.0
2015,red_bull,826,Kvyat,0.0
2015,sauber,828,Ericsson,0.0
2015,red_bull,817,Ricciardo,0.0
2015,mclaren,18,Button,0.0
2015,williams,13,Massa,0.0
2015,manor,834,Rossi,0.0
2015,manor,829,Stevens,0.0
2015,sauber,831,Nasr,0.0
2015,mercedes,1,Hamilton,25.0
2015,ferrari,20,Vettel,18.0
2015,force_india,815,Pérez,15.0
2015,williams,13,Massa,12.0
2015,ferrari,8,Räikkönen,4.0
2015,sauber,831,Nasr,8.0
2015,lotus_f1,813,Maldonado,6.0
2015,mclaren,18,Button,2.0
2015,toro_rosso,830,Verstappen,1.0
2015,mclaren,4,Alonso,0.0
2015,williams,822,Bottas,0.0
2015,manor,833,Merhi,0.0
2015,manor,829,Stevens,0.0
2015,red_bull,817,Ricciardo,0.0
2015,toro_rosso,832,Sainz,0.0
2015,lotus_f1,154,Grosjean,0.0
2015,mercedes,3,Rosberg,0.0
2015,force_india,807,Hülkenberg,0.0
2015,sauber,828,Ericsson,0.0
2015,mercedes,1,Hamilton,25.0
2015,red_bull,826,Kvyat,10.0
2015,mercedes,3,Rosberg,18.0
2015,ferrari,20,Vettel,15.0
2015,toro_rosso,830,Verstappen,12.0
2015,force_india,815,Pérez,10.0
2015,mclaren,18,Button,8.0
2015,toro_rosso,832,Sainz,6.0
2015,lotus_f1,813,Maldonado,4.0
2015,sauber,831,Nasr,2.0
2015,red_bull,817,Ricciardo,1.0
2015,mclaren,4,Alonso,0.0
2015,manor,834,Rossi,0.0
2015,red_bull,826,Kvyat,0.0
2015,force_india,807,Hülkenberg,0.0
2015,sauber,828,Ericsson,0.0
2015,ferrari,8,Räikkönen,0.0
2015,williams,13,Massa,0.0
2015,lotus_f1,154,Grosjean,0.0
2015,williams,822,Bottas,0.0
2015,manor,829,Stevens,0.0
2015,mercedes,3,Rosberg,25.0
2015,mercedes,1,Hamilton,18.0
2015,williams,822,Bottas,15.0
2015,red_bull,826,Kvyat,12.0
2015,red_bull,817,Ricciardo,10.0
2015,williams,13,Massa,8.0
2015,force_india,807,Hülkenberg,6.0
2015,force_india,815,Pérez,4.0
2015,toro_rosso,830,Verstappen,2.0
2015,lotus_f1,154,Grosjean,1.0
2015,lotus_f1,813,Maldonado,0.0
2015,sauber,828,Ericsson,0.0
2015,toro_rosso,832,Sainz,0.0
2015,mclaren,18,Button,0.0
2015,manor,834,Rossi,0.0
2015,manor,829,Stevens,0.0
2015,sauber,831,Nasr,0.0
2015,ferrari,20,Vettel,0.0
2015,ferrari,8,Räikkönen,0.0
2015,mclaren,4,Alonso,0.0
2015,mercedes,3,Rosberg,25.0
2015,mercedes,1,Hamilton,18.0
2015,ferrari,20,Vettel,15.0
2015,ferrari,8,Räikkönen,12.0
2015,williams,822,Bottas,10.0
2015,force_india,807,Hülkenberg,8.0
2015,red_bull,826,Kvyat,6.0
2015,lotus_f1,154,Grosjean,4.0
2015,toro_rosso,830,Verstappen,2.0
2015,lotus_f1,813,Maldonado,1.0
2015,red_bull,817,Ricciardo,0.0
2015,force_india,815,Pérez,0.0
2015,sauber,831,Nasr,0.0
2015,mclaren,18,Button,0.0
2015,mclaren,4,Alonso,0.0
2015,sauber,828,Ericsson,0.0
2015,manor,829,Stevens,0.0
2015,manor,834,Rossi,0.0
2015,toro_rosso,832,Sainz,0.0
2015,williams,13,Massa,0.0
2015,mercedes,3,Rosberg,25.0
2015,mercedes,1,Hamilton,18.0
2015,ferrari,8,Räikkönen,15.0
2015,ferrari,20,Vettel,12.0
2015,force_india,815,Pérez,10.0
2015,red_bull,817,Ricciardo,8.0
2015,force_india,807,Hülkenberg,6.0
2015,williams,13,Massa,4.0
2015,lotus_f1,154,Grosjean,2.0
2015,red_bull,826,Kvyat,1.0
2015,toro_rosso,832,Sainz,0.0
2015,mclaren,18,Button,0.0
2015,williams,822,Bottas,0.0
2015,sauber,828,Ericsson,0.0
2015,sauber,831,Nasr,0.0
2015,toro_rosso,830,Verstappen,0.0
2015,mclaren,4,Alonso,0.0
2015,manor,829,Stevens,0.0
2015,manor,833,Merhi,0.0
2015,lotus_f1,813,Maldonado,0.0
2016,mercedes,3,Rosberg,25.0
2016,mercedes,1,Hamilton,18.0
2016,ferrari,20,Vettel,15.0
2016,red_bull,817,Ricciardo,12.0
2016,williams,13,Massa,10.0
2016,haas,154,Grosjean,8.0
2016,force_india,807,Hülkenberg,6.0
2016,williams,822,Bottas,4.0
2016,toro_rosso,832,Sainz,2.0
2016,toro_rosso,830,Verstappen,1.0
2016,renault,835,Palmer,0.0
2016,renault,825,Magnussen,0.0
2016,force_india,815,Pérez,0.0
2016,mclaren,18,Button,0.0
2016,sauber,831,Nasr,0.0
2016,manor,836,Wehrlein,0.0
2016,sauber,828,Ericsson,0.0
2016,ferrari,8,Räikkönen,0.0
2016,manor,837,Haryanto,0.0
2016,haas,821,Gutiérrez,0.0
2016,mclaren,4,Alonso,0.0
2016,red_bull,826,Kvyat,0.0
2016,mercedes,3,Rosberg,25.0
2016,ferrari,8,Räikkönen,18.0
2016,mercedes,1,Hamilton,15.0
2016,red_bull,817,Ricciardo,12.0
2016,haas,154,Grosjean,10.0
2016,toro_rosso,830,Verstappen,8.0
2016,red_bull,826,Kvyat,6.0
2016,williams,13,Massa,4.0
2016,williams,822,Bottas,2.0
2016,mclaren,838,Vandoorne,1.0
2016,renault,825,Magnussen,0.0
2016,sauber,828,Ericsson,0.0
2016,manor,836,Wehrlein,0.0
2016,sauber,831,Nasr,0.0
2016,force_india,807,Hülkenberg,0.0
2016,force_india,815,Pérez,0.0
2016,manor,837,Haryanto,0.0
2016,toro_rosso,832,Sainz,0.0
2016,haas,821,Gutiérrez,0.0
2016,mclaren,18,Button,0.0
2016,ferrari,20,Vettel,0.0
2016,renault,835,Palmer,0.0
2016,mercedes,3,Rosberg,25.0
2016,ferrari,20,Vettel,18.0
2016,red_bull,826,Kvyat,15.0
2016,red_bull,817,Ricciardo,12.0
2016,ferrari,8,Räikkönen,10.0
2016,williams,13,Massa,8.0
2016,mercedes,1,Hamilton,6.0
2016,toro_rosso,830,Verstappen,4.0
2016,toro_rosso,832,Sainz,2.0
2016,williams,822,Bottas,1.0
2016,force_india,815,Pérez,0.0
2016,mclaren,4,Alonso,0.0
2016,mclaren,18,Button,0.0
2016,haas,821,Gutiérrez,0.0
2016,force_india,807,Hülkenberg,0.0
2016,sauber,828,Ericsson,0.0
2016,renault,825,Magnussen,0.0
2016,manor,836,Wehrlein,0.0
2016,haas,154,Grosjean,0.0
2016,sauber,831,Nasr,0.0
2016,manor,837,Haryanto,0.0
2016,renault,835,Palmer,0.0
2016,mercedes,3,Rosberg,25.0
2016,mercedes,1,Hamilton,18.0
2016,ferrari,8,Räikkönen,15.0
2016,williams,822,Bottas,12.0
2016,williams,13,Massa,10.0
2016,mclaren,4,Alonso,8.0
2016,renault,825,Magnussen,6.0
2016,haas,154,Grosjean,4.0
2016,force_india,815,Pérez,2.0
2016,mclaren,18,Button,1.0
2016,red_bull,817,Ricciardo,0.0
2016,toro_rosso,832,Sainz,0.0
2016,renault,835,Palmer,0.0
2016,sauber,828,Ericsson,0.0
2016,red_bull,826,Kvyat,0.0
2016,sauber,831,Nasr,0.0
2016,haas,821,Gutiérrez,0.0
2016,manor,836,Wehrlein,0.0
2016,toro_rosso,830,Verstappen,0.0
2016,ferrari,20,Vettel,0.0
2016,force_india,807,Hülkenberg,0.0
2016,manor,837,Haryanto,0.0
2016,red_bull,830,Verstappen,25.0
2016,ferrari,8,Räikkönen,18.0
2016,ferrari,20,Vettel,15.0
2016,red_bull,817,Ricciardo,12.0
2016,williams,822,Bottas,10.0
2016,toro_rosso,832,Sainz,8.0
2016,force_india,815,Pérez,6.0
2016,williams,13,Massa,4.0
2016,mclaren,18,Button,2.0
2016,toro_rosso,826,Kvyat,1.0
2016,haas,821,Gutiérrez,0.0
2016,sauber,828,Ericsson,0.0
2016,renault,835,Palmer,0.0
2016,renault,825,Magnussen,0.0
2016,sauber,831,Nasr,0.0
2016,manor,836,Wehrlein,0.0
2016,manor,837,Haryanto,0.0
2016,haas,154,Grosjean,0.0
2016,mclaren,4,Alonso,0.0
2016,force_india,807,Hülkenberg,0.0
2016,mercedes,1,Hamilton,0.0
2016,mercedes,3,Rosberg,0.0
2016,mercedes,1,Hamilton,25.0
2016,red_bull,817,Ricciardo,18.0
2016,force_india,815,Pérez,15.0
2016,ferrari,20,Vettel,12.0
2016,mclaren,4,Alonso,10.0
2016,force_india,807,Hülkenberg,8.0
2016,mercedes,3,Rosberg,6.0
2016,toro_rosso,832,Sainz,4.0
2016,mclaren,18,Button,2.0
2016,williams,13,Massa,1.0
2016,haas,821,Gutiérrez,0.0
2016,williams,822,Bottas,0.0
2016,haas,154,Grosjean,0.0
2016,manor,836,Wehrlein,0.0
2016,manor,837,Haryanto,0.0
2016,sauber,828,Ericsson,0.0
2016,sauber,831,Nasr,0.0
2016,red_bull,830,Verstappen,0.0
2016,renault,825,Magnussen,0.0
2016,toro_rosso,826,Kvyat,0.0
2016,ferrari,8,Räikkönen,0.0
2016,renault,835,Palmer,0.0
2016,mercedes,1,Hamilton,25.0
2016,ferrari,20,Vettel,18.0
2016,williams,822,Bottas,15.0
2016,red_bull,830,Verstappen,12.0
2016,mercedes,3,Rosberg,10.0
2016,ferrari,8,Räikkönen,8.0
2016,red_bull,817,Ricciardo,6.0
2016,force_india,807,Hülkenberg,4.0
2016,toro_rosso,832,Sainz,2.0
2016,force_india,815,Pérez,1.0
2016,mclaren,4,Alonso,0.0
2016,toro_rosso,826,Kvyat,0.0
2016,haas,821,Gutiérrez,0.0
2016,haas,154,Grosjean,0.0
2016,sauber,828,Ericsson,0.0
2016,renault,825,Magnussen,0.0
2016,manor,836,Wehrlein,0.0
2016,sauber,831,Nasr,0.0
2016,manor,837,Haryanto,0.0
2016,williams,13,Massa,0.0
2016,renault,835,Palmer,0.0
2016,mclaren,18,Button,0.0
2016,mercedes,3,Rosberg,25.0
2016,ferrari,20,Vettel,18.0
2016,force_india,815,Pérez,15.0
2016,ferrari,8,Räikkönen,12.0
2016,mercedes,1,Hamilton,10.0
2016,williams,822,Bottas,8.0
2016,red_bull,817,Ricciardo,6.0
2016,red_bull,830,Verstappen,4.0
2016,force_india,807,Hülkenberg,2.0
2016,williams,13,Massa,1.0
2016,mclaren,18,Button,0.0
2016,sauber,831,Nasr,0.0
2016,haas,154,Grosjean,0.0
2016,renault,825,Magnussen,0.0
2016,renault,835,Palmer,0.0
2016,haas,821,Gutiérrez,0.0
2016,sauber,828,Ericsson,0.0
2016,manor,837,Haryanto,0.0
2016,mclaren,4,Alonso,0.0
2016,manor,836,Wehrlein,0.0
2016,toro_rosso,832,Sainz,0.0
2016,toro_rosso,826,Kvyat,0.0
2016,mercedes,1,Hamilton,25.0
2016,red_bull,830,Verstappen,18.0
2016,ferrari,8,Räikkönen,15.0
2016,mercedes,3,Rosberg,12.0
2016,red_bull,817,Ricciardo,10.0
2016,mclaren,18,Button,8.0
2016,haas,154,Grosjean,6.0
2016,toro_rosso,832,Sainz,4.0
2016,williams,822,Bottas,2.0
2016,manor,836,Wehrlein,1.0
2016,haas,821,Gutiérrez,0.0
2016,renault,835,Palmer,0.0
2016,sauber,831,Nasr,0.0
2016,renault,825,Magnussen,0.0
2016,sauber,828,Ericsson,0.0
2016,manor,837,Haryanto,0.0
2016,force_india,815,Pérez,0.0
2016,mclaren,4,Alonso,0.0
2016,force_india,807,Hülkenberg,0.0
2016,williams,13,Massa,0.0
2016,ferrari,20,Vettel,0.0
2016,toro_rosso,826,Kvyat,0.0
2016,mercedes,1,Hamilton,25.0
2016,red_bull,830,Verstappen,18.0
2016,mercedes,3,Rosberg,15.0
2016,red_bull,817,Ricciardo,12.0
2016,ferrari,8,Räikkönen,10.0
2016,force_india,815,Pérez,8.0
2016,force_india,807,Hülkenberg,6.0
2016,toro_rosso,832,Sainz,4.0
2016,ferrari,20,Vettel,2.0
2016,toro_rosso,826,Kvyat,1.0
2016,williams,13,Massa,0.0
2016,mclaren,18,Button,0.0
2016,mclaren,4,Alonso,0.0
2016,williams,822,Bottas,0.0
2016,sauber,831,Nasr,0.0
2016,haas,821,Gutiérrez,0.0
2016,renault,825,Magnussen,0.0
2016,renault,835,Palmer,0.0
2016,manor,837,Haryanto,0.0
2016,haas,154,Grosjean,0.0
2016,sauber,828,Ericsson,0.0
2016,manor,836,Wehrlein,0.0
2016,mercedes,1,Hamilton,25.0
2016,mercedes,3,Rosberg,18.0
2016,red_bull,817,Ricciardo,15.0
2016,ferrari,20,Vettel,12.0
2016,red_bull,830,Verstappen,10.0
2016,ferrari,8,Räikkönen,8.0
2016,mclaren,4,Alonso,6.0
2016,toro_rosso,832,Sainz,4.0
2016,williams,822,Bottas,2.0
2016,force_india,807,Hülkenberg,1.0
2016,force_india,815,Pérez,0.0
2016,renault,835,Palmer,0.0
2016,haas,821,Gutiérrez,0.0
2016,haas,154,Grosjean,0.0
2016,renault,825,Magnussen,0.0
2016,toro_rosso,826,Kvyat,0.0
2016,sauber,831,Nasr,0.0
2016,williams,13,Massa,0.0
2016,manor,836,Wehrlein,0.0
2016,sauber,828,Ericsson,0.0
2016,manor,837,Haryanto,0.0
2016,mclaren,18,Button,0.0
2016,mercedes,1,Hamilton,25.0
2016,red_bull,817,Ricciardo,18.0
2016,red_bull,830,Verstappen,15.0
2016,mercedes,3,Rosberg,12.0
2016,ferrari,20,Vettel,10.0
2016,ferrari,8,Räikkönen,8.0
2016,force_india,807,Hülkenberg,6.0
2016,mclaren,18,Button,4.0
2016,williams,822,Bottas,2.0
2016,force_india,815,Pérez,1.0
2016,haas,821,Gutiérrez,0.0
2016,mclaren,4,Alonso,0.0
2016,haas,154,Grosjean,0.0
2016,toro_rosso,832,Sainz,0.0
2016,toro_rosso,826,Kvyat,0.0
2016,renault,825,Magnussen,0.0
2016,manor,836,Wehrlein,0.0
2016,sauber,828,Ericsson,0.0
2016,renault,835,Palmer,0.0
2016,manor,837,Haryanto,0.0
2016,sauber,831,Nasr,0.0
2016,williams,13,Massa,0.0
2016,mercedes,3,Rosberg,25.0
2016,red_bull,817,Ricciardo,18.0
2016,mercedes,1,Hamilton,15.0
2016,force_india,807,Hülkenberg,12.0
2016,force_india,815,Pérez,10.0
2016,ferrari,20,Vettel,8.0
2016,mclaren,4,Alonso,6.0
2016,williams,822,Bottas,4.0
2016,ferrari,8,Räikkönen,2.0
2016,williams,13,Massa,1.0
2016,red_bull,830,Verstappen,0.0
2016,haas,821,Gutiérrez,0.0
2016,haas,154,Grosjean,0.0
2016,toro_rosso,826,Kvyat,0.0
2016,renault,835,Palmer,0.0
2016,manor,839,Ocon,0.0
2016,sauber,831,Nasr,0.0
2016,renault,825,Magnussen,0.0
2016,sauber,828,Ericsson,0.0
2016,toro_rosso,832,Sainz,0.0
2016,mclaren,18,Button,0.0
2016,manor,836,Wehrlein,0.0
2016,mercedes,3,Rosberg,25.0
2016,mercedes,1,Hamilton,18.0
2016,ferrari,20,Vettel,15.0
2016,ferrari,8,Räikkönen,12.0
2016,red_bull,817,Ricciardo,10.0
2016,williams,822,Bottas,8.0
2016,red_bull,830,Verstappen,6.0
2016,force_india,815,Pérez,4.0
2016,williams,13,Massa,2.0
2016,force_india,807,Hülkenberg,1.0
2016,haas,154,Grosjean,0.0
2016,mclaren,18,Button,0.0
2016,haas,821,Gutiérrez,0.0
2016,mclaren,4,Alonso,0.0
2016,toro_rosso,832,Sainz,0.0
2016,sauber,828,Ericsson,0.0
2016,renault,825,Magnussen,0.0
2016,manor,839,Ocon,0.0
2016,toro_rosso,826,Kvyat,0.0
2016,manor,836,Wehrlein,0.0
2016,renault,835,Palmer,0.0
2016,sauber,831,Nasr,0.0
2016,mercedes,3,Rosberg,25.0
2016,red_bull,817,Ricciardo,18.0
2016,mercedes,1,Hamilton,15.0
2016,ferrari,8,Räikkönen,12.0
2016,ferrari,20,Vettel,10.0
2016,red_bull,830,Verstappen,8.0
2016,mclaren,4,Alonso,6.0
2016,force_india,815,Pérez,4.0
2016,toro_rosso,826,Kvyat,2.0
2016,renault,825,Magnussen,1.0
2016,haas,821,Gutiérrez,0.0
2016,williams,13,Massa,0.0
2016,sauber,831,Nasr,0.0
2016,toro_rosso,832,Sainz,0.0
2016,renault,835,Palmer,0.0
2016,manor,836,Wehrlein,0.0
2016,sauber,828,Ericsson,0.0
2016,manor,839,Ocon,0.0
2016,mclaren,18,Button,0.0
2016,williams,822,Bottas,0.0
2016,force_india,807,Hülkenberg,0.0
2016,haas,154,Grosjean,0.0
2016,red_bull,817,Ricciardo,25.0
2016,red_bull,830,Verstappen,18.0
2016,mercedes,3,Rosberg,15.0
2016,ferrari,8,Räikkönen,12.0
2016,williams,822,Bottas,10.0
2016,force_india,815,Pérez,8.0
2016,mclaren,4,Alonso,6.0
2016,force_india,807,Hülkenberg,4.0
2016,mclaren,18,Button,2.0
2016,renault,835,Palmer,1.0
2016,toro_rosso,832,Sainz,0.0
2016,sauber,828,Ericsson,0.0
2016,williams,13,Massa,0.0
2016,toro_rosso,826,Kvyat,0.0
2016,manor,836,Wehrlein,0.0
2016,manor,839,Ocon,0.0
2016,sauber,831,Nasr,0.0
2016,mercedes,1,Hamilton,0.0
2016,haas,821,Gutiérrez,0.0
2016,renault,825,Magnussen,0.0
2016,haas,154,Grosjean,0.0
2016,ferrari,20,Vettel,0.0
2016,mercedes,3,Rosberg,25.0
2016,red_bull,830,Verstappen,18.0
2016,mercedes,1,Hamilton,15.0
2016,ferrari,20,Vettel,12.0
2016,ferrari,8,Räikkönen,10.0
2016,red_bull,817,Ricciardo,8.0
2016,force_india,815,Pérez,6.0
2016,force_india,807,Hülkenberg,4.0
2016,williams,13,Massa,2.0
2016,williams,822,Bottas,1.0
2016,haas,154,Grosjean,0.0
2016,renault,835,Palmer,0.0
2016,toro_rosso,826,Kvyat,0.0
2016,renault,825,Magnussen,0.0
2016,sauber,828,Ericsson,0.0
2016,mclaren,4,Alonso,0.0
2016,toro_rosso,832,Sainz,0.0
2016,mclaren,18,Button,0.0
2016,sauber,831,Nasr,0.0
2016,haas,821,Gutiérrez,0.0
2016,manor,839,Ocon,0.0
2016,manor,836,Wehrlein,0.0
2016,mercedes,1,Hamilton,25.0
2016,mercedes,3,Rosberg,18.0
2016,red_bull,817,Ricciardo,15.0
2016,ferrari,20,Vettel,12.0
2016,mclaren,4,Alonso,10.0
2016,toro_rosso,832,Sainz,8.0
2016,williams,13,Massa,6.0
2016,force_india,815,Pérez,4.0
2016,mclaren,18,Button,2.0
2016,haas,154,Grosjean,1.0
2016,toro_rosso,826,Kvyat,0.0
2016,renault,825,Magnussen,0.0
2016,renault,835,Palmer,0.0
2016,sauber,828,Ericsson,0.0
2016,sauber,831,Nasr,0.0
2016,williams,822,Bottas,0.0
2016,manor,836,Wehrlein,0.0
2016,manor,839,Ocon,0.0
2016,ferrari,8,Räikkönen,0.0
2016,red_bull,830,Verstappen,0.0
2016,haas,821,Gutiérrez,0.0
2016,force_india,807,Hülkenberg,0.0
2016,mercedes,1,Hamilton,25.0
2016,mercedes,3,Rosberg,18.0
2016,red_bull,817,Ricciardo,15.0
2016,red_bull,830,Verstappen,12.0
2016,ferrari,20,Vettel,10.0
2016,ferrari,8,Räikkönen,8.0
2016,force_india,807,Hülkenberg,6.0
2016,williams,822,Bottas,4.0
2016,williams,13,Massa,2.0
2016,force_india,815,Pérez,1.0
2016,sauber,828,Ericsson,0.0
2016,mclaren,18,Button,0.0
2016,mclaren,4,Alonso,0.0
2016,renault,835,Palmer,0.0
2016,sauber,831,Nasr,0.0
2016,toro_rosso,832,Sainz,0.0
2016,renault,825,Magnussen,0.0
2016,toro_rosso,826,Kvyat,0.0
2016,haas,821,Gutiérrez,0.0
2016,haas,154,Grosjean,0.0
2016,manor,839,Ocon,0.0
2016,manor,836,Wehrlein,0.0
2016,mercedes,1,Hamilton,25.0
2016,mercedes,3,Rosberg,18.0
2016,red_bull,830,Verstappen,15.0
2016,force_india,815,Pérez,12.0
2016,ferrari,20,Vettel,10.0
2016,toro_rosso,832,Sainz,8.0
2016,force_india,807,Hülkenberg,6.0
2016,red_bull,817,Ricciardo,4.0
2016,sauber,831,Nasr,2.0
2016,mclaren,4,Alonso,1.0
2016,williams,822,Bottas,0.0
2016,manor,839,Ocon,0.0
2016,toro_rosso,826,Kvyat,0.0
2016,renault,825,Magnussen,0.0
2016,manor,836,Wehrlein,0.0
2016,mclaren,18,Button,0.0
2016,haas,821,Gutiérrez,0.0
2016,williams,13,Massa,0.0
2016,renault,835,Palmer,0.0
2016,ferrari,8,Räikkönen,0.0
2016,sauber,828,Ericsson,0.0
2016,haas,154,Grosjean,0.0
2016,mercedes,1,Hamilton,25.0
2016,mercedes,3,Rosberg,18.0
2016,ferrari,20,Vettel,15.0
2016,red_bull,830,Verstappen,12.0
2016,red_bull,817,Ricciardo,10.0
2016,ferrari,8,Räikkönen,8.0
2016,force_india,807,Hülkenberg,6.0
2016,force_india,815,Pérez,4.0
2016,williams,13,Massa,2.0
2016,mclaren,4,Alonso,1.0
2016,haas,154,Grosjean,0.0
2016,haas,821,Gutiérrez,0.0
2016,manor,839,Ocon,0.0
2016,manor,836,Wehrlein,0.0
2016,sauber,828,Ericsson,0.0
2016,sauber,831,Nasr,0.0
2016,renault,835,Palmer,0.0
2016,toro_rosso,832,Sainz,0.0
2016,toro_rosso,826,Kvyat,0.0
2016,mclaren,18,Button,0.0
2016,williams,822,Bottas,0.0
2016,renault,825,Magnussen,0.0
2017,ferrari,20,Vettel,25.0
2017,mercedes,1,Hamilton,18.0
2017,mercedes,822,Bottas,15.0
2017,ferrari,8,Räikkönen,12.0
2017,red_bull,830,Verstappen,10.0
2017,williams,13,Massa,8.0
2017,force_india,815,Pérez,6.0
2017,toro_rosso,832,Sainz,4.0
2017,toro_rosso,826,Kvyat,2.0
2017,force_india,839,Ocon,1.0
2017,renault,807,Hülkenberg,0.0
2017,sauber,841,Giovinazzi,0.0
2017,mclaren,838,Vandoorne,0.0
2017,mclaren,4,Alonso,0.0
2017,haas,825,Magnussen,0.0
2017,williams,840,Stroll,0.0
2017,red_bull,817,Ricciardo,0.0
2017,sauber,828,Ericsson,0.0
2017,renault,835,Palmer,0.0
2017,haas,154,Grosjean,0.0
2017,mercedes,1,Hamilton,25.0
2017,ferrari,20,Vettel,18.0
2017,red_bull,830,Verstappen,15.0
2017,red_bull,817,Ricciardo,12.0
2017,ferrari,8,Räikkönen,10.0
2017,mercedes,822,Bottas,8.0
2017,toro_rosso,832,Sainz,6.0
2017,haas,825,Magnussen,4.0
2017,force_india,815,Pérez,2.0
2017,force_india,839,Ocon,1.0
2017,haas,154,Grosjean,0.0
2017,renault,807,Hülkenberg,0.0
2017,renault,835,Palmer,0.0
2017,williams,13,Massa,0.0
2017,sauber,828,Ericsson,0.0
2017,mclaren,4,Alonso,0.0
2017,toro_rosso,826,Kvyat,0.0
2017,mclaren,838,Vandoorne,0.0
2017,sauber,841,Giovinazzi,0.0
2017,williams,840,Stroll,0.0
2017,ferrari,20,Vettel,25.0
2017,mercedes,1,Hamilton,18.0
2017,mercedes,822,Bottas,15.0
2017,ferrari,8,Räikkönen,12.0
2017,red_bull,817,Ricciardo,10.0
2017,williams,13,Massa,8.0
2017,force_india,815,Pérez,6.0
2017,haas,154,Grosjean,4.0
2017,renault,807,Hülkenberg,2.0
2017,force_india,839,Ocon,1.0
2017,sauber,836,Wehrlein,0.0
2017,toro_rosso,826,Kvyat,0.0
2017,renault,835,Palmer,0.0
2017,mclaren,4,Alonso,0.0
2017,sauber,828,Ericsson,0.0
2017,toro_rosso,832,Sainz,0.0
2017,williams,840,Stroll,0.0
2017,red_bull,830,Verstappen,0.0
2017,haas,825,Magnussen,0.0
2017,mclaren,838,Vandoorne,0.0
2017,mercedes,822,Bottas,25.0
2017,ferrari,20,Vettel,18.0
2017,ferrari,8,Räikkönen,15.0
2017,mercedes,1,Hamilton,12.0
2017,red_bull,830,Verstappen,10.0
2017,force_india,815,Pérez,8.0
2017,force_india,839,Ocon,6.0
2017,renault,807,Hülkenberg,4.0
2017,williams,13,Massa,2.0
2017,toro_rosso,832,Sainz,1.0
2017,williams,840,Stroll,0.0
2017,toro_rosso,826,Kvyat,0.0
2017,haas,825,Magnussen,0.0
2017,mclaren,838,Vandoorne,0.0
2017,sauber,828,Ericsson,0.0
2017,sauber,836,Wehrlein,0.0
2017,red_bull,817,Ricciardo,0.0
2017,renault,835,Palmer,0.0
2017,haas,154,Grosjean,0.0
2017,mclaren,4,Alonso,0.0
2017,mercedes,1,Hamilton,25.0
2017,ferrari,20,Vettel,18.0
2017,red_bull,817,Ricciardo,15.0
2017,force_india,815,Pérez,12.0
2017,force_india,839,Ocon,10.0
2017,renault,807,Hülkenberg,8.0
2017,toro_rosso,832,Sainz,6.0
2017,sauber,836,Wehrlein,4.0
2017,toro_rosso,826,Kvyat,2.0
2017,haas,154,Grosjean,1.0
2017,sauber,828,Ericsson,0.0
2017,mclaren,4,Alonso,0.0
2017,williams,13,Massa,0.0
2017,haas,825,Magnussen,0.0
2017,renault,835,Palmer,0.0
2017,williams,840,Stroll,0.0
2017,mercedes,822,Bottas,0.0
2017,mclaren,838,Vandoorne,0.0
2017,red_bull,830,Verstappen,0.0
2017,ferrari,8,Räikkönen,0.0
2017,ferrari,20,Vettel,25.0
2017,ferrari,8,Räikkönen,18.0
2017,red_bull,817,Ricciardo,15.0
2017,mercedes,822,Bottas,12.0
2017,red_bull,830,Verstappen,10.0
2017,toro_rosso,832,Sainz,8.0
2017,mercedes,1,Hamilton,6.0
2017,haas,154,Grosjean,4.0
2017,williams,13,Massa,2.0
2017,haas,825,Magnussen,1.0
2017,renault,835,Palmer,0.0
2017,force_india,839,Ocon,0.0
2017,force_india,815,Pérez,0.0
2017,toro_rosso,826,Kvyat,0.0
2017,williams,840,Stroll,0.0
2017,mclaren,838,Vandoorne,0.0
2017,sauber,828,Ericsson,0.0
2017,mclaren,18,Button,0.0
2017,sauber,836,Wehrlein,0.0
2017,renault,807,Hülkenberg,0.0
2017,mercedes,1,Hamilton,25.0
2017,mercedes,822,Bottas,18.0
2017,red_bull,817,Ricciardo,15.0
2017,ferrari,20,Vettel,12.0
2017,force_india,815,Pérez,10.0
2017,force_india,839,Ocon,8.0
2017,ferrari,8,Räikkönen,6.0
2017,renault,807,Hülkenberg,4.0
2017,williams,840,Stroll,2.0
2017,haas,154,Grosjean,1.0
2017,renault,835,Palmer,0.0
2017,haas,825,Magnussen,0.0
2017,sauber,828,Ericsson,0.0
2017,mclaren,838,Vandoorne,0.0
2017,sauber,836,Wehrlein,0.0
2017,mclaren,4,Alonso,0.0
2017,toro_rosso,826,Kvyat,0.0
2017,red_bull,830,Verstappen,0.0
2017,williams,13,Massa,0.0
2017,toro_rosso,832,Sainz,0.0
2017,red_bull,817,Ricciardo,25.0
2017,mercedes,822,Bottas,18.0
2017,williams,840,Stroll,15.0
2017,ferrari,20,Vettel,12.0
2017,mercedes,1,Hamilton,10.0
2017,force_india,839,Ocon,8.0
2017,haas,825,Magnussen,6.0
2017,toro_rosso,832,Sainz,4.0
2017,mclaren,4,Alonso,2.0
2017,sauber,836,Wehrlein,1.0
2017,sauber,828,Ericsson,0.0
2017,mclaren,838,Vandoorne,0.0
2017,haas,154,Grosjean,0.0
2017,ferrari,8,Räikkönen,0.0
2017,force_india,815,Pérez,0.0
2017,williams,13,Massa,0.0
2017,renault,807,Hülkenberg,0.0
2017,red_bull,830,Verstappen,0.0
2017,toro_rosso,826,Kvyat,0.0
2017,renault,835,Palmer,0.0
2011,hrt,24,Liuzzi,0.0
2011,hrt,39,Karthikeyan,0.0
2011,sauber,815,Pérez,0.0
2017,mercedes,822,Bottas,25.0
2017,ferrari,20,Vettel,18.0
2017,red_bull,817,Ricciardo,15.0
2017,mercedes,1,Hamilton,12.0
2017,ferrari,8,Räikkönen,10.0
2017,haas,154,Grosjean,8.0
2017,force_india,815,Pérez,6.0
2017,force_india,839,Ocon,4.0
2017,williams,13,Massa,2.0
2017,williams,840,Stroll,1.0
2017,renault,835,Palmer,0.0
2017,mclaren,838,Vandoorne,0.0
2017,renault,807,Hülkenberg,0.0
2017,sauber,836,Wehrlein,0.0
2017,sauber,828,Ericsson,0.0
2017,toro_rosso,826,Kvyat,0.0
2017,toro_rosso,832,Sainz,0.0
2017,haas,825,Magnussen,0.0
2017,mclaren,4,Alonso,0.0
2017,red_bull,830,Verstappen,0.0
2017,mercedes,1,Hamilton,25.0
2017,mercedes,822,Bottas,18.0
2017,ferrari,8,Räikkönen,15.0
2017,red_bull,830,Verstappen,12.0
2017,red_bull,817,Ricciardo,10.0
2017,renault,807,Hülkenberg,8.0
2017,ferrari,20,Vettel,6.0
2017,force_india,839,Ocon,4.0
2017,force_india,815,Pérez,2.0
2017,williams,13,Massa,1.0
2017,mclaren,838,Vandoorne,0.0
2017,haas,825,Magnussen,0.0
2017,haas,154,Grosjean,0.0
2017,sauber,828,Ericsson,0.0
2017,toro_rosso,826,Kvyat,0.0
2017,williams,840,Stroll,0.0
2017,sauber,836,Wehrlein,0.0
2017,mclaren,4,Alonso,0.0
2017,toro_rosso,832,Sainz,0.0
2017,renault,835,Palmer,0.0
2017,ferrari,20,Vettel,25.0
2017,ferrari,8,Räikkönen,18.0
2017,mercedes,822,Bottas,15.0
2017,mercedes,1,Hamilton,12.0
2017,red_bull,830,Verstappen,10.0
2017,mclaren,4,Alonso,8.0
2017,toro_rosso,832,Sainz,6.0
2017,force_india,815,Pérez,4.0
2017,force_india,839,Ocon,2.0
2017,mclaren,838,Vandoorne,1.0
2017,toro_rosso,826,Kvyat,0.0
2017,renault,835,Palmer,0.0
2017,haas,825,Magnussen,0.0
2017,williams,840,Stroll,0.0
2017,sauber,836,Wehrlein,0.0
2017,sauber,828,Ericsson,0.0
2017,renault,807,Hülkenberg,0.0
2017,williams,814,di Resta,0.0
2017,haas,154,Grosjean,0.0
2017,red_bull,817,Ricciardo,0.0
2017,mercedes,1,Hamilton,25.0
2017,ferrari,20,Vettel,18.0
2017,red_bull,817,Ricciardo,15.0
2017,ferrari,8,Räikkönen,12.0
2017,mercedes,822,Bottas,10.0
2017,renault,807,Hülkenberg,8.0
2017,haas,154,Grosjean,6.0
2017,williams,13,Massa,4.0
2017,force_india,839,Ocon,2.0
2017,toro_rosso,832,Sainz,1.0
2017,williams,840,Stroll,0.0
2017,toro_rosso,826,Kvyat,0.0
2017,renault,835,Palmer,0.0
2017,mclaren,838,Vandoorne,0.0
2017,haas,825,Magnussen,0.0
2017,sauber,828,Ericsson,0.0
2017,force_india,815,Pérez,0.0
2017,mclaren,4,Alonso,0.0
2017,red_bull,830,Verstappen,0.0
2017,sauber,836,Wehrlein,0.0
2017,mercedes,1,Hamilton,25.0
2017,mercedes,822,Bottas,18.0
2017,ferrari,20,Vettel,15.0
2017,red_bull,817,Ricciardo,12.0
2017,ferrari,8,Räikkönen,10.0
2017,force_india,839,Ocon,8.0
2017,williams,840,Stroll,6.0
2017,williams,13,Massa,4.0
2017,force_india,815,Pérez,2.0
2017,red_bull,830,Verstappen,1.0
2017,haas,825,Magnussen,0.0
2017,toro_rosso,826,Kvyat,0.0
2017,renault,807,Hülkenberg,0.0
2017,toro_rosso,832,Sainz,0.0
2017,haas,154,Grosjean,0.0
2017,sauber,836,Wehrlein,0.0
2017,mclaren,4,Alonso,0.0
2017,sauber,828,Ericsson,0.0
2017,mclaren,838,Vandoorne,0.0
2017,renault,835,Palmer,0.0
2017,mercedes,1,Hamilton,25.0
2017,red_bull,817,Ricciardo,18.0
2017,mercedes,822,Bottas,15.0
2017,toro_rosso,832,Sainz,12.0
2017,force_india,815,Pérez,10.0
2017,renault,835,Palmer,8.0
2017,mclaren,838,Vandoorne,6.0
2017,williams,840,Stroll,4.0
2017,haas,154,Grosjean,2.0
2017,force_india,839,Ocon,1.0
2017,williams,13,Massa,0.0
2017,sauber,836,Wehrlein,0.0
2017,haas,825,Magnussen,0.0
2017,renault,807,Hülkenberg,0.0
2017,sauber,828,Ericsson,0.0
2017,toro_rosso,826,Kvyat,0.0
2017,mclaren,4,Alonso,0.0
2017,ferrari,20,Vettel,0.0
2017,red_bull,830,Verstappen,0.0
2017,ferrari,8,Räikkönen,0.0
2017,red_bull,830,Verstappen,25.0
2017,mercedes,1,Hamilton,18.0
2017,red_bull,817,Ricciardo,15.0
2017,ferrari,20,Vettel,12.0
2017,mercedes,822,Bottas,10.0
2017,force_india,815,Pérez,8.0
2017,mclaren,838,Vandoorne,6.0
2017,williams,840,Stroll,4.0
2017,williams,13,Massa,2.0
2017,force_india,839,Ocon,1.0
2017,mclaren,4,Alonso,0.0
2017,haas,825,Magnussen,0.0
2017,haas,154,Grosjean,0.0
2017,toro_rosso,842,Gasly,0.0
2017,renault,835,Palmer,0.0
2017,renault,807,Hülkenberg,0.0
2017,sauber,836,Wehrlein,0.0
2017,sauber,828,Ericsson,0.0
2017,toro_rosso,832,Sainz,0.0
2017,ferrari,8,Räikkönen,0.0
2017,mercedes,1,Hamilton,25.0
2017,red_bull,830,Verstappen,18.0
2017,red_bull,817,Ricciardo,15.0
2017,mercedes,822,Bottas,12.0
2017,ferrari,8,Räikkönen,10.0
2017,force_india,839,Ocon,8.0
2017,force_india,815,Pérez,6.0
2017,haas,825,Magnussen,4.0
2017,haas,154,Grosjean,2.0
2017,williams,13,Massa,1.0
2017,mclaren,4,Alonso,0.0
2017,renault,835,Palmer,0.0
2017,toro_rosso,842,Gasly,0.0
2017,mclaren,838,Vandoorne,0.0
2017,sauber,836,Wehrlein,0.0
2017,williams,840,Stroll,0.0
2017,renault,807,Hülkenberg,0.0
2017,sauber,828,Ericsson,0.0
2017,ferrari,20,Vettel,0.0
2017,toro_rosso,832,Sainz,0.0
2017,mercedes,1,Hamilton,25.0
2017,ferrari,20,Vettel,18.0
2017,ferrari,8,Räikkönen,15.0
2017,red_bull,830,Verstappen,12.0
2017,mercedes,822,Bottas,10.0
2017,force_india,839,Ocon,8.0
2017,renault,832,Sainz,6.0
2017,force_india,815,Pérez,4.0
2017,williams,13,Massa,2.0
2017,toro_rosso,826,Kvyat,1.0
2017,williams,840,Stroll,0.0
2017,mclaren,838,Vandoorne,0.0
2017,toro_rosso,843,Hartley,0.0
2017,haas,154,Grosjean,0.0
2017,sauber,828,Ericsson,0.0
2017,haas,825,Magnussen,0.0
2017,mclaren,4,Alonso,0.0
2017,red_bull,817,Ricciardo,0.0
2017,sauber,836,Wehrlein,0.0
2017,renault,807,Hülkenberg,0.0
2017,red_bull,830,Verstappen,25.0
2017,mercedes,822,Bottas,18.0
2017,ferrari,8,Räikkönen,15.0
2017,ferrari,20,Vettel,12.0
2017,force_india,839,Ocon,10.0
2017,williams,840,Stroll,8.0
2017,force_india,815,Pérez,6.0
2017,haas,825,Magnussen,4.0
2017,mercedes,1,Hamilton,2.0
2017,mclaren,4,Alonso,1.0
2017,williams,13,Massa,0.0
2017,mclaren,838,Vandoorne,0.0
2017,toro_rosso,842,Gasly,0.0
2017,sauber,836,Wehrlein,0.0
2017,haas,154,Grosjean,0.0
2017,renault,832,Sainz,0.0
2017,sauber,828,Ericsson,0.0
2017,toro_rosso,843,Hartley,0.0
2017,renault,807,Hülkenberg,0.0
2017,red_bull,817,Ricciardo,0.0
2017,ferrari,20,Vettel,25.0
2017,mercedes,822,Bottas,18.0
2017,ferrari,8,Räikkönen,15.0
2017,mercedes,1,Hamilton,12.0
2017,red_bull,830,Verstappen,10.0
2017,red_bull,817,Ricciardo,8.0
2017,williams,13,Massa,6.0
2017,mclaren,4,Alonso,4.0
2017,force_india,815,Pérez,2.0
2017,renault,807,Hülkenberg,1.0
2017,renault,832,Sainz,0.0
2017,toro_rosso,842,Gasly,0.0
2017,sauber,828,Ericsson,0.0
2017,sauber,836,Wehrlein,0.0
2017,haas,154,Grosjean,0.0
2017,williams,840,Stroll,0.0
2017,toro_rosso,843,Hartley,0.0
2017,force_india,839,Ocon,0.0
2017,mclaren,838,Vandoorne,0.0
2017,haas,825,Magnussen,0.0
2017,mercedes,822,Bottas,25.0
2017,mercedes,1,Hamilton,18.0
2017,ferrari,20,Vettel,15.0
2017,ferrari,8,Räikkönen,12.0
2017,red_bull,830,Verstappen,10.0
2017,renault,807,Hülkenberg,8.0
2017,force_india,815,Pérez,6.0
2017,force_india,839,Ocon,4.0
2017,mclaren,4,Alonso,2.0
2017,williams,13,Massa,1.0
2017,haas,154,Grosjean,0.0
2017,mclaren,838,Vandoorne,0.0
2017,haas,825,Magnussen,0.0
2017,sauber,836,Wehrlein,0.0
2017,toro_rosso,843,Hartley,0.0
2017,toro_rosso,842,Gasly,0.0
2017,sauber,828,Ericsson,0.0
2017,williams,840,Stroll,0.0
2017,renault,832,Sainz,0.0
2017,red_bull,817,Ricciardo,0.0
2018,ferrari,20,Vettel,25.0
2018,mercedes,1,Hamilton,18.0
2018,ferrari,8,Räikkönen,15.0
2018,red_bull,817,Ricciardo,12.0
2018,mclaren,4,Alonso,10.0
2018,red_bull,830,Verstappen,8.0
2018,renault,807,Hülkenberg,6.0
2018,mercedes,822,Bottas,4.0
2018,mclaren,838,Vandoorne,2.0
2018,renault,832,Sainz,1.0
2018,force_india,815,Pérez,0.0
2018,force_india,839,Ocon,0.0
2018,sauber,844,Leclerc,0.0
2018,williams,840,Stroll,0.0
2018,toro_rosso,843,Hartley,0.0
2018,haas,154,Grosjean,0.0
2018,haas,825,Magnussen,0.0
2018,toro_rosso,842,Gasly,0.0
2018,sauber,828,Ericsson,0.0
2018,williams,845,Sirotkin,0.0
2018,ferrari,20,Vettel,25.0
2018,mercedes,822,Bottas,18.0
2018,mercedes,1,Hamilton,15.0
2018,toro_rosso,842,Gasly,12.0
2018,haas,825,Magnussen,10.0
2018,renault,807,Hülkenberg,8.0
2018,mclaren,4,Alonso,6.0
2018,mclaren,838,Vandoorne,4.0
2018,sauber,828,Ericsson,2.0
2018,force_india,839,Ocon,1.0
2018,renault,832,Sainz,0.0
2018,sauber,844,Leclerc,0.0
2018,haas,154,Grosjean,0.0
2018,williams,840,Stroll,0.0
2018,williams,845,Sirotkin,0.0
2018,force_india,815,Pérez,0.0
2018,toro_rosso,843,Hartley,0.0
2018,ferrari,8,Räikkönen,0.0
2018,red_bull,830,Verstappen,0.0
2018,red_bull,817,Ricciardo,0.0
2018,red_bull,817,Ricciardo,25.0
2018,mercedes,822,Bottas,18.0
2018,ferrari,8,Räikkönen,15.0
2018,mercedes,1,Hamilton,12.0
2018,red_bull,830,Verstappen,10.0
2018,renault,807,Hülkenberg,8.0
2018,mclaren,4,Alonso,6.0
2018,ferrari,20,Vettel,4.0
2018,renault,832,Sainz,2.0
2018,haas,825,Magnussen,1.0
2018,force_india,839,Ocon,0.0
2018,force_india,815,Pérez,0.0
2018,mclaren,838,Vandoorne,0.0
2018,williams,840,Stroll,0.0
2018,williams,845,Sirotkin,0.0
2018,sauber,828,Ericsson,0.0
2018,haas,154,Grosjean,0.0
2018,toro_rosso,842,Gasly,0.0
2018,sauber,844,Leclerc,0.0
2018,toro_rosso,843,Hartley,0.0
2018,mercedes,1,Hamilton,25.0
2018,ferrari,8,Räikkönen,18.0
2018,force_india,815,Pérez,15.0
2018,ferrari,20,Vettel,12.0
2018,renault,832,Sainz,10.0
2018,sauber,844,Leclerc,8.0
2018,mclaren,4,Alonso,6.0
2018,williams,840,Stroll,4.0
2018,mclaren,838,Vandoorne,2.0
2018,toro_rosso,843,Hartley,1.0
2018,sauber,828,Ericsson,0.0
2018,toro_rosso,842,Gasly,0.0
2018,haas,825,Magnussen,0.0
2018,mercedes,822,Bottas,0.0
2018,haas,154,Grosjean,0.0
2018,red_bull,830,Verstappen,0.0
2018,red_bull,817,Ricciardo,0.0
2018,renault,807,Hülkenberg,0.0
2018,force_india,839,Ocon,0.0
2018,williams,845,Sirotkin,0.0
2018,mercedes,1,Hamilton,25.0
2018,mercedes,822,Bottas,18.0
2018,red_bull,830,Verstappen,15.0
2018,ferrari,20,Vettel,12.0
2018,red_bull,817,Ricciardo,10.0
2018,haas,825,Magnussen,8.0
2018,renault,832,Sainz,6.0
2018,mclaren,4,Alonso,4.0
2018,force_india,815,Pérez,2.0
2018,sauber,844,Leclerc,1.0
2018,williams,840,Stroll,0.0
2018,toro_rosso,843,Hartley,0.0
2018,sauber,828,Ericsson,0.0
2018,williams,845,Sirotkin,0.0
2018,mclaren,838,Vandoorne,0.0
2018,force_india,839,Ocon,0.0
2018,ferrari,8,Räikkönen,0.0
2018,haas,154,Grosjean,0.0
2018,toro_rosso,842,Gasly,0.0
2018,renault,807,Hülkenberg,0.0
2018,red_bull,817,Ricciardo,25.0
2018,ferrari,20,Vettel,18.0
2018,mercedes,1,Hamilton,15.0
2018,ferrari,8,Räikkönen,12.0
2018,mercedes,822,Bottas,10.0
2018,force_india,839,Ocon,8.0
2018,toro_rosso,842,Gasly,6.0
2018,renault,807,Hülkenberg,4.0
2018,red_bull,830,Verstappen,2.0
2018,renault,832,Sainz,1.0
2018,sauber,828,Ericsson,0.0
2018,force_india,815,Pérez,0.0
2018,haas,825,Magnussen,0.0
2018,mclaren,838,Vandoorne,0.0
2018,haas,154,Grosjean,0.0
2018,williams,845,Sirotkin,0.0
2018,williams,840,Stroll,0.0
2018,sauber,844,Leclerc,0.0
2018,toro_rosso,843,Hartley,0.0
2018,mclaren,4,Alonso,0.0
2018,ferrari,20,Vettel,25.0
2018,mercedes,822,Bottas,18.0
2018,red_bull,830,Verstappen,15.0
2018,red_bull,817,Ricciardo,12.0
2018,mercedes,1,Hamilton,10.0
2018,ferrari,8,Räikkönen,8.0
2018,renault,807,Hülkenberg,6.0
2018,renault,832,Sainz,4.0
2018,force_india,839,Ocon,2.0
2018,sauber,844,Leclerc,1.0
2018,toro_rosso,842,Gasly,0.0
2018,haas,154,Grosjean,0.0
2018,haas,825,Magnussen,0.0
2018,force_india,815,Pérez,0.0
2018,sauber,828,Ericsson,0.0
2018,mclaren,838,Vandoorne,0.0
2018,williams,845,Sirotkin,0.0
2018,mclaren,4,Alonso,0.0
2018,toro_rosso,843,Hartley,0.0
2018,williams,840,Stroll,0.0
2018,mercedes,1,Hamilton,25.0
2018,red_bull,830,Verstappen,18.0
2018,ferrari,8,Räikkönen,15.0
2018,red_bull,817,Ricciardo,12.0
2018,ferrari,20,Vettel,10.0
2018,haas,825,Magnussen,8.0
2018,mercedes,822,Bottas,6.0
2018,renault,832,Sainz,4.0
2018,renault,807,Hülkenberg,2.0
2018,sauber,844,Leclerc,1.0
2018,haas,154,Grosjean,0.0
2018,mclaren,838,Vandoorne,0.0
2018,sauber,828,Ericsson,0.0
2018,toro_rosso,843,Hartley,0.0
2018,williams,845,Sirotkin,0.0
2018,mclaren,4,Alonso,0.0
2018,williams,840,Stroll,0.0
2018,force_india,815,Pérez,0.0
2018,force_india,839,Ocon,0.0
2018,toro_rosso,842,Gasly,0.0
2018,red_bull,830,Verstappen,25.0
2018,ferrari,8,Räikkönen,18.0
2018,ferrari,20,Vettel,15.0
2018,haas,154,Grosjean,12.0
2018,haas,825,Magnussen,10.0
2018,force_india,839,Ocon,8.0
2018,force_india,815,Pérez,6.0
2018,mclaren,4,Alonso,4.0
2018,sauber,844,Leclerc,2.0
2018,sauber,828,Ericsson,1.0
2018,toro_rosso,842,Gasly,0.0
2018,renault,832,Sainz,0.0
2018,williams,845,Sirotkin,0.0
2018,williams,840,Stroll,0.0
2018,mclaren,838,Vandoorne,0.0
2018,mercedes,1,Hamilton,0.0
2018,toro_rosso,843,Hartley,0.0
2018,red_bull,817,Ricciardo,0.0
2018,mercedes,822,Bottas,0.0
2018,renault,807,Hülkenberg,0.0
2018,ferrari,20,Vettel,25.0
2018,mercedes,1,Hamilton,18.0
2018,ferrari,8,Räikkönen,15.0
2018,mercedes,822,Bottas,12.0
2018,red_bull,817,Ricciardo,10.0
2018,renault,807,Hülkenberg,8.0
2018,force_india,839,Ocon,6.0
2018,mclaren,4,Alonso,4.0
2018,haas,825,Magnussen,2.0
2018,force_india,815,Pérez,1.0
2018,mclaren,838,Vandoorne,0.0
2018,williams,840,Stroll,0.0
2018,toro_rosso,842,Gasly,0.0
2018,williams,845,Sirotkin,0.0
2018,toro_rosso,843,Hartley,0.0
2018,red_bull,830,Verstappen,0.0
2018,haas,154,Grosjean,0.0
2018,renault,832,Sainz,0.0
2018,sauber,828,Ericsson,0.0
2018,sauber,844,Leclerc,0.0
2018,mercedes,1,Hamilton,25.0
2018,mercedes,822,Bottas,18.0
2018,ferrari,8,Räikkönen,15.0
2018,red_bull,830,Verstappen,12.0
2018,renault,807,Hülkenberg,10.0
2018,haas,154,Grosjean,8.0
2018,force_india,815,Pérez,6.0
2018,force_india,839,Ocon,4.0
2018,sauber,828,Ericsson,2.0
2018,toro_rosso,843,Hartley,1.0
2018,haas,825,Magnussen,0.0
2018,renault,832,Sainz,0.0
2018,mclaren,838,Vandoorne,0.0
2018,toro_rosso,842,Gasly,0.0
2018,sauber,844,Leclerc,0.0
2018,mclaren,4,Alonso,0.0
2018,williams,840,Stroll,0.0
2018,ferrari,20,Vettel,0.0
2018,williams,845,Sirotkin,0.0
2018,red_bull,817,Ricciardo,0.0
2018,mercedes,1,Hamilton,25.0
2018,ferrari,20,Vettel,18.0
2018,ferrari,8,Räikkönen,15.0
2018,red_bull,817,Ricciardo,12.0
2018,mercedes,822,Bottas,10.0
2018,toro_rosso,842,Gasly,8.0
2018,haas,825,Magnussen,6.0
2018,mclaren,4,Alonso,4.0
2018,renault,832,Sainz,2.0
2018,haas,154,Grosjean,1.0
2018,toro_rosso,843,Hartley,0.0
2018,renault,807,Hülkenberg,0.0
2018,force_india,839,Ocon,0.0
2018,force_india,815,Pérez,0.0
2018,sauber,828,Ericsson,0.0
2018,williams,845,Sirotkin,0.0
2018,williams,840,Stroll,0.0
2018,mclaren,838,Vandoorne,0.0
2018,red_bull,830,Verstappen,0.0
2018,sauber,844,Leclerc,0.0
2018,ferrari,20,Vettel,25.0
2018,mercedes,1,Hamilton,18.0
2018,red_bull,830,Verstappen,15.0
2018,mercedes,822,Bottas,12.0
2018,force_india,815,Pérez,10.0
2018,force_india,839,Ocon,8.0
2018,haas,154,Grosjean,6.0
2018,haas,825,Magnussen,4.0
2018,toro_rosso,842,Gasly,2.0
2018,sauber,828,Ericsson,1.0
2018,renault,832,Sainz,0.0
2018,williams,845,Sirotkin,0.0
2018,williams,840,Stroll,0.0
2018,toro_rosso,843,Hartley,0.0
2018,mclaren,838,Vandoorne,0.0
2018,red_bull,817,Ricciardo,0.0
2018,ferrari,8,Räikkönen,0.0
2018,sauber,844,Leclerc,0.0
2018,mclaren,4,Alonso,0.0
2018,renault,807,Hülkenberg,0.0
2018,mercedes,1,Hamilton,25.0
2018,ferrari,8,Räikkönen,18.0
2018,mercedes,822,Bottas,15.0
2018,ferrari,20,Vettel,12.0
2018,red_bull,830,Verstappen,10.0
2018,force_india,839,Ocon,8.0
2018,force_india,815,Pérez,6.0
2018,renault,832,Sainz,4.0
2018,williams,840,Stroll,2.0
2018,williams,845,Sirotkin,1.0
2018,sauber,844,Leclerc,0.0
2018,mclaren,838,Vandoorne,0.0
2018,renault,807,Hülkenberg,0.0
2018,toro_rosso,842,Gasly,0.0
2018,sauber,828,Ericsson,0.0
2018,haas,825,Magnussen,0.0
2018,red_bull,817,Ricciardo,0.0
2018,mclaren,4,Alonso,0.0
2018,toro_rosso,843,Hartley,0.0
2018,haas,154,Grosjean,0.0
2018,mercedes,1,Hamilton,25.0
2018,red_bull,830,Verstappen,18.0
2018,ferrari,20,Vettel,15.0
2018,mercedes,822,Bottas,12.0
2018,ferrari,8,Räikkönen,10.0
2018,red_bull,817,Ricciardo,8.0
2018,mclaren,4,Alonso,6.0
2018,renault,832,Sainz,4.0
2018,sauber,844,Leclerc,2.0
2018,renault,807,Hülkenberg,1.0
2018,sauber,828,Ericsson,0.0
2018,mclaren,838,Vandoorne,0.0
2018,toro_rosso,842,Gasly,0.0
2018,williams,840,Stroll,0.0
2018,haas,154,Grosjean,0.0
2018,force_india,815,Pérez,0.0
2018,toro_rosso,843,Hartley,0.0
2018,haas,825,Magnussen,0.0
2018,williams,845,Sirotkin,0.0
2018,force_india,839,Ocon,0.0
2018,mercedes,1,Hamilton,25.0
2018,mercedes,822,Bottas,18.0
2018,ferrari,20,Vettel,15.0
2018,ferrari,8,Räikkönen,12.0
2018,red_bull,830,Verstappen,10.0
2018,red_bull,817,Ricciardo,8.0
2018,sauber,844,Leclerc,6.0
2018,haas,825,Magnussen,4.0
2018,force_india,839,Ocon,2.0
2018,force_india,815,Pérez,1.0
2018,haas,154,Grosjean,0.0
2018,renault,807,Hülkenberg,0.0
2018,sauber,828,Ericsson,0.0
2018,mclaren,4,Alonso,0.0
2018,williams,840,Stroll,0.0
2018,mclaren,838,Vandoorne,0.0
2018,renault,832,Sainz,0.0
2018,williams,845,Sirotkin,0.0
2018,toro_rosso,842,Gasly,0.0
2018,toro_rosso,843,Hartley,0.0
2018,mercedes,1,Hamilton,25.0
2018,mercedes,822,Bottas,18.0
2018,red_bull,830,Verstappen,15.0
2018,red_bull,817,Ricciardo,12.0
2018,ferrari,8,Räikkönen,10.0
2018,ferrari,20,Vettel,8.0
2018,force_india,815,Pérez,6.0
2018,haas,154,Grosjean,4.0
2018,force_india,839,Ocon,2.0
2018,renault,832,Sainz,1.0
2018,toro_rosso,842,Gasly,0.0
2018,sauber,828,Ericsson,0.0
2018,toro_rosso,843,Hartley,0.0
2018,mclaren,4,Alonso,0.0
2018,mclaren,838,Vandoorne,0.0
2018,williams,845,Sirotkin,0.0
2018,williams,840,Stroll,0.0
2018,sauber,844,Leclerc,0.0
2018,renault,807,Hülkenberg,0.0
2018,haas,825,Magnussen,0.0
2018,ferrari,8,Räikkönen,25.0
2018,red_bull,830,Verstappen,18.0
2018,mercedes,1,Hamilton,15.0
2018,ferrari,20,Vettel,12.0
2018,mercedes,822,Bottas,10.0
2018,renault,807,Hülkenberg,8.0
2018,renault,832,Sainz,6.0
2018,force_india,815,Pérez,4.0
2018,toro_rosso,843,Hartley,2.0
2018,sauber,828,Ericsson,1.0
2018,mclaren,838,Vandoorne,0.0
2018,toro_rosso,842,Gasly,0.0
2018,williams,845,Sirotkin,0.0
2018,williams,840,Stroll,0.0
2018,sauber,844,Leclerc,0.0
2018,red_bull,817,Ricciardo,0.0
2018,haas,154,Grosjean,0.0
2018,mclaren,4,Alonso,0.0
2018,force_india,839,Ocon,0.0
2018,haas,825,Magnussen,0.0
2018,red_bull,830,Verstappen,25.0
2018,ferrari,20,Vettel,18.0
2018,ferrari,8,Räikkönen,15.0
2018,mercedes,1,Hamilton,12.0
2018,mercedes,822,Bottas,10.0
2018,renault,807,Hülkenberg,8.0
2018,sauber,844,Leclerc,6.0
2018,mclaren,838,Vandoorne,4.0
2018,sauber,828,Ericsson,2.0
2018,toro_rosso,842,Gasly,1.0
2018,force_india,839,Ocon,0.0
2018,williams,840,Stroll,0.0
2018,williams,845,Sirotkin,0.0
2018,toro_rosso,843,Hartley,0.0
2018,haas,825,Magnussen,0.0
2018,haas,154,Grosjean,0.0
2018,red_bull,817,Ricciardo,0.0
2018,force_india,815,Pérez,0.0
2018,renault,832,Sainz,0.0
2018,mclaren,4,Alonso,0.0
2018,mercedes,1,Hamilton,25.0
2018,red_bull,830,Verstappen,18.0
2018,ferrari,8,Räikkönen,15.0
2018,red_bull,817,Ricciardo,12.0
2018,mercedes,822,Bottas,10.0
2018,ferrari,20,Vettel,8.0
2018,sauber,844,Leclerc,6.0
2018,haas,154,Grosjean,4.0
2018,haas,825,Magnussen,2.0
2018,force_india,815,Pérez,1.0
2018,toro_rosso,843,Hartley,0.0
2018,renault,832,Sainz,0.0
2018,toro_rosso,842,Gasly,0.0
2018,mclaren,838,Vandoorne,0.0
2018,force_india,839,Ocon,0.0
2018,williams,845,Sirotkin,0.0
2018,mclaren,4,Alonso,0.0
2018,williams,840,Stroll,0.0
2018,renault,807,Hülkenberg,0.0
2018,sauber,828,Ericsson,0.0
2018,mercedes,1,Hamilton,25.0
2018,ferrari,20,Vettel,18.0
2018,red_bull,830,Verstappen,15.0
2018,red_bull,817,Ricciardo,12.0
2018,mercedes,822,Bottas,10.0
2018,renault,832,Sainz,8.0
2018,sauber,844,Leclerc,6.0
2018,force_india,815,Pérez,4.0
2018,haas,154,Grosjean,2.0
2018,haas,825,Magnussen,1.0
2018,mclaren,4,Alonso,0.0
2018,toro_rosso,843,Hartley,0.0
2018,williams,840,Stroll,0.0
2018,mclaren,838,Vandoorne,0.0
2018,williams,845,Sirotkin,0.0
2018,toro_rosso,842,Gasly,0.0
2018,force_india,839,Ocon,0.0
2018,sauber,828,Ericsson,0.0
2018,ferrari,8,Räikkönen,0.0
2018,renault,807,Hülkenberg,0.0
2019,mercedes,822,Bottas,26.0
2019,mercedes,1,Hamilton,18.0
2019,red_bull,830,Verstappen,15.0
2019,ferrari,20,Vettel,12.0
2019,ferrari,844,Leclerc,10.0
2019,haas,825,Magnussen,8.0
2019,renault,807,Hülkenberg,6.0
2019,alfa,8,Räikkönen,4.0
2019,racing_point,840,Stroll,2.0
2019,toro_rosso,826,Kvyat,1.0
2019,red_bull,842,Gasly,0.0
2019,mclaren,846,Norris,0.0
2019,racing_point,815,Pérez,0.0
2019,toro_rosso,848,Albon,0.0
2019,alfa,841,Giovinazzi,0.0
2019,williams,847,Russell,0.0
2019,williams,9,Kubica,0.0
2019,haas,154,Grosjean,0.0
2019,renault,817,Ricciardo,0.0
2019,mclaren,832,Sainz,0.0
2019,mercedes,1,Hamilton,25.0
2019,mercedes,822,Bottas,18.0
2019,ferrari,844,Leclerc,16.0
2019,red_bull,830,Verstappen,12.0
2019,ferrari,20,Vettel,10.0
2019,mclaren,846,Norris,8.0
2019,alfa,8,Räikkönen,6.0
2019,red_bull,842,Gasly,4.0
2019,toro_rosso,848,Albon,2.0
2019,racing_point,815,Pérez,1.0
2019,alfa,841,Giovinazzi,0.0
2019,toro_rosso,826,Kvyat,0.0
2019,haas,825,Magnussen,0.0
2019,racing_point,840,Stroll,0.0
2019,williams,847,Russell,0.0
2019,williams,9,Kubica,0.0
2019,renault,807,Hülkenberg,0.0
2019,renault,817,Ricciardo,0.0
2019,mclaren,832,Sainz,0.0
2019,haas,154,Grosjean,0.0
2019,mercedes,1,Hamilton,25.0
2019,mercedes,822,Bottas,18.0
2019,ferrari,20,Vettel,15.0
2019,red_bull,830,Verstappen,12.0
2019,ferrari,844,Leclerc,10.0
2019,red_bull,842,Gasly,9.0
2019,renault,817,Ricciardo,6.0
2019,racing_point,815,Pérez,4.0
2019,alfa,8,Räikkönen,2.0
2019,toro_rosso,848,Albon,1.0
2019,haas,154,Grosjean,0.0
2019,racing_point,840,Stroll,0.0
2019,haas,825,Magnussen,0.0
2019,mclaren,832,Sainz,0.0
2019,alfa,841,Giovinazzi,0.0
2019,williams,847,Russell,0.0
2019,williams,9,Kubica,0.0
2019,mclaren,846,Norris,0.0
2019,toro_rosso,826,Kvyat,0.0
2019,renault,807,Hülkenberg,0.0
2019,mercedes,822,Bottas,25.0
2019,mercedes,1,Hamilton,18.0
2019,ferrari,20,Vettel,15.0
2019,red_bull,830,Verstappen,12.0
2019,ferrari,844,Leclerc,11.0
2019,racing_point,815,Pérez,8.0
2019,mclaren,832,Sainz,6.0
2019,mclaren,846,Norris,4.0
2019,racing_point,840,Stroll,2.0
2019,alfa,8,Räikkönen,1.0
2019,toro_rosso,848,Albon,0.0
2019,alfa,841,Giovinazzi,0.0
2019,haas,825,Magnussen,0.0
2019,renault,807,Hülkenberg,0.0
2019,williams,847,Russell,0.0
2019,williams,9,Kubica,0.0
2019,red_bull,842,Gasly,0.0
2019,haas,154,Grosjean,0.0
2019,toro_rosso,826,Kvyat,0.0
2019,renault,817,Ricciardo,0.0
2019,mercedes,1,Hamilton,26.0
2019,mercedes,822,Bottas,18.0
2019,red_bull,830,Verstappen,15.0
2019,ferrari,20,Vettel,12.0
2019,ferrari,844,Leclerc,10.0
2019,red_bull,842,Gasly,8.0
2019,haas,825,Magnussen,6.0
2019,mclaren,832,Sainz,4.0
2019,toro_rosso,826,Kvyat,2.0
2019,haas,154,Grosjean,1.0
2019,toro_rosso,848,Albon,0.0
2019,renault,817,Ricciardo,0.0
2019,renault,807,Hülkenberg,0.0
2019,alfa,8,Räikkönen,0.0
2019,racing_point,815,Pérez,0.0
2019,alfa,841,Giovinazzi,0.0
2019,williams,847,Russell,0.0
2019,williams,9,Kubica,0.0
2019,racing_point,840,Stroll,0.0
2019,mclaren,846,Norris,0.0
2019,mercedes,1,Hamilton,25.0
2019,ferrari,20,Vettel,18.0
2019,mercedes,822,Bottas,15.0
2019,red_bull,830,Verstappen,12.0
2019,red_bull,842,Gasly,11.0
2019,mclaren,832,Sainz,8.0
2019,toro_rosso,826,Kvyat,6.0
2019,toro_rosso,848,Albon,4.0
2019,renault,817,Ricciardo,2.0
2019,haas,154,Grosjean,1.0
2019,mclaren,846,Norris,0.0
2019,haas,825,Magnussen,0.0
2019,racing_point,815,Pérez,0.0
2019,renault,807,Hülkenberg,0.0
2019,williams,847,Russell,0.0
2019,racing_point,840,Stroll,0.0
2019,alfa,8,Räikkönen,0.0
2019,williams,9,Kubica,0.0
2019,alfa,841,Giovinazzi,0.0
2019,ferrari,844,Leclerc,0.0
2019,mercedes,1,Hamilton,25.0
2019,ferrari,20,Vettel,18.0
2019,ferrari,844,Leclerc,15.0
2019,mercedes,822,Bottas,13.0
2019,red_bull,830,Verstappen,10.0
2019,renault,817,Ricciardo,8.0
2019,renault,807,Hülkenberg,6.0
2019,red_bull,842,Gasly,4.0
2019,racing_point,840,Stroll,2.0
2019,toro_rosso,826,Kvyat,1.0
2019,mclaren,832,Sainz,0.0
2019,racing_point,815,Pérez,0.0
2019,alfa,841,Giovinazzi,0.0
2019,haas,154,Grosjean,0.0
2019,alfa,8,Räikkönen,0.0
2019,williams,847,Russell,0.0
2019,haas,825,Magnussen,0.0
2019,williams,9,Kubica,0.0
2019,toro_rosso,848,Albon,0.0
2019,mclaren,846,Norris,0.0
2019,mercedes,1,Hamilton,25.0
2019,mercedes,822,Bottas,18.0
2019,ferrari,844,Leclerc,15.0
2019,red_bull,830,Verstappen,12.0
2019,ferrari,20,Vettel,11.0
2019,mclaren,832,Sainz,8.0
2019,alfa,8,Räikkönen,6.0
2019,renault,807,Hülkenberg,4.0
2019,mclaren,846,Norris,2.0
2019,red_bull,842,Gasly,1.0
2019,renault,817,Ricciardo,0.0
2019,racing_point,815,Pérez,0.0
2019,racing_point,840,Stroll,0.0
2019,toro_rosso,826,Kvyat,0.0
2019,toro_rosso,848,Albon,0.0
2019,alfa,841,Giovinazzi,0.0
2019,haas,825,Magnussen,0.0
2019,williams,9,Kubica,0.0
2019,williams,847,Russell,0.0
2019,haas,154,Grosjean,0.0
2019,red_bull,830,Verstappen,26.0
2019,ferrari,844,Leclerc,18.0
2019,mercedes,822,Bottas,15.0
2019,ferrari,20,Vettel,12.0
2019,mercedes,1,Hamilton,10.0
2019,mclaren,846,Norris,8.0
2019,red_bull,842,Gasly,6.0
2019,mclaren,832,Sainz,4.0
2019,alfa,8,Räikkönen,2.0
2019,alfa,841,Giovinazzi,1.0
2019,racing_point,815,Pérez,0.0
2019,renault,817,Ricciardo,0.0
2019,renault,807,Hülkenberg,0.0
2019,racing_point,840,Stroll,0.0
2019,toro_rosso,848,Albon,0.0
2019,haas,154,Grosjean,0.0
2019,toro_rosso,826,Kvyat,0.0
2019,williams,847,Russell,0.0
2019,haas,825,Magnussen,0.0
2019,williams,9,Kubica,0.0
2019,mercedes,1,Hamilton,26.0
2019,mercedes,822,Bottas,18.0
2019,ferrari,844,Leclerc,15.0
2019,red_bull,842,Gasly,12.0
2019,red_bull,830,Verstappen,10.0
2019,mclaren,832,Sainz,8.0
2019,renault,817,Ricciardo,6.0
2019,alfa,8,Räikkönen,4.0
2019,toro_rosso,826,Kvyat,2.0
2019,renault,807,Hülkenberg,1.0
2019,mclaren,846,Norris,0.0
2019,toro_rosso,848,Albon,0.0
2019,racing_point,840,Stroll,0.0
2019,williams,847,Russell,0.0
2019,williams,9,Kubica,0.0
2019,ferrari,20,Vettel,0.0
2019,racing_point,815,Pérez,0.0
2019,alfa,841,Giovinazzi,0.0
2019,haas,154,Grosjean,0.0
2019,haas,825,Magnussen,0.0
2019,red_bull,830,Verstappen,26.0
2019,ferrari,20,Vettel,18.0
2019,toro_rosso,826,Kvyat,15.0
2019,racing_point,840,Stroll,12.0
2019,mclaren,832,Sainz,10.0
2019,toro_rosso,848,Albon,8.0
2019,haas,154,Grosjean,6.0
2019,haas,825,Magnussen,4.0
2019,mercedes,1,Hamilton,2.0
2019,williams,9,Kubica,1.0
2019,williams,847,Russell,0.0
2019,alfa,8,Räikkönen,0.0
2019,alfa,841,Giovinazzi,0.0
2019,red_bull,842,Gasly,0.0
2019,mercedes,822,Bottas,0.0
2019,renault,807,Hülkenberg,0.0
2019,ferrari,844,Leclerc,0.0
2019,mclaren,846,Norris,0.0
2019,renault,817,Ricciardo,0.0
2019,racing_point,815,Pérez,0.0
2019,mercedes,1,Hamilton,25.0
2019,red_bull,830,Verstappen,19.0
2019,ferrari,20,Vettel,15.0
2019,ferrari,844,Leclerc,12.0
2019,mclaren,832,Sainz,10.0
2019,red_bull,842,Gasly,8.0
2019,alfa,8,Räikkönen,6.0
2019,mercedes,822,Bottas,4.0
2019,mclaren,846,Norris,2.0
2019,toro_rosso,848,Albon,1.0
2019,racing_point,815,Pérez,0.0
2019,renault,807,Hülkenberg,0.0
2019,haas,825,Magnussen,0.0
2019,renault,817,Ricciardo,0.0
2019,toro_rosso,826,Kvyat,0.0
2019,williams,847,Russell,0.0
2019,racing_point,840,Stroll,0.0
2019,alfa,841,Giovinazzi,0.0
2019,williams,9,Kubica,0.0
2019,haas,154,Grosjean,0.0
2019,ferrari,844,Leclerc,25.0
2019,mercedes,1,Hamilton,18.0
2019,mercedes,822,Bottas,15.0
2019,ferrari,20,Vettel,13.0
2019,red_bull,848,Albon,10.0
2019,racing_point,815,Pérez,8.0
2019,toro_rosso,826,Kvyat,6.0
2019,renault,807,Hülkenberg,4.0
2019,toro_rosso,842,Gasly,2.0
2019,racing_point,840,Stroll,1.0
2019,mclaren,846,Norris,0.0
2019,haas,825,Magnussen,0.0
2019,haas,154,Grosjean,0.0
2019,renault,817,Ricciardo,0.0
2019,williams,847,Russell,0.0
2019,alfa,8,Räikkönen,0.0
2019,williams,9,Kubica,0.0
2019,alfa,841,Giovinazzi,0.0
2019,mclaren,832,Sainz,0.0
2019,red_bull,830,Verstappen,0.0
2019,ferrari,844,Leclerc,25.0
2019,mercedes,822,Bottas,18.0
2019,mercedes,1,Hamilton,16.0
2019,renault,817,Ricciardo,12.0
2019,renault,807,Hülkenberg,10.0
2019,red_bull,848,Albon,8.0
2019,racing_point,815,Pérez,6.0
2019,red_bull,830,Verstappen,4.0
2019,alfa,841,Giovinazzi,2.0
2019,mclaren,846,Norris,1.0
2019,toro_rosso,842,Gasly,0.0
2019,racing_point,840,Stroll,0.0
2019,ferrari,20,Vettel,0.0
2019,williams,847,Russell,0.0
2019,alfa,8,Räikkönen,0.0
2019,haas,154,Grosjean,0.0
2019,williams,9,Kubica,0.0
2019,haas,825,Magnussen,0.0
2019,toro_rosso,826,Kvyat,0.0
2019,mclaren,832,Sainz,0.0
2019,ferrari,20,Vettel,25.0
2019,ferrari,844,Leclerc,18.0
2019,red_bull,830,Verstappen,15.0
2019,mercedes,1,Hamilton,12.0
2019,mercedes,822,Bottas,10.0
2019,red_bull,848,Albon,8.0
2019,mclaren,846,Norris,6.0
2019,toro_rosso,842,Gasly,4.0
2019,renault,807,Hülkenberg,2.0
2019,alfa,841,Giovinazzi,1.0
2019,haas,154,Grosjean,0.0
2019,mclaren,832,Sainz,0.0
2019,racing_point,840,Stroll,0.0
2019,renault,817,Ricciardo,0.0
2019,toro_rosso,826,Kvyat,0.0
2019,williams,9,Kubica,0.0
2019,haas,825,Magnussen,0.0
2019,alfa,8,Räikkönen,0.0
2019,racing_point,815,Pérez,0.0
2019,williams,847,Russell,0.0
2019,mercedes,1,Hamilton,26.0
2019,mercedes,822,Bottas,18.0
2019,ferrari,844,Leclerc,15.0
2019,red_bull,830,Verstappen,12.0
2019,red_bull,848,Albon,10.0
2019,mclaren,832,Sainz,8.0
2019,racing_point,815,Pérez,6.0
2019,mclaren,846,Norris,4.0
2019,haas,825,Magnussen,2.0
2019,renault,807,Hülkenberg,1.0
2019,racing_point,840,Stroll,0.0
2019,toro_rosso,826,Kvyat,0.0
2019,alfa,8,Räikkönen,0.0
2019,toro_rosso,842,Gasly,0.0
2019,alfa,841,Giovinazzi,0.0
2019,williams,9,Kubica,0.0
2019,williams,847,Russell,0.0
2019,ferrari,20,Vettel,0.0
2019,renault,817,Ricciardo,0.0
2019,haas,154,Grosjean,0.0
2019,mercedes,822,Bottas,25.0
2019,ferrari,20,Vettel,18.0
2019,mercedes,1,Hamilton,16.0
2019,red_bull,848,Albon,12.0
2019,mclaren,832,Sainz,10.0
2019,ferrari,844,Leclerc,8.0
2019,toro_rosso,842,Gasly,6.0
2019,racing_point,815,Pérez,4.0
2019,racing_point,840,Stroll,2.0
2019,toro_rosso,826,Kvyat,1.0
2019,mclaren,846,Norris,0.0
2019,alfa,8,Räikkönen,0.0
2019,haas,154,Grosjean,0.0
2019,alfa,841,Giovinazzi,0.0
2019,haas,825,Magnussen,0.0
2019,williams,847,Russell,0.0
2019,williams,9,Kubica,0.0
2019,red_bull,830,Verstappen,0.0
2019,renault,817,Ricciardo,0.0
2019,renault,807,Hülkenberg,0.0
2019,mercedes,1,Hamilton,25.0
2019,ferrari,20,Vettel,18.0
2019,mercedes,822,Bottas,15.0
2019,ferrari,844,Leclerc,13.0
2019,red_bull,848,Albon,10.0
2019,red_bull,830,Verstappen,8.0
2019,racing_point,815,Pérez,6.0
2019,renault,817,Ricciardo,4.0
2019,toro_rosso,842,Gasly,2.0
2019,renault,807,Hülkenberg,1.0
2019,toro_rosso,826,Kvyat,0.0
2019,racing_point,840,Stroll,0.0
2019,mclaren,832,Sainz,0.0
2019,alfa,841,Giovinazzi,0.0
2019,haas,825,Magnussen,0.0
2019,williams,847,Russell,0.0
2019,haas,154,Grosjean,0.0
2019,williams,9,Kubica,0.0
2019,alfa,8,Räikkönen,0.0
2019,mclaren,846,Norris,0.0
2020,mercedes,822,Bottas,25.0
2019,mercedes,822,Bottas,25.0
2019,mercedes,1,Hamilton,18.0
2019,red_bull,830,Verstappen,15.0
2019,ferrari,844,Leclerc,13.0
2019,red_bull,848,Albon,10.0
2019,renault,817,Ricciardo,8.0
2019,mclaren,846,Norris,6.0
2019,mclaren,832,Sainz,4.0
2019,renault,807,Hülkenberg,2.0
2019,racing_point,815,Pérez,1.0
2019,alfa,8,Räikkönen,0.0
2019,toro_rosso,826,Kvyat,0.0
2019,racing_point,840,Stroll,0.0
2019,alfa,841,Giovinazzi,0.0
2019,haas,154,Grosjean,0.0
2019,toro_rosso,842,Gasly,0.0
2019,williams,847,Russell,0.0
2019,haas,825,Magnussen,0.0
2019,williams,9,Kubica,0.0
2019,ferrari,20,Vettel,0.0
2019,red_bull,830,Verstappen,25.0
2019,toro_rosso,842,Gasly,18.0
2019,mclaren,832,Sainz,15.0
2019,alfa,8,Räikkönen,12.0
2019,alfa,841,Giovinazzi,10.0
2019,renault,817,Ricciardo,8.0
2019,mercedes,1,Hamilton,6.0
2019,mclaren,846,Norris,4.0
2019,racing_point,815,Pérez,2.0
2019,toro_rosso,826,Kvyat,1.0
2019,haas,825,Magnussen,0.0
2019,williams,847,Russell,0.0
2019,haas,154,Grosjean,0.0
2019,red_bull,848,Albon,0.0
2019,renault,807,Hülkenberg,0.0
2019,williams,9,Kubica,0.0
2019,ferrari,20,Vettel,0.0
2019,ferrari,844,Leclerc,0.0
2019,racing_point,840,Stroll,0.0
2019,mercedes,822,Bottas,0.0
2019,mercedes,1,Hamilton,26.0
2019,red_bull,830,Verstappen,18.0
2019,ferrari,844,Leclerc,15.0
2019,mercedes,822,Bottas,12.0
2019,ferrari,20,Vettel,10.0
2019,red_bull,848,Albon,8.0
2019,racing_point,815,Pérez,6.0
2019,mclaren,846,Norris,4.0
2019,toro_rosso,826,Kvyat,2.0
2019,mclaren,832,Sainz,1.0
2019,renault,817,Ricciardo,0.0
2019,renault,807,Hülkenberg,0.0
2019,alfa,8,Räikkönen,0.0
2019,haas,825,Magnussen,0.0
2019,haas,154,Grosjean,0.0
2019,alfa,841,Giovinazzi,0.0
2019,williams,847,Russell,0.0
2019,toro_rosso,842,Gasly,0.0
2019,williams,9,Kubica,0.0
2019,racing_point,840,Stroll,0.0
2020,ferrari,844,Leclerc,18.0
2020,mclaren,846,Norris,16.0
2020,mercedes,1,Hamilton,12.0
2020,mclaren,832,Sainz,10.0
2020,racing_point,815,Pérez,8.0
2020,alphatauri,842,Gasly,6.0
2020,renault,839,Ocon,4.0
2020,alfa,841,Giovinazzi,2.0
2020,ferrari,20,Vettel,1.0
2020,williams,849,Latifi,0.0
2020,alphatauri,826,Kvyat,0.0
2020,red_bull,848,Albon,0.0
2020,alfa,8,Räikkönen,0.0
2020,williams,847,Russell,0.0
2020,haas,154,Grosjean,0.0
2020,haas,825,Magnussen,0.0
2020,racing_point,840,Stroll,0.0
2020,renault,817,Ricciardo,0.0
2020,red_bull,830,Verstappen,0.0
2020,mercedes,1,Hamilton,25.0
2020,mercedes,822,Bottas,18.0
2020,red_bull,830,Verstappen,15.0
2020,red_bull,848,Albon,12.0
2020,mclaren,846,Norris,10.0
2020,racing_point,815,Pérez,8.0
2020,racing_point,840,Stroll,6.0
2020,renault,817,Ricciardo,4.0
2020,mclaren,832,Sainz,3.0
2020,alphatauri,826,Kvyat,1.0
2020,alfa,8,Räikkönen,0.0
2020,haas,825,Magnussen,0.0
2020,haas,154,Grosjean,0.0
2020,alfa,841,Giovinazzi,0.0
2020,alphatauri,842,Gasly,0.0
2020,williams,847,Russell,0.0
2020,williams,849,Latifi,0.0
2020,renault,839,Ocon,0.0
2020,ferrari,844,Leclerc,0.0
2020,ferrari,20,Vettel,0.0
2020,mercedes,1,Hamilton,26.0
2020,red_bull,830,Verstappen,18.0
2020,mercedes,822,Bottas,15.0
2020,racing_point,840,Stroll,12.0
2020,red_bull,848,Albon,10.0
2020,ferrari,20,Vettel,8.0
2020,racing_point,815,Pérez,6.0
2020,renault,817,Ricciardo,4.0
2020,mclaren,832,Sainz,2.0
2020,haas,825,Magnussen,1.0
2020,ferrari,844,Leclerc,0.0
2020,alphatauri,826,Kvyat,0.0
2020,mclaren,846,Norris,0.0
2020,renault,839,Ocon,0.0
2020,alfa,8,Räikkönen,0.0
2020,haas,154,Grosjean,0.0
2020,alfa,841,Giovinazzi,0.0
2020,williams,847,Russell,0.0
2020,williams,849,Latifi,0.0
2020,alphatauri,842,Gasly,0.0
2020,mercedes,1,Hamilton,25.0
2020,red_bull,830,Verstappen,19.0
2020,ferrari,844,Leclerc,15.0
2020,renault,817,Ricciardo,12.0
2020,mclaren,846,Norris,10.0
2020,renault,839,Ocon,8.0
2020,alphatauri,842,Gasly,6.0
2020,red_bull,848,Albon,4.0
2020,racing_point,840,Stroll,2.0
2020,ferrari,20,Vettel,1.0
2020,mercedes,822,Bottas,0.0
2020,williams,847,Russell,0.0
2020,mclaren,832,Sainz,0.0
2020,alfa,841,Giovinazzi,0.0
2020,williams,849,Latifi,0.0
2020,haas,154,Grosjean,0.0
2020,alfa,8,Räikkönen,0.0
2020,alphatauri,826,Kvyat,0.0
2020,haas,825,Magnussen,0.0
2020,racing_point,807,Hülkenberg,0.0
2020,red_bull,830,Verstappen,25.0
2020,mercedes,1,Hamilton,19.0
2020,mercedes,822,Bottas,15.0
2020,ferrari,844,Leclerc,12.0
2020,red_bull,848,Albon,10.0
2020,racing_point,840,Stroll,8.0
2020,racing_point,807,Hülkenberg,6.0
2020,renault,839,Ocon,4.0
2020,mclaren,846,Norris,2.0
2020,alphatauri,826,Kvyat,1.0
2020,alphatauri,842,Gasly,0.0
2020,ferrari,20,Vettel,0.0
2020,mclaren,832,Sainz,0.0
2020,renault,817,Ricciardo,0.0
2020,alfa,8,Räikkönen,0.0
2020,haas,154,Grosjean,0.0
2020,alfa,841,Giovinazzi,0.0
2020,williams,847,Russell,0.0
2020,williams,849,Latifi,0.0
2020,haas,825,Magnussen,0.0
2020,mercedes,1,Hamilton,25.0
2020,red_bull,830,Verstappen,18.0
2020,mercedes,822,Bottas,16.0
2020,racing_point,840,Stroll,12.0
2020,racing_point,815,Pérez,10.0
2020,mclaren,832,Sainz,8.0
2020,ferrari,20,Vettel,6.0
2020,red_bull,848,Albon,4.0
2020,alphatauri,842,Gasly,2.0
2020,mclaren,846,Norris,1.0
2020,renault,817,Ricciardo,0.0
2020,alphatauri,826,Kvyat,0.0
2020,renault,839,Ocon,0.0
2020,alfa,8,Räikkönen,0.0
2020,haas,825,Magnussen,0.0
2020,alfa,841,Giovinazzi,0.0
2020,williams,847,Russell,0.0
2020,williams,849,Latifi,0.0
2020,haas,154,Grosjean,0.0
2020,ferrari,844,Leclerc,0.0
2020,mercedes,1,Hamilton,25.0
2020,mercedes,822,Bottas,18.0
2020,red_bull,830,Verstappen,15.0
2020,renault,817,Ricciardo,13.0
2020,renault,839,Ocon,10.0
2020,red_bull,848,Albon,8.0
2020,mclaren,846,Norris,6.0
2020,alphatauri,842,Gasly,4.0
2020,racing_point,840,Stroll,2.0
2020,racing_point,815,Pérez,1.0
2020,alphatauri,826,Kvyat,0.0
2020,alfa,8,Räikkönen,0.0
2020,ferrari,20,Vettel,0.0
2020,ferrari,844,Leclerc,0.0
2020,haas,154,Grosjean,0.0
2020,williams,849,Latifi,0.0
2020,haas,825,Magnussen,0.0
2020,alfa,841,Giovinazzi,0.0
2020,williams,847,Russell,0.0
2020,mclaren,832,Sainz,0.0
2020,alphatauri,842,Gasly,25.0
2020,mclaren,832,Sainz,18.0
2020,racing_point,840,Stroll,15.0
2020,mclaren,846,Norris,12.0
2020,mercedes,822,Bottas,10.0
2020,renault,817,Ricciardo,8.0
2020,mercedes,1,Hamilton,7.0
2020,renault,839,Ocon,4.0
2020,alphatauri,826,Kvyat,2.0
2020,racing_point,815,Pérez,1.0
2020,williams,849,Latifi,0.0
2020,haas,154,Grosjean,0.0
2020,alfa,8,Räikkönen,0.0
2020,williams,847,Russell,0.0
2020,red_bull,848,Albon,0.0
2020,alfa,841,Giovinazzi,0.0
2020,red_bull,830,Verstappen,0.0
2020,ferrari,844,Leclerc,0.0
2020,haas,825,Magnussen,0.0
2020,ferrari,20,Vettel,0.0
2020,mercedes,1,Hamilton,26.0
2020,mercedes,822,Bottas,18.0
2020,red_bull,848,Albon,15.0
2020,renault,817,Ricciardo,12.0
2020,racing_point,815,Pérez,10.0
2020,mclaren,846,Norris,8.0
2020,alphatauri,826,Kvyat,6.0
2020,ferrari,844,Leclerc,4.0
2020,alfa,8,Räikkönen,2.0
2020,ferrari,20,Vettel,1.0
2020,williams,847,Russell,0.0
2020,haas,154,Grosjean,0.0
2020,racing_point,840,Stroll,0.0
2020,renault,839,Ocon,0.0
2020,williams,849,Latifi,0.0
2020,haas,825,Magnussen,0.0
2020,alfa,841,Giovinazzi,0.0
2020,mclaren,832,Sainz,0.0
2020,red_bull,830,Verstappen,0.0
2020,alphatauri,842,Gasly,0.0
2020,mercedes,822,Bottas,26.0
2020,red_bull,830,Verstappen,18.0
2020,mercedes,1,Hamilton,15.0
2020,racing_point,815,Pérez,12.0
2020,renault,817,Ricciardo,10.0
2020,ferrari,844,Leclerc,8.0
2020,renault,839,Ocon,6.0
2020,alphatauri,826,Kvyat,4.0
2020,alphatauri,842,Gasly,2.0
2020,red_bull,848,Albon,1.0
2020,alfa,841,Giovinazzi,0.0
2020,haas,825,Magnussen,0.0
2020,ferrari,20,Vettel,0.0
2020,alfa,8,Räikkönen,0.0
2020,mclaren,846,Norris,0.0
2020,williams,849,Latifi,0.0
2020,haas,154,Grosjean,0.0
2020,williams,847,Russell,0.0
2020,mclaren,832,Sainz,0.0
2020,racing_point,840,Stroll,0.0
2020,mercedes,1,Hamilton,25.0
2020,red_bull,830,Verstappen,19.0
2020,renault,817,Ricciardo,15.0
2020,racing_point,815,Pérez,12.0
2020,mclaren,832,Sainz,10.0
2020,alphatauri,842,Gasly,8.0
2020,ferrari,844,Leclerc,6.0
2020,racing_point,807,Hülkenberg,4.0
2020,haas,154,Grosjean,2.0
2020,alfa,841,Giovinazzi,1.0
2020,ferrari,20,Vettel,0.0
2020,alfa,8,Räikkönen,0.0
2020,haas,825,Magnussen,0.0
2020,williams,849,Latifi,0.0
2020,alphatauri,826,Kvyat,0.0
2020,mclaren,846,Norris,0.0
2020,red_bull,848,Albon,0.0
2020,renault,839,Ocon,0.0
2020,mercedes,822,Bottas,0.0
2020,williams,847,Russell,0.0
2020,mercedes,1,Hamilton,26.0
2020,mercedes,822,Bottas,18.0
2020,red_bull,830,Verstappen,15.0
2020,ferrari,844,Leclerc,12.0
2020,alphatauri,842,Gasly,10.0
2020,mclaren,832,Sainz,8.0
2020,racing_point,815,Pérez,6.0
2020,renault,839,Ocon,4.0
2020,renault,817,Ricciardo,2.0
2020,ferrari,20,Vettel,1.0
2020,alfa,8,Räikkönen,0.0
2020,red_bull,848,Albon,0.0
2020,mclaren,846,Norris,0.0
2020,williams,847,Russell,0.0
2020,alfa,841,Giovinazzi,0.0
2020,haas,825,Magnussen,0.0
2020,haas,154,Grosjean,0.0
2020,williams,849,Latifi,0.0
2020,alphatauri,826,Kvyat,0.0
2020,racing_point,840,Stroll,0.0
2020,mercedes,1,Hamilton,26.0
2020,mercedes,822,Bottas,18.0
2020,renault,817,Ricciardo,15.0
2020,alphatauri,826,Kvyat,12.0
2020,ferrari,844,Leclerc,10.0
2020,racing_point,815,Pérez,8.0
2020,mclaren,832,Sainz,6.0
2020,mclaren,846,Norris,4.0
2020,alfa,8,Räikkönen,2.0
2020,alfa,841,Giovinazzi,1.0
2020,williams,849,Latifi,0.0
2020,ferrari,20,Vettel,0.0
2020,racing_point,840,Stroll,0.0
2020,haas,154,Grosjean,0.0
2020,red_bull,848,Albon,0.0
2020,williams,847,Russell,0.0
2020,red_bull,830,Verstappen,0.0
2020,haas,825,Magnussen,0.0
2020,renault,839,Ocon,0.0
2020,alphatauri,842,Gasly,0.0
2020,mercedes,1,Hamilton,25.0
2020,racing_point,815,Pérez,18.0
2020,ferrari,20,Vettel,15.0
2020,ferrari,844,Leclerc,12.0
2020,mclaren,832,Sainz,10.0
2020,red_bull,830,Verstappen,8.0
2020,red_bull,848,Albon,6.0
2020,mclaren,846,Norris,5.0
2020,racing_point,840,Stroll,2.0
2020,renault,817,Ricciardo,1.0
2020,renault,839,Ocon,0.0
2020,alphatauri,826,Kvyat,0.0
2020,alphatauri,842,Gasly,0.0
2020,mercedes,822,Bottas,0.0
2020,alfa,8,Räikkönen,0.0
2020,williams,847,Russell,0.0
2020,haas,825,Magnussen,0.0
2020,haas,154,Grosjean,0.0
2020,williams,849,Latifi,0.0
2020,alfa,841,Giovinazzi,0.0
2020,mercedes,1,Hamilton,25.0
2020,red_bull,830,Verstappen,19.0
2020,red_bull,848,Albon,15.0
2020,mclaren,846,Norris,12.0
2020,mclaren,832,Sainz,10.0
2020,alphatauri,842,Gasly,8.0
2020,renault,817,Ricciardo,6.0
2020,mercedes,822,Bottas,4.0
2020,renault,839,Ocon,2.0
2020,ferrari,844,Leclerc,1.0
2020,alphatauri,826,Kvyat,0.0
2020,williams,847,Russell,0.0
2020,ferrari,20,Vettel,0.0
2020,williams,849,Latifi,0.0
2020,alfa,8,Räikkönen,0.0
2020,alfa,841,Giovinazzi,0.0
2020,haas,825,Magnussen,0.0
2020,racing_point,815,Pérez,0.0
2020,racing_point,840,Stroll,0.0
2020,haas,154,Grosjean,0.0
2020,racing_point,815,Pérez,25.0
2020,renault,839,Ocon,18.0
2020,racing_point,840,Stroll,15.0
2020,mclaren,832,Sainz,12.0
2020,renault,817,Ricciardo,10.0
2020,red_bull,848,Albon,8.0
2020,alphatauri,826,Kvyat,6.0
2020,mercedes,822,Bottas,4.0
2020,mercedes,847,Russell,3.0
2020,mclaren,846,Norris,1.0
2020,alphatauri,842,Gasly,0.0
2020,ferrari,20,Vettel,0.0
2020,alfa,841,Giovinazzi,0.0
2020,alfa,8,Räikkönen,0.0
2020,haas,825,Magnussen,0.0
2020,williams,851,Aitken,0.0
2020,haas,850,Fittipaldi,0.0
2020,williams,849,Latifi,0.0
2020,red_bull,830,Verstappen,0.0
2020,ferrari,844,Leclerc,0.0
2020,red_bull,830,Verstappen,25.0
2020,mercedes,822,Bottas,18.0
2020,mercedes,1,Hamilton,15.0
2020,red_bull,848,Albon,12.0
2020,mclaren,846,Norris,10.0
2020,mclaren,832,Sainz,8.0
2020,renault,817,Ricciardo,7.0
2020,alphatauri,842,Gasly,4.0
2020,renault,839,Ocon,2.0
2020,racing_point,840,Stroll,1.0
2020,alphatauri,826,Kvyat,0.0
2020,alfa,8,Räikkönen,0.0
2020,ferrari,844,Leclerc,0.0
2020,ferrari,20,Vettel,0.0
2020,williams,847,Russell,0.0
2020,alfa,841,Giovinazzi,0.0
2020,williams,849,Latifi,0.0
2020,haas,825,Magnussen,0.0
2020,haas,850,Fittipaldi,0.0
2020,racing_point,815,Pérez,0.0
